text,disease
"I feel terrible with hoarseness, loss of voice and tickling sensation in throat.",Laryngitis
"Doctor, I've had fever and headache for the past few days.",Rabies Exposure
"Noticed severe frequent sneezing, itchy watery eyes, clear runny nose",Allergic Rhinitis
I cannot sleep because of burning pain in hands and tingling sensations.,Peripheral Neuropathy
Experiencing nausea,Peptic Ulcer
"Doctor, I've had persistent cough, mucus production, mild fever",Bronchitis
"My main issues right now are dry cracked skin patches, red to brownish-gray patches and raw sensitive skin from scratching.",Eczema
"Woke up today with persistent excessive worry, restlessness and difficulty concentrating.",Generalized Anxiety Disorder
"Doctor, I've had irregular heartbeat, dizziness and extreme fatigue for the past few days.",Electrolyte Imbalance
I have temporary dizziness,Transient Ischemic Attack (TIA)
Feeling swollen ankles,Glomerulonephritis
"Experiencing chills, fatigue, headache",Influenza
I have hand weakness,Carpal Tunnel Syndrome
"I feel terrible with restlessness, muscle tension and irritability.",Generalized Anxiety Disorder
"Noticed severe hard dry stools, straining during bowel movements, feeling of incomplete evacuation",Constipation
Experiencing headache,Malaria
"I have morning headache, shortness of breath, nosebleeds and chest tightness, what could this be?",Hypertension
"Woke up today with fever, swollen lymph nodes in neck and enlarged spleen.",Mononucleosis
"Patient presenting with swelling in ankles and feet, persistent fatigue, nausea",Chronic Kidney Disease
I have sweating,Hyperthyroidism
Experiencing acute morning headache and blurred vision.,Hypertension
"I have shortness of breath, fatigue, pain radiating to jaw or left arm and lightheadedness, what could this be?",Coronary Artery Disease
"My main issues right now are increased thirst, slow-healing cuts and tingling in hands and feet.",Diabetes Type 2
"Experiencing severe upper abdominal pain radiating to back, nausea, rapid pulse",Pancreatitis
"Been having skin warm to touch, rapidly expanding redness, blisters over red area",Cellulitis
"Doctor, I've had sudden facial drooping, sudden severe headache and loss of balance for the past few days.",Stroke
"Experiencing sore throat, nasal congestion, mild headache",Common Cold
Feeling loss of appetite,Chickenpox
Experiencing acute confusion and extreme fatigue.,Electrolyte Imbalance
Experiencing shortness of breath,Angina Pectoris
"Suffering from dull ache when moving affected tendon, mild swelling, joint stiffness near shoulder elbow or heel",Tendinitis
Lately I have been feeling red swollen tonsils and painful swallowing.,Tonsillitis
"I have unexplained weight gain, constipation, muscle weakness",Hypothyroidism
"Been having acid regurgitation, chest burning, difficulty swallowing",GERD
"Noticed severe persistent diarrhea, weight loss, fatigue",Crohn's Disease
Feeling frequent sneezing,Allergic Rhinitis
"Experiencing acute extreme fatigue, fever, enlarged spleen and headache.",Mononucleosis
"Over the last 48 hours, I noticed upper abdominal pain and loss of appetite.",Gastritis
"I feel terrible with rapid dehydration, muscle cramps, sunken eyes and low blood pressure.",Cholera
"Clinical notes: Patient presenting with persistent excessive worry, difficulty concentrating and irritability.",Generalized Anxiety Disorder
"Doctor, I've had shortness of breath, fever, rapid shallow breathing",Pleural Effusion
"I have joint pain during or after movement, joint stiffness in mornings, loss of joint flexibility and bone spurs, what could this be?",Osteoarthritis
"I feel terrible with chronic fatigue, jaundice and loss of appetite.",Hepatitis C
Experiencing pain behind the eyes,Dengue Fever
"Noticed severe stooped posture, back pain caused by collapsed vertebra, bone fractures easily",Osteoporosis
"I have cold intolerance, dry skin, muscle weakness",Hypothyroidism
I have excessive daytime sleepiness,Sleep Apnea
"I've been dealing with high fever, shivering chills, nausea and vomiting and it is getting worse.",Pyelonephritis
"I have nausea and fatigue, what could this be?",Malaria
Experiencing sudden spinning sensation when turning head,Benign Paroxysmal Positional Vertigo
Feeling fainting episodes,Arrhythmia
"Over the last 48 hours, I noticed severe headache, joint and muscle ache and mild bleeding.",Dengue Fever
"Suffering from sudden shortness of breath, rapid heart rate, coughing blood and dizziness, need medical guidance.",Pulmonary Embolism
"Suffering from shortness of breath when lying flat, rapid weight gain from fluid and wheezing, need medical guidance.",Heart Failure
"Suffering from fatigue, abdominal pain, yellowing of skin and eyes",Hepatitis A
"Clinical notes: Patient presenting with joint pain during or after movement, loss of joint flexibility, grating sensation and bone spurs.",Osteoarthritis
"Noticed severe coughing blood, unexplained weight loss, chest pain",Tuberculosis
"Suffering from persistent fatigue, foamy urine, loss of appetite and metallic taste in mouth, need medical guidance.",Chronic Kidney Disease
"Feeling bloating, dark stools, unexplained weight loss",Peptic Ulcer
Experiencing skin rash,Dengue Fever
"Been having weight loss, mouth sores, rectal bleeding",Crohn's Disease
"Patient reports heartburn, acid regurgitation and difficulty swallowing with increasing discomfort.",GERD
"Noticed severe pink or red discoloration of eye, gritty feeling in eye, watery discharge",Conjunctivitis
"Patient reports runny nose, sore throat and nasal congestion with increasing discomfort.",Common Cold
Feeling rapid heart rate upon standing,Postural Orthostatic Tachycardia (POTS)
I feel terrible with persistent cough and mild fever.,Bronchitis
"Woke up today with persistent cough, mucus production, chest discomfort and wheezing.",Bronchitis
"I'm experiencing visual flashes, blind spots, tingling in face or hands and light sensitivity.",Migraine with Aura
"My main issues right now are high fever, red watery eyes and tiny white spots inside mouth.",Measles
"My main issues right now are vomiting, muscle cramps, sunken eyes and low blood pressure.",Cholera
"Suffering from chronic pelvic pain and persistent urgent need to urinate, need medical guidance.",Interstitial Cystitis
"It started yesterday with chronic cough, shortness of breath with exertion, excess sputum and wheezing.",COPD
I have abdominal tenderness,Diverticulitis
Experiencing dizziness,Hypertension
"My main issues right now are increased thirst, frequent nighttime urination, slow-healing cuts and darkened skin patches.",Diabetes Type 2
Lately I have been feeling nausea and tenderness to touch.,Pancreatitis
Experiencing burning localized pain,Shingles
"Experiencing swelling in ankles and feet, nausea, metallic taste in mouth",Chronic Kidney Disease
"Patient presenting with rapid heart rate, unintended weight loss, bulging eyes",Hyperthyroidism
Clinical notes: Patient presenting with persistent diarrhea and mouth sores.,Crohn's Disease
Feeling nausea,Migraine
"I feel terrible with cough, red watery eyes and tiny white spots inside mouth.",Measles
"Suffering from persistent excessive worry, muscle tension and difficulty concentrating, need medical guidance.",Generalized Anxiety Disorder
"Suffering from sudden intense terror, chest tightness, sweating and fear of losing control, need medical guidance.",Panic Disorder
Experiencing shortness of breath,Pneumonia
"I've been dealing with headache, constipation or diarrhea, rose-colored rash and extreme fatigue and it is getting worse.",Typhoid Fever
Experiencing burning sensation on skin,Urticaria
"Suffering from alternating diarrhea and constipation, mucus in stool, food intolerance",Irritable Bowel Syndrome
"My main issues right now are pain relieved by sitting up and leaning forward, fever and heart palpitations.",Pericarditis
Feeling faded colors,Cataract
"I have poor appetite, yellowing of skin and eyes, nausea",Hepatitis B
Experiencing dark urine,Hepatitis A
I have restlessness,Cluster Headache
"Experiencing acute tingling around bite site, anxiety and agitation.",Rabies Exposure
"Experiencing acute persistent fatigue, foamy urine and nausea.",Chronic Kidney Disease
"I have difficulty falling asleep, waking up during the night, daytime fatigue and difficulty concentrating, what could this be?",Insomnia Disorder
"Suffering from raised red itchy welts and burning sensation on skin, need medical guidance.",Urticaria
"Been having raised red itchy welts, swelling that changes shape and location, intense itching",Urticaria
"Over the last 48 hours, I noticed joint stiffness in mornings, loss of joint flexibility and grating sensation.",Osteoarthritis
"I have animal bite on skin, tingling around bite site and headache, what could this be?",Rabies Exposure
I feel terrible with muscle tension and irritability.,Generalized Anxiety Disorder
"Doctor, I've had abdominal cramping, gas, alternating diarrhea and constipation and mucus in stool for the past few days.",Irritable Bowel Syndrome
I cannot sleep because of emotional exhaustion and chronic physical fatigue.,Chronic Stress / Burnout
"Clinical notes: Patient presenting with sudden shortness of breath, sharp chest pain on breathing and coughing blood.",Pulmonary Embolism
"I cannot sleep because of fluttering in chest, slow heartbeat, dizziness and fainting episodes.",Arrhythmia
"I feel terrible with extreme thirst, frequent urination, fatigue and blurred vision.",Diabetes Type 1
"Suffering from sneezing, sore throat, nasal congestion and mild headache, need medical guidance.",Common Cold
Feeling fatigue,Major Depressive Disorder
Feeling persistent cough,Bronchitis
"Noticed severe vomiting, low-grade fever, rebound tenderness",Appendicitis
Experiencing emotional exhaustion,Chronic Stress / Burnout
I'm experiencing bumps and blisters and burning sensation.,Contact Dermatitis
I have gritty feeling in eye,Conjunctivitis
I have watery discharge,Conjunctivitis
"Noticed severe nausea, sound sensitivity, dizziness",Migraine
"Suffering from crushing chest pain, cold sweat and severe nausea, need medical guidance.",Heart Attack
I feel terrible with night sweats and unexplained weight loss.,Tuberculosis
"Doctor, I've had prolonged step-ladder fever, headache, stomach pain and rose-colored rash for the past few days.",Typhoid Fever
Lately I have been feeling fever and loss of appetite.,Chickenpox
"Clinical notes: Patient presenting with arm weakness, sudden severe headache and vision loss.",Stroke
"I have sweating, rapid heartbeat, blurred vision",Hypoglycemia
"Feeling sudden severe pain in upper right abdomen, pain radiating to right shoulder, nausea",Gallstones
I have low-grade fever,Appendicitis
"Feeling dry mouth, dizziness upon standing, sunken eyes",Dehydration
Experiencing acute severe sore throat and headache.,Mononucleosis
"Patient presenting with dry cracked skin that may bleed, itching or burning skin, pitted thickened nails",Psoriasis
It started yesterday with round coin-sized smooth bald patches on scalp and sudden hair loss.,Alopecia Areata
"Doctor, I've had sudden high fever, severe headache and pain behind the eyes for the past few days.",Dengue Fever
I have blood in urine,Acute Cystitis
"Patient presenting with rapid heart rate, heat intolerance, bulging eyes",Hyperthyroidism
It started yesterday with pink or red discoloration of eye and crusty eyelids in morning.,Conjunctivitis
"Suffering from heartburn, chest burning and chronic dry cough, need medical guidance.",GERD
"Experiencing severe upper abdominal pain radiating to back, nausea, fever",Pancreatitis
"Experiencing chest tightness during activity, fainting or dizziness upon standing, heart murmur",Aortic Stenosis
"Experiencing chronic diarrhea, bloating, weight loss",Celiac Disease
"Experiencing acute gradual numbness in feet, burning pain in hands, extreme sensitivity to touch and muscle weakness.",Peripheral Neuropathy
I have scaly skin,Fungal Skin Infection
"Experiencing persistent excessive worry, irritability, sleep disturbance",Generalized Anxiety Disorder
"Feeling high fever, chills, fatigue",Pneumonia
"Noticed severe headache, constipation or diarrhea, rose-colored rash",Typhoid Fever
"I have bone pain and muscle weakness, what could this be?",Vitamin D Deficiency
"Suffering from throbbing headache, visual aura, dizziness",Migraine
My main issues right now are rose-colored rash and extreme fatigue.,Typhoid Fever
"Over the last 48 hours, I noticed chronic diarrhea, gas, fatigue and skin rash.",Celiac Disease
Feeling intense skin itching,Eczema
"Patient presenting with nausea, dark stools, unexplained weight loss",Peptic Ulcer
"I have shakiness, sweating, dizziness and confusion, what could this be?",Hypoglycemia
Experiencing circular red itchy rash with raised edges,Fungal Skin Infection
"Patient presenting with unintended weight loss, heat intolerance, anxiety",Hyperthyroidism
"Doctor, I've had nasal congestion, headache and pressure around eyes for the past few days.",Sinusitis
"I have bullseye skin rash, fever, stiff neck",Lyme Disease
My main issues right now are sudden high fever and joint and muscle ache.,Dengue Fever
I have recurrent abdominal cramps,Crohn's Disease
"Been having high fever, fatigue, sore throat",Influenza
"It started yesterday with cough with phlegm, chills and rapid breathing.",Pneumonia
"Suffering from visual flashes, throbbing head pain, nausea",Migraine with Aura
"Patient presenting with fluttering in chest, racing heartbeat, lightheadedness",Arrhythmia
"Over the last 48 hours, I noticed sharp stabbing facial pain, pain triggered by chewing or brushing teeth and spontaneous facial spasms.",Trigeminal Neuralgia
"It started yesterday with unexplained weight gain, cold intolerance, dry skin and constipation.",Hypothyroidism
"I've been dealing with sudden high fever, pain behind the eyes and skin rash and it is getting worse.",Dengue Fever
"I feel terrible with severe sore throat, pain with swallowing, fever and swollen neck lymph nodes.",Pharyngitis
Experiencing swelling in ankles and feet,Chronic Kidney Disease
"I have animal bite on skin, anxiety, agitation",Rabies Exposure
Experiencing mild fever,Bronchitis
I'm experiencing shortness of breath and fever.,Pleural Effusion
"Woke up today with tingling around bite site, headache and agitation.",Rabies Exposure
Experiencing weight loss,Celiac Disease
"Patient reports high fever, dry cough and sore throat with increasing discomfort.",Influenza
"Suffering from breathlessness with exercise, fainting or dizziness upon standing, heart murmur",Aortic Stenosis
Patient reports light sensitivity and dizziness with increasing discomfort.,Migraine
"Patient presenting with fatigue, poor appetite, dark urine",Hepatitis B
Feeling irritability,Otitis Media
"Experiencing acute acid regurgitation, difficulty swallowing and chronic dry cough.",GERD
"Lately I have been feeling fatigue, body aches, stiff neck and swollen lymph nodes.",Lyme Disease
Experiencing fluttering in chest,Arrhythmia
Experiencing acute muscle stiffness and shuffling gait.,Parkinson's Disease
"I'm experiencing slow-healing cuts, tingling in hands and feet and fatigue.",Diabetes Type 2
"Suffering from tiredness, loss of appetite and red spots on skin, need medical guidance.",Chickenpox
"I'm experiencing rapidly expanding redness, fever and blisters over red area.",Cellulitis
"I've been dealing with difficulty falling asleep, waking up during the night and waking up too early and it is getting worse.",Insomnia Disorder
"My main issues right now are high fever, flank pain on one side and vomiting.",Pyelonephritis
I cannot sleep because of runny nose and red watery eyes.,Measles
"Patient presenting with swelling in one calf or leg, warmth in affected leg, redness of skin on leg",Deep Vein Thrombosis
Experiencing bleeding gums,Scurvy
Experiencing blood in urine,Kidney Stones
Experiencing persistent diarrhea,Crohn's Disease
Experiencing sudden intense terror,Panic Disorder
"Woke up today with joint swelling, rash and headache.",Chikungunya
"Woke up today with high fever, shivering chills and vomiting.",Pyelonephritis
Feeling cynicism and detachment,Chronic Stress / Burnout
"Doctor, I've had difficulty falling asleep, waking up during the night, waking up too early and irritability for the past few days.",Insomnia Disorder
Feeling fatigue,Rheumatoid Arthritis
Lately I have been feeling dry skin and constipation.,Hypothyroidism
"Doctor, I've had swelling in ankles and feet, persistent fatigue, loss of appetite",Chronic Kidney Disease
"Over the last 48 hours, I noticed sudden intense terror, pounding racing heart, sweating and trembling.",Panic Disorder
Feeling bloating,Peptic Ulcer
Experiencing frequent nighttime urination,Diabetes Type 2
"Suffering from cynicism and detachment and frequent headaches, need medical guidance.",Chronic Stress / Burnout
Feeling trembling,Postural Orthostatic Tachycardia (POTS)
"Patient reports squeezing chest pain with physical exertion, pressure in chest relieved by rest and nausea with increasing discomfort.",Angina Pectoris
Experiencing wheezing,Asthma
"Suffering from jaundice and loss of appetite, need medical guidance.",Hepatitis C
Experiencing pale appearance,Thalassemia Minor
"I have fatigue, unexplained weight gain and dry skin, what could this be?",Hypothyroidism
Feeling fatigue,Diabetes Type 2
"My main issues right now are shivering chills, headache and body ache.",Malaria
I've been dealing with low-grade fever and loss of appetite and it is getting worse.,Appendicitis
I have severe itching,Contact Dermatitis
"I'm experiencing cyclical high fever, headache and body ache.",Malaria
I feel terrible with rapid pulse and tenderness to touch.,Pancreatitis
Clinical notes: Patient presenting with abdominal cramping and mucus in stool.,Irritable Bowel Syndrome
I have tightness across forehead,Tension Headache
I have vomiting,Pyelonephritis
"I have dry mouth, dizziness upon standing and sunken eyes, what could this be?",Dehydration
Feeling sour taste in mouth,GERD
"Doctor, I've had swelling in one calf or leg, throbbing calf pain, warmth in affected leg and redness of skin on leg for the past few days.",Deep Vein Thrombosis
"Suffering from pain behind the eyes, skin rash, mild bleeding",Dengue Fever
I cannot sleep because of nausea and vomiting.,Gastroenteritis
Feeling elevated liver enzymes,Fatty Liver Disease
Clinical notes: Patient presenting with numbness and tingling in thumb index and middle fingers and pain radiating up forearm.,Carpal Tunnel Syndrome
"Patient presenting with sudden intense terror, feeling of choking, fear of losing control",Panic Disorder
Feeling feelings of worthlessness,Major Depressive Disorder
Feeling fatigue,Hepatitis A
Feeling nosebleeds,Hypertension
"Suffering from high fever, cough with phlegm, shortness of breath and rapid breathing, need medical guidance.",Pneumonia
Feeling extreme fatigue,Iron Deficiency Anemia
"Patient reports sudden severe pain in upper right abdomen, nausea and indigestion after fatty meals with increasing discomfort.",Gallstones
Experiencing squeezing chest pain with physical exertion,Angina Pectoris
"Doctor, I've had joint pain during or after movement, joint stiffness in mornings and loss of joint flexibility for the past few days.",Osteoarthritis
I have feelings of worthlessness,Major Depressive Disorder
I have shortness of breath,Hypertension
Woke up today with easy or excessive bruising and nosebleeds.,Thrombocytopenia
"Lately I have been feeling dry cough, headache and sore throat.",Influenza
"Lately I have been feeling fatigue, poor appetite, yellowing of skin and eyes and joint pain.",Hepatitis B
"Suffering from nausea, abdominal pain, loss of appetite",Hepatitis A
Feeling breathlessness with exercise,Aortic Stenosis
"Feeling squeezing chest pain with physical exertion, shortness of breath, nausea",Angina Pectoris
"Suffering from bloating, loss of appetite and belching, need medical guidance.",Gastritis
"I have loss of voice, tickling sensation in throat, dry throat and dry cough, what could this be?",Laryngitis
"I feel terrible with facial redness across cheeks and nose, visible broken blood vessels, swollen red bumps resembling acne and eye irritation.",Rosacea
Feeling anxiety,Hyperthyroidism
I feel terrible with bone pain and chronic fatigue.,Vitamin D Deficiency
"I've been dealing with extreme fatigue, weakness and cold hands and feet and it is getting worse.",Iron Deficiency Anemia
"Been having stomach cramps, vomiting, dehydration",Gastroenteritis
"Lately I have been feeling extreme fatigue, hyperpigmentation (darkened skin), nausea and dizziness.",Addison's Disease
Experiencing dull discomfort in upper right abdomen,Fatty Liver Disease
I feel terrible with severe crippling joint pain and joint swelling.,Chikungunya
Feeling trembling hands,Hyperthyroidism
"Doctor, I've had sharp ear pain, muffled hearing, fever",Otitis Media
Feeling red skin patches covered with thick silvery scales,Psoriasis
"Feeling hoarseness, dry throat, dry cough",Laryngitis
I cannot sleep because of nausea and painful urination.,Kidney Stones
I feel terrible with pain radiating to lower abdomen and groin and nausea.,Kidney Stones
"Over the last 48 hours, I noticed crushing chest pain, cold sweat, shortness of breath and dizziness.",Heart Attack
"I have chest pain on deep inhalation and shortness of breath, what could this be?",Pleural Effusion
"Suffering from fatigue, headache, sore throat",Influenza
"Feeling heartburn, acid regurgitation, chest burning",GERD
"Noticed severe cynicism and detachment, reduced personal accomplishment, chronic physical fatigue",Chronic Stress / Burnout
"Patient reports acid regurgitation, chest burning, difficulty swallowing and sour taste in mouth with increasing discomfort.",GERD
Lately I have been feeling rapid heart rate upon standing and brain fog.,Postural Orthostatic Tachycardia (POTS)
Lately I have been feeling frequent painful urination and cloudy foul-smelling urine.,Acute Cystitis
"I have mucus production, chest discomfort, fatigue and wheezing, what could this be?",Bronchitis
"Feeling high fever, shivering chills, painful frequent urination",Pyelonephritis
Experiencing crusty eyelids in morning,Conjunctivitis
"Been having prolonged step-ladder fever, stomach pain, extreme fatigue",Typhoid Fever
Experiencing burning sensation when urinating,Urinary Tract Infection
I'm experiencing fever and headache.,Mononucleosis
"Experiencing acute yellowing of skin and eyes, dark urine, joint pain and nausea.",Hepatitis B
"I have racing heartbeat, slow heartbeat, lightheadedness and fainting episodes, what could this be?",Arrhythmia
"Feeling sudden intense terror, chest tightness, fear of losing control",Panic Disorder
I have breathlessness with exercise,Aortic Stenosis
Feeling chronic dry cough,GERD
"Suffering from persistent cough, mucus production and fatigue, need medical guidance.",Bronchitis
"I feel terrible with bloating, fatigue, skin rash and iron deficiency.",Celiac Disease
Experiencing pain relieved by sitting up and leaning forward,Pericarditis
"Woke up today with raised red itchy welts, intense itching and burning sensation on skin.",Urticaria
"I feel terrible with sudden severe pain in upper right abdomen, vomiting and indigestion after fatty meals.",Gallstones
"I'm experiencing joint aches, mild upper right abdominal discomfort and jaundice.",Hepatitis C
"I feel terrible with bleeding gums, corkscrew body hair, bruising easily and slow wound healing.",Scurvy
"Been having fatigue, dull discomfort in upper right abdomen, elevated liver enzymes",Fatty Liver Disease
Feeling bulging eyes,Hyperthyroidism
"Patient presenting with fainting or dizziness upon standing, heart murmur, fatigue",Aortic Stenosis
I have vomiting,Gastroenteritis
"Woke up today with red swollen tender skin area, skin warm to touch and rapidly expanding redness.",Cellulitis
"Doctor, I've had red skin patches covered with thick silvery scales and itching or burning skin for the past few days.",Psoriasis
I have temporary numbness on one side,Transient Ischemic Attack (TIA)
"Over the last 48 hours, I noticed bloody diarrhea, cramping abdominal pain, weight loss and fever.",Ulcerative Colitis
I feel terrible with runny nose and mild cough.,Common Cold
Experiencing enlarged spleen,Mononucleosis
Experiencing fainting episodes,Arrhythmia
"I'm experiencing electric shock sensations, tremor, vision loss in one eye and fatigue.",Multiple Sclerosis
"Doctor, I've had emotional exhaustion, cynicism and detachment, digestive upset",Chronic Stress / Burnout
"Woke up today with extreme thirst, dark yellow urine and dizziness upon standing.",Dehydration
"Lately I have been feeling sudden intense terror, pounding racing heart and trembling.",Panic Disorder
Experiencing sunken eyes,Dehydration
"I'm experiencing arm weakness, sudden severe headache, loss of balance and vision loss.",Stroke
Experiencing acute waking up during the night and difficulty concentrating.,Insomnia Disorder
"Patient presenting with shakiness, rapid heartbeat, hunger",Hypoglycemia
Experiencing urgent need to defecate,Ulcerative Colitis
"Doctor, I've had easy or excessive bruising, bleeding gums, nosebleeds",Thrombocytopenia
Experiencing redness of skin on leg,Deep Vein Thrombosis
Experiencing difficulty breathing,Asthma
"Doctor, I've had extreme fatigue, severe sore throat, swollen lymph nodes in neck and headache for the past few days.",Mononucleosis
"Doctor, I've had fatigue and nausea for the past few days.",Hepatitis A
Feeling difficulty breathing,Asthma
"Woke up today with cynicism and detachment, reduced personal accomplishment and digestive upset.",Chronic Stress / Burnout
I have cyclical high fever,Malaria
Experiencing tingling or numbness in arms or fingers,Cervical Spondylosis
"Doctor, I've had sharp chest pain on breathing and coughing blood for the past few days.",Pulmonary Embolism
"Patient presenting with nausea, vomiting, low-grade fever",Appendicitis
Feeling circular red itchy rash with raised edges,Fungal Skin Infection
Patient reports scaly skin and cracked skin with increasing discomfort.,Fungal Skin Infection
"Over the last 48 hours, I noticed numbness in limbs and vision loss in one eye.",Multiple Sclerosis
I have fatigue,Hepatitis A
"I have bloating, fatigue, iron deficiency",Celiac Disease
Experiencing cold hands and feet,Iron Deficiency Anemia
"Feeling dizziness on standing, brain fog, extreme fatigue",Postural Orthostatic Tachycardia (POTS)
Lately I have been feeling severe acne and ovarian cysts.,Polycystic Ovary Syndrome
"I have easy bruising, high blood pressure and muscle weakness, what could this be?",Cushing's Syndrome
"Doctor, I've had gradual loss of peripheral vision, tunnel vision in advanced stages and severe eye pain with halo around lights for the past few days.",Glaucoma
"My main issues right now are tingling in hands and feet, memory problems and pale or jaundiced skin.",Vitamin B12 Deficiency
"Over the last 48 hours, I noticed white or yellow coating on tonsils, painful swallowing, fever and bad breath.",Tonsillitis
Experiencing swollen neck lymph nodes,Pharyngitis
"I cannot sleep because of rapid heartbeat, dizziness, confusion and hunger.",Hypoglycemia
Feeling excessive daytime sleepiness,Sleep Apnea
I have irritability,Generalized Anxiety Disorder
"Doctor, I've had fatigue, dark urine, joint pain",Hepatitis B
I cannot sleep because of dizziness and chest tightness.,Hypertension
"Noticed severe chest discomfort, mild fever, wheezing",Bronchitis
Experiencing pain worse when sitting,Sciatica
Feeling frequent urination,Diabetes Type 1
"Doctor, I've had upper abdominal pain, burning stomach, loss of appetite",Gastritis
I have red spots on skin,Chickenpox
"Woke up today with chronic cough, shortness of breath with exertion, wheezing and fatigue.",COPD
I have elevated liver enzymes,Fatty Liver Disease
"Doctor, I've had tingling around bite site, fever, agitation",Rabies Exposure
I have fatigue,Major Depressive Disorder
Feeling gradual numbness in feet,Peripheral Neuropathy
"Experiencing fever, dry cough, fatigue",COVID-19
"Experiencing neck pain and stiffness, tingling or numbness in arms or fingers, grinding noise when turning neck",Cervical Spondylosis
It started yesterday with sharp shooting pain from lower back down leg and pain worse when sitting.,Sciatica
"Patient reports blind spots, throbbing head pain and nausea with increasing discomfort.",Migraine with Aura
"Over the last 48 hours, I noticed shortness of breath with exertion and chest tightness.",COPD
"Feeling dry cracked scaly skin, bumps and blisters, burning sensation",Contact Dermatitis
"Over the last 48 hours, I noticed sudden facial drooping and slurred speech.",Stroke
I have burning stomach,Gastritis
"I have sudden high fever, severe headache, joint and muscle ache and skin rash, what could this be?",Dengue Fever
"Patient presenting with sharp ear pain, muffled hearing, feeling of fullness in ear",Otitis Media
"Doctor, I've had stomach cramps, vomiting, mild fever and body aches for the past few days.",Gastroenteritis
"Doctor, I've had fever, nausea and abdominal tenderness for the past few days.",Diverticulitis
"Lately I have been feeling rapid heart rate upon standing, dizziness on standing, brain fog and palpitations.",Postural Orthostatic Tachycardia (POTS)
"Doctor, I've had sudden shortness of breath and rapid heart rate for the past few days.",Pulmonary Embolism
"Woke up today with increased thirst, frequent nighttime urination, tingling in hands and feet and darkened skin patches.",Diabetes Type 2
"Experiencing acute brief speech slurring, transient vision loss, temporary dizziness and arm weakness.",Transient Ischemic Attack (TIA)
"Woke up today with persistent diarrhea, weight loss, fatigue and rectal bleeding.",Crohn's Disease
Experiencing numbness and tingling in thumb index and middle fingers,Carpal Tunnel Syndrome
I have strong smelling urine,Urinary Tract Infection
"I've been dealing with muscle cramps and spasms, dizziness and extreme fatigue and it is getting worse.",Electrolyte Imbalance
My main issues right now are abdominal cramping and alternating diarrhea and constipation.,Irritable Bowel Syndrome
"Clinical notes: Patient presenting with fluttering in chest, slow heartbeat and fainting episodes.",Arrhythmia
"I've been dealing with fatigue, dry skin and constipation and it is getting worse.",Hypothyroidism
"I have persistent diarrhea, mouth sores and rectal bleeding, what could this be?",Crohn's Disease
"Doctor, I've had persistent cough for more than 3 weeks, coughing blood, night sweats and unexplained weight loss for the past few days.",Tuberculosis
I have frequent eyeglasses changes,Cataract
"I feel terrible with reduced personal accomplishment, frequent headaches and digestive upset.",Chronic Stress / Burnout
Experiencing deep painful cystic lumps,Acne Vulgaris
"Feeling faded colors, glare and halos around headlights, frequent eyeglasses changes",Cataract
I have feeling of incomplete evacuation,Constipation
Experiencing acute frequent sneezing and itchy roof of mouth.,Allergic Rhinitis
Experiencing acute watery discharge and crusty eyelids in morning.,Conjunctivitis
"Doctor, I've had prolonged step-ladder fever, headache, rose-colored rash",Typhoid Fever
"I have nausea, vomiting and loss of appetite, what could this be?",Appendicitis
"My main issues right now are swelling in ankles and feet, nausea and loss of appetite.",Chronic Kidney Disease
"I cannot sleep because of persistent cough, mucus production, mild fever and wheezing.",Bronchitis
Feeling sore throat,Common Cold
"I have crushing chest pain, pain radiating to left arm neck or jaw, cold sweat and dizziness, what could this be?",Heart Attack
Lately I have been feeling heart murmur and fatigue.,Aortic Stenosis
Experiencing extreme hunger,Diabetes Type 1
"Lately I have been feeling fever, chills, fatigue and body aches.",Lyme Disease
I have unsteady gait,Multiple Sclerosis
"I've been dealing with corkscrew body hair, bruising easily, joint and muscle aches and fatigue and it is getting worse.",Scurvy
"Doctor, I've had round moon face, weight gain around abdomen, purple stretch marks",Cushing's Syndrome
"Clinical notes: Patient presenting with shakiness, dizziness, confusion and hunger.",Hypoglycemia
"Doctor, I've had extreme hunger and blurred vision for the past few days.",Diabetes Type 1
"Patient reports unintended weight loss, extreme hunger, fatigue and blurred vision with increasing discomfort.",Diabetes Type 1
Feeling rose-colored rash,Typhoid Fever
Feeling tiny blisters between fingers wrists and waistline,Scabies
Feeling tickling sensation in throat,Laryngitis
"Woke up today with gradual numbness in feet, extreme sensitivity to touch and muscle weakness.",Peripheral Neuropathy
I have red rash localized to area of contact,Contact Dermatitis
"Suffering from urgent need to defecate and fever, need medical guidance.",Ulcerative Colitis
"I cannot sleep because of pink or red discoloration of eye, gritty feeling in eye and crusty eyelids in morning.",Conjunctivitis
"Over the last 48 hours, I noticed rapid heart rate upon standing, dizziness on standing, extreme fatigue and palpitations.",Postural Orthostatic Tachycardia (POTS)
"Experiencing facial pain, thick nasal discharge, pressure around eyes",Sinusitis
Lately I have been feeling sudden severe headache and vision loss.,Stroke
"My main issues right now are itchy fluid-filled blisters, tiredness, loss of appetite and red spots on skin.",Chickenpox
Experiencing stiff neck,Lyme Disease
"Suffering from persistent cough, mucus production, chest discomfort and fatigue, need medical guidance.",Bronchitis
"Feeling extreme thirst, unintended weight loss, fatigue",Diabetes Type 1
"I feel terrible with extreme fatigue, fever and swollen lymph nodes in neck.",Mononucleosis
"Patient presenting with sweating, dizziness, hunger",Hypoglycemia
"Feeling rapidly expanding redness, fever, blisters over red area",Cellulitis
"It started yesterday with bloody diarrhea, urgent need to defecate, cramping abdominal pain and weight loss.",Ulcerative Colitis
"Clinical notes: Patient presenting with tingling in hands and feet, smooth red tongue, fatigue and memory problems.",Vitamin B12 Deficiency
Experiencing feelings of worthlessness,Major Depressive Disorder
"I cannot sleep because of dull ache when moving affected tendon, tenderness to touch and joint stiffness near shoulder elbow or heel.",Tendinitis
"I have high fever, chest pain and shortness of breath, what could this be?",Pneumonia
Experiencing muscle weakness,Peripheral Neuropathy
"I have shortness of breath, persistent cough, difficulty breathing",Asthma
"Doctor, I've had persistent cough for more than 3 weeks, unexplained weight loss, chest pain and fever for the past few days.",Tuberculosis
"I've been dealing with red swollen tonsils, fever, enlarged tender neck nodes and bad breath and it is getting worse.",Tonsillitis
"It started yesterday with circular red itchy rash with raised edges, scaly skin and cracked skin.",Fungal Skin Infection
Experiencing fatigue,Hepatitis A
Lately I have been feeling chronic lower back pain and stiffness and reduced spine flexibility.,Ankylosing Spondylitis
Clinical notes: Patient presenting with pounding racing heart and trembling.,Panic Disorder
I've been dealing with loss of interest in hobbies and feelings of worthlessness and it is getting worse.,Major Depressive Disorder
"I'm experiencing urgent need to defecate, cramping abdominal pain and fever.",Ulcerative Colitis
"Patient presenting with visual flashes, blind spots, light sensitivity",Migraine with Aura
"Doctor, I've had heartburn, difficulty swallowing, chronic dry cough",GERD
"Suffering from cramping abdominal pain and rectal pain, need medical guidance.",Ulcerative Colitis
"I feel terrible with burning stomach pain between meals, feeling full too quickly, dark stools and unexplained weight loss.",Peptic Ulcer
I have stiff neck,Lyme Disease
I have pain radiating to left arm neck or jaw,Heart Attack
"I'm experiencing fever, bloating and abdominal tenderness.",Diverticulitis
Feeling severe sharp flank pain,Kidney Stones
I'm experiencing cyclical high fever and nausea.,Malaria
"Patient reports smooth red tongue, memory problems, unsteady balance and pale or jaundiced skin with increasing discomfort.",Vitamin B12 Deficiency
I have difficulty breathing,Asthma
"Doctor, I've had widespread musculoskeletal pain, cognitive brain fog, tender trigger points",Fibromyalgia
I've been dealing with burning stomach pain between meals and dark stools and it is getting worse.,Peptic Ulcer
I have dizziness,Arrhythmia
Woke up today with fever and body aches.,Lyme Disease
"It started yesterday with bruising easily, fatigue and slow wound healing.",Scurvy
Experiencing sudden intense joint pain in big toe,Gout
Experiencing acute weak urine stream and urinary urgency.,Benign Prostatic Hyperplasia
"Doctor, I've had acid regurgitation, chest burning, difficulty swallowing and chronic dry cough for the past few days.",GERD
Experiencing acute headache and red spots on skin.,Chickenpox
Feeling fainting or dizziness upon standing,Aortic Stenosis
I have blurred vision,Diabetes Type 1
"Patient presenting with tingling in hands and feet, fatigue, pale or jaundiced skin",Vitamin B12 Deficiency
I'm experiencing uncontrolled jerking movements and temporary confusion.,Epilepsy
"Over the last 48 hours, I noticed rapid heart rate upon standing, dizziness on standing, brain fog and trembling.",Postural Orthostatic Tachycardia (POTS)
Experiencing loss of consciousness,Epilepsy
"I have sharp chest pain worse when lying down, fever, heart palpitations",Pericarditis
"Lately I have been feeling persistent excessive worry, difficulty concentrating and sleep disturbance.",Generalized Anxiety Disorder
"Woke up today with sudden intense joint pain in big toe, swelling and redness of big toe and limited range of motion.",Gout
"Suffering from circular red itchy rash with raised edges, scaly skin and skin peeling, need medical guidance.",Fungal Skin Infection
Lately I have been feeling bruising easily and fatigue.,Scurvy
"Experiencing shortness of breath when lying flat, swelling in legs and ankles, rapid weight gain from fluid",Heart Failure
"I'm experiencing itchy fluid-filled blisters, fever, tiredness and headache.",Chickenpox
"My main issues right now are squeezing chest pain with physical exertion, pressure in chest relieved by rest, shortness of breath and nausea.",Angina Pectoris
"Patient reports loss of interest in hobbies, fatigue, changes in appetite or weight and feelings of worthlessness with increasing discomfort.",Major Depressive Disorder
"Doctor, I've had cloudy or blurry vision, faded colors and frequent eyeglasses changes for the past few days.",Cataract
"Doctor, I've had bullseye skin rash, chills, fatigue and swollen lymph nodes for the past few days.",Lyme Disease
I have fluid draining from ear,Otitis Media
"Experiencing shakiness, sweating, hunger",Hypoglycemia
"Patient reports flank pain on one side, shivering chills, nausea and vomiting with increasing discomfort.",Pyelonephritis
"Lately I have been feeling chest pain on deep inhalation, shortness of breath and fever.",Pleural Effusion
"Been having breathlessness with exercise, fainting or dizziness upon standing, fatigue",Aortic Stenosis
I cannot sleep because of fatigue and muscle weakness.,Hypothyroidism
Experiencing swelling and redness over shoulder elbow or hip,Bursitis
"Suffering from persistent sad empty mood, fatigue, feelings of worthlessness",Major Depressive Disorder
"I have drooping mouth and inability to close one eye, what could this be?",Bell's Palsy
Feeling chest pain,Pneumonia
I have tickling sensation in throat,Laryngitis
"My main issues right now are crushing chest pain, pain radiating to left arm neck or jaw and dizziness.",Heart Attack
"Suffering from tightness across forehead, scalp tenderness and neck stiffness, need medical guidance.",Tension Headache
"Over the last 48 hours, I noticed stomach pain and extreme fatigue.",Typhoid Fever
"Over the last 48 hours, I noticed rapid heart rate upon standing and dizziness on standing.",Postural Orthostatic Tachycardia (POTS)
"Patient presenting with bone pain, frequent infections, low mood",Vitamin D Deficiency
"Patient presenting with severe crippling joint pain, joint swelling, muscle pain",Chikungunya
"I've been dealing with petechiae (superficial pinpoint purple spots on skin), bleeding gums and nosebleeds and it is getting worse.",Thrombocytopenia
"Clinical notes: Patient presenting with crushing chest pain, cold sweat, shortness of breath and severe nausea.",Heart Attack
Experiencing abdominal fullness,Constipation
Experiencing profuse watery diarrhea,Cholera
I've been dealing with dull ache when moving affected tendon and tenderness to touch and it is getting worse.,Tendinitis
"Patient reports chronic fatigue, joint aches and jaundice with increasing discomfort.",Hepatitis C
"Clinical notes: Patient presenting with pain radiating to left arm neck or jaw, cold sweat and shortness of breath.",Heart Attack
"Doctor, I've had bone pain, chronic fatigue and low mood for the past few days.",Vitamin D Deficiency
Experiencing scratchy feeling,Dry Eye Syndrome
"Noticed severe wheezing, chest tightness, difficulty breathing",Asthma
"I have shortness of breath when lying flat, rapid weight gain from fluid, wheezing",Heart Failure
"I'm experiencing abdominal cramping, bloating, gas and alternating diarrhea and constipation.",Irritable Bowel Syndrome
I have dry skin,Hypothyroidism
"I have sudden shortness of breath, sharp chest pain on breathing, rapid heart rate",Pulmonary Embolism
"Experiencing acute pain radiating to left arm neck or jaw, cold sweat, shortness of breath and severe nausea.",Heart Attack
My main issues right now are numbness in fingers and extreme fatigue.,Electrolyte Imbalance
Experiencing fatigue,Scurvy
"It started yesterday with high fever, cough with phlegm, chest pain and fatigue.",Pneumonia
Patient reports dull discomfort in upper right abdomen and slight liver enlargement with increasing discomfort.,Fatty Liver Disease
"Doctor, I've had waking up during the night, waking up too early, daytime fatigue",Insomnia Disorder
"Patient presenting with fluttering in chest, racing heartbeat, slow heartbeat",Arrhythmia
"Been having acid regurgitation, difficulty swallowing, chronic dry cough",GERD
Experiencing mild itching,Impetigo
"Suffering from rapid heart rate, coughing blood and dizziness, need medical guidance.",Pulmonary Embolism
"I feel terrible with extreme fatigue, pale skin and weakness.",Iron Deficiency Anemia
Feeling hard dry stools,Constipation
"I have pain radiating to lower abdomen and groin, nausea, painful urination",Kidney Stones
"I cannot sleep because of nausea, sound sensitivity, visual aura and dizziness.",Migraine
"Noticed severe swelling in ankles and feet, foamy urine, metallic taste in mouth",Chronic Kidney Disease
"Doctor, I've had tearing, nasal congestion on one side and restlessness for the past few days.",Cluster Headache
Clinical notes: Patient presenting with smooth red tongue and memory problems.,Vitamin B12 Deficiency
Experiencing acute frequent painful urination and blood in urine.,Acute Cystitis
I have high blood pressure,Cushing's Syndrome
I have wheezing,Bronchitis
I cannot sleep because of exclamation point hairs and pitted fingernails.,Alopecia Areata
"I have abdominal cramping, bloating, mucus in stool",Irritable Bowel Syndrome
I have food intolerance,Irritable Bowel Syndrome
It started yesterday with pale appearance and microcytic red blood cells on lab work.,Thalassemia Minor
"Over the last 48 hours, I noticed shortness of breath with exertion, excess sputum and chest tightness.",COPD
I have confusion,Electrolyte Imbalance
"Doctor, I've had bloody diarrhea, urgent need to defecate, rectal pain",Ulcerative Colitis
I feel terrible with shakiness and blurred vision.,Hypoglycemia
"Doctor, I've had irregular periods, severe acne, thinning hair on scalp and ovarian cysts for the past few days.",Polycystic Ovary Syndrome
"Suffering from sudden shortness of breath, rapid heart rate, coughing blood",Pulmonary Embolism
"Suffering from intense skin itching, red to brownish-gray patches, raw sensitive skin from scratching",Eczema
My main issues right now are itchy eyes and watery discharge.,Conjunctivitis
Clinical notes: Patient presenting with pink or cola-colored urine and foamy urine.,Glomerulonephritis
"Doctor, I've had bloody diarrhea, weight loss, fever",Ulcerative Colitis
"Noticed severe dry cough, sore throat, body aches",COVID-19
"Woke up today with nausea, body ache and fatigue.",Malaria
Experiencing nausea,Gastroenteritis
I have unintended weight loss,Hyperthyroidism
Feeling urgent need to defecate,Ulcerative Colitis
"It started yesterday with temporary numbness on one side, brief speech slurring, transient vision loss and temporary dizziness.",Transient Ischemic Attack (TIA)
I have headache,Sinusitis
It started yesterday with severe headache and pain behind the eyes.,Dengue Fever
Feeling vomiting,Pancreatitis
"I'm experiencing shortness of breath with exertion, chest tightness and fatigue.",COPD
"Feeling pink or cola-colored urine, foamy urine, facial puffiness in mornings",Glomerulonephritis
"Experiencing acute difficulty starting urination, frequent nighttime urination and dribbling after urination.",Benign Prostatic Hyperplasia
Feeling fluid-filled blisters on one side of body,Shingles
Experiencing joint stiffness near shoulder elbow or heel,Tendinitis
I'm experiencing high fever and flank pain on one side.,Pyelonephritis
"It started yesterday with sore throat, nasal congestion and mild headache.",Common Cold
"Doctor, I've had extreme fatigue, severe sore throat and headache for the past few days.",Mononucleosis
I've been dealing with fever and agitation and it is getting worse.,Rabies Exposure
"I have blackheads and whiteheads, pimples with pus (pustules) and deep painful cystic lumps, what could this be?",Acne Vulgaris
"Clinical notes: Patient presenting with recurrent abdominal cramps, persistent diarrhea and rectal bleeding.",Crohn's Disease
"Patient presenting with fever, enlarged tender neck nodes, bad breath",Tonsillitis
Clinical notes: Patient presenting with prolonged step-ladder fever and rose-colored rash.,Typhoid Fever
"Over the last 48 hours, I noticed neck pain and stiffness, headache starting at back of neck and grinding noise when turning neck.",Cervical Spondylosis
I have rectal pain,Ulcerative Colitis
"Suffering from shortness of breath, fatigue, rapid breathing",Pneumonia
I have slow movement,Parkinson's Disease
"Doctor, I've had shivering chills, profuse sweating, headache and fatigue for the past few days.",Malaria
Feeling confusion,Electrolyte Imbalance
"I cannot sleep because of frequent urge to urinate, cloudy urine and strong smelling urine.",Urinary Tract Infection
"Over the last 48 hours, I noticed upper abdominal pain, nausea and loss of appetite.",Gastritis
Clinical notes: Patient presenting with urgent need to defecate and rectal pain.,Ulcerative Colitis
I have corkscrew body hair,Scurvy
Experiencing crushing chest pain,Heart Attack
Experiencing tiny white spots inside mouth,Measles
Feeling bloating,Irritable Bowel Syndrome
"Clinical notes: Patient presenting with pale stools, yellowing of skin and eyes and loss of appetite.",Hepatitis A
I cannot sleep because of pain radiating to left arm neck or jaw and shortness of breath.,Heart Attack
"My main issues right now are burning stomach, nausea and loss of appetite.",Gastritis
I have fatigue,COPD
"Been having severe sore throat, red swollen tonsils, fever",Pharyngitis
Feeling shortness of breath,Hypertension
"Experiencing acute numbness in limbs, electric shock sensations, vision loss in one eye and unsteady gait.",Multiple Sclerosis
I'm experiencing slight fatigue and microcytic red blood cells on lab work.,Thalassemia Minor
"Suffering from nasal congestion, thick nasal discharge, pressure around eyes",Sinusitis
Feeling muffled hearing,Otitis Media
"Experiencing fatigue, constipation, brittle hair",Hypothyroidism
Clinical notes: Patient presenting with fluttering in chest and slow heartbeat.,Arrhythmia
"Noticed severe white or yellow coating on tonsils, painful swallowing, fever",Tonsillitis
I have fever,Pancreatitis
Experiencing tingling in hands and feet,Diabetes Type 2
"Suffering from fatigue and yellowing of skin and eyes, need medical guidance.",Hepatitis A
"I feel terrible with red rash localized to area of contact, severe itching and burning sensation.",Contact Dermatitis
Experiencing intense itching worse at night,Scabies
"Been having sudden intense terror, sweating, feeling of choking",Panic Disorder
"Suffering from fever and irritability, need medical guidance.",Otitis Media
"Lately I have been feeling sudden intense terror, pounding racing heart and sweating.",Panic Disorder
Experiencing stringy mucus in eyes,Dry Eye Syndrome
"Woke up today with shortness of breath with exertion, wheezing, chest tightness and fatigue.",COPD
"I have excruciating pain around one eye, eye redness, tearing and restlessness, what could this be?",Cluster Headache
I have sudden intense terror,Panic Disorder
"I cannot sleep because of cloudy or blurry vision, faded colors and poor night vision.",Cataract
"Suffering from pain relieved by sitting up and leaning forward and fever, need medical guidance.",Pericarditis
I have fatigue,Hypothyroidism
"Doctor, I've had cyclical high fever, nausea, fatigue",Malaria
"It started yesterday with prolonged step-ladder fever, rose-colored rash and extreme fatigue.",Typhoid Fever
"Doctor, I've had enlarged spleen and headache for the past few days.",Mononucleosis
"Feeling mucus production, chest discomfort, wheezing",Bronchitis
"Feeling round moon face, easy bruising, muscle weakness",Cushing's Syndrome
Feeling stooped posture,Osteoporosis
"Feeling extreme thirst, frequent urination, fatigue",Diabetes Type 1
I have trembling hands,Hyperthyroidism
"Patient reports circular red itchy rash with raised edges, scaly skin, skin peeling and cracked skin with increasing discomfort.",Fungal Skin Infection
"I have chest pressure on exertion, shortness of breath and pain radiating to jaw or left arm, what could this be?",Coronary Artery Disease
Feeling runny nose,Common Cold
Experiencing acute tickling sensation in throat and dry throat.,Laryngitis
"Patient reports swelling in ankles and feet, persistent fatigue and metallic taste in mouth with increasing discomfort.",Chronic Kidney Disease
"Woke up today with sharp shooting pain from lower back down leg, numbness in leg or foot and tingling in toes.",Sciatica
"I have morning headache, dizziness, shortness of breath and blurred vision, what could this be?",Hypertension
"I have pink or red discoloration of eye, itchy eyes, crusty eyelids in morning",Conjunctivitis
"Doctor, I've had prolonged step-ladder fever, stomach pain, constipation or diarrhea",Typhoid Fever
I have dark urine,Hepatitis A
I'm experiencing sudden one-sided facial paralysis and drooling.,Bell's Palsy
"Patient presenting with runny nose, mild cough, mild headache",Common Cold
I have trembling,Postural Orthostatic Tachycardia (POTS)
Feeling dry throat,Laryngitis
I have grinding noise when turning neck,Cervical Spondylosis
"Feeling increased thirst, tingling in hands and feet, fatigue",Diabetes Type 2
Experiencing night sweats,Tuberculosis
"Doctor, I've had weakness, cold hands and feet, shortness of breath with mild exertion",Iron Deficiency Anemia
"I cannot sleep because of acid regurgitation, chest burning and chronic dry cough.",GERD
"Over the last 48 hours, I noticed corkscrew body hair, fatigue and slow wound healing.",Scurvy
"Suffering from rapid heart rate upon standing, dizziness on standing and brain fog, need medical guidance.",Postural Orthostatic Tachycardia (POTS)
Patient reports fever and enlarged spleen with increasing discomfort.,Mononucleosis
Experiencing trembling,Panic Disorder
"Feeling facial pain, headache, reduced smell",Sinusitis
"Suffering from headache, nausea and body ache, need medical guidance.",Malaria
"Experiencing scratchy feeling, stringy mucus in eyes, blurred vision after reading",Dry Eye Syndrome
"Doctor, I've had fever, headache, red spots on skin",Chickenpox
"Doctor, I've had trembling hands, sweating, anxiety",Hyperthyroidism
"Noticed severe burning localized pain, skin sensitivity, fever",Shingles
"Suffering from waking up during the night, irritability, difficulty concentrating",Insomnia Disorder
My main issues right now are severe upper abdominal pain radiating to back and tenderness to touch.,Pancreatitis
"Over the last 48 hours, I noticed itchy fluid-filled blisters and tiredness.",Chickenpox
I have shortness of breath,COVID-19
Lately I have been feeling weakness and cold hands and feet.,Iron Deficiency Anemia
"I have raised red itchy welts, swelling that changes shape and location, intense itching and burning sensation on skin, what could this be?",Urticaria
I've been dealing with joint stiffness in mornings and bone spurs and it is getting worse.,Osteoarthritis
"I cannot sleep because of abrupt high fever, joint swelling, muscle pain and headache.",Chikungunya
I have gas,Celiac Disease
Feeling numbness in limbs,Multiple Sclerosis
"Suffering from slow-healing cuts, tingling in hands and feet, darkened skin patches",Diabetes Type 2
"Over the last 48 hours, I noticed abrupt high fever and rash.",Chikungunya
"Patient presenting with shivering chills, nausea, vomiting",Pyelonephritis
Feeling yellowing of skin and eyes,Hepatitis A
"Doctor, I've had body ache, dry cough, headache",Influenza
I have urgent need to defecate,Ulcerative Colitis
"Been having cramping abdominal pain, rectal pain, fever",Ulcerative Colitis
"Suffering from prolonged step-ladder fever, constipation or diarrhea, extreme fatigue",Typhoid Fever
I have runny nose,Measles
I have constipation or diarrhea,Typhoid Fever
Lately I have been feeling fatigue and constipation.,Hypothyroidism
"I have upper abdominal pain, bloating, loss of appetite and belching, what could this be?",Gastritis
Experiencing tickling sensation in throat,Laryngitis
"Clinical notes: Patient presenting with persistent cough for more than 3 weeks, night sweats, unexplained weight loss and chest pain.",Tuberculosis
I have body aches,Lyme Disease
"Doctor, I've had morning headache, dizziness, nosebleeds and chest tightness for the past few days.",Hypertension
"My main issues right now are itchy fluid-filled blisters, fever and tiredness.",Chickenpox
Feeling swelling in legs and ankles,Heart Failure
Experiencing blurred vision,Diabetes Type 1
"Been having shivering chills, profuse sweating, fatigue",Malaria
It started yesterday with stooped posture and bone fractures easily.,Osteoporosis
"Doctor, I've had unexplained weight gain, cold intolerance, muscle weakness",Hypothyroidism
Feeling chills,Pneumonia
Feeling nosebleeds,Thrombocytopenia
"It started yesterday with nausea, vomiting and rebound tenderness.",Appendicitis
"Doctor, I've had hoarseness, loss of voice, tickling sensation in throat and dry throat for the past few days.",Laryngitis
"Lately I have been feeling weight gain around abdomen, purple stretch marks, easy bruising and high blood pressure.",Cushing's Syndrome
My main issues right now are heartburn and chronic dry cough.,GERD
I have night sweats,Tuberculosis
"Doctor, I've had nausea, vomiting, rapid pulse and tenderness to touch for the past few days.",Pancreatitis
"Noticed severe chest tightness, persistent cough, difficulty breathing",Asthma
"Experiencing stomach cramps, mild fever, dehydration",Gastroenteritis
"I have emotional exhaustion, cynicism and detachment and chronic physical fatigue, what could this be?",Chronic Stress / Burnout
"Lately I have been feeling loss of appetite, headache and red spots on skin.",Chickenpox
"I'm experiencing sudden severe pain in upper right abdomen, pain radiating to right shoulder and vomiting.",Gallstones
"Doctor, I've had persistent cough for more than 3 weeks, coughing blood and unexplained weight loss for the past few days.",Tuberculosis
"Been having night sweats, unexplained weight loss, fever",Tuberculosis
"Been having round coin-sized smooth bald patches on scalp, exclamation point hairs, pitted fingernails",Alopecia Areata
"Been having racing heartbeat, dizziness, fainting episodes",Arrhythmia
"Lately I have been feeling loss of interest in hobbies, changes in appetite or weight and difficulty sleeping.",Major Depressive Disorder
Experiencing loss of appetite,Hepatitis C
"I'm experiencing nausea, dark stools and unexplained weight loss.",Peptic Ulcer
"I have excess facial hair, thinning hair on scalp, ovarian cysts",Polycystic Ovary Syndrome
"Doctor, I've had frequent urge to urinate and cloudy urine for the past few days.",Urinary Tract Infection
"Been having dizziness, confusion, blurred vision",Hypoglycemia
Experiencing acute facial pain and reduced smell.,Sinusitis
"Suffering from pimples with pus (pustules) and deep painful cystic lumps, need medical guidance.",Acne Vulgaris
Experiencing sweating,Hyperthyroidism
"Experiencing dull ache when moving affected tendon, tenderness to touch, joint stiffness near shoulder elbow or heel",Tendinitis
"I've been dealing with fatigue, memory problems and unsteady balance and it is getting worse.",Vitamin B12 Deficiency
I cannot sleep because of cyclical high fever and profuse sweating.,Malaria
Experiencing darkened skin patches,Diabetes Type 2
I have persistent cough,Asthma
I have loss of balance,Benign Paroxysmal Positional Vertigo
I have fatigue,Pneumonia
"Over the last 48 hours, I noticed intense skin itching and dry cracked skin patches.",Eczema
I have severe headache,Dengue Fever
"I have joint and muscle aches, fatigue and slow wound healing, what could this be?",Scurvy
I have mucus production,Bronchitis
"Feeling arm weakness, slurred speech, vision loss",Stroke
"I'm experiencing runny nose, sore throat and mild headache.",Common Cold
"Patient presenting with high fever, chest pain, chills",Pneumonia
"Lately I have been feeling chest pain on deep inhalation, dry persistent cough and rapid shallow breathing.",Pleural Effusion
"It started yesterday with cloudy or blurry vision, faded colors, glare and halos around headlights and frequent eyeglasses changes.",Cataract
Feeling pain radiating to lower abdomen and groin,Kidney Stones
Experiencing fatigue,Influenza
"Lately I have been feeling bleeding gums, corkscrew body hair, joint and muscle aches and fatigue.",Scurvy
"Patient reports frequent painful urination, cloudy foul-smelling urine and low-grade fever with increasing discomfort.",Acute Cystitis
"It started yesterday with high fever, tiny white spots inside mouth and blotchy skin rash.",Measles
Experiencing infrequent urination,Dehydration
Feeling fluttering in chest,Arrhythmia
"I feel terrible with numbness and tingling in thumb index and middle fingers, dropping objects and pain radiating up forearm.",Carpal Tunnel Syndrome
Clinical notes: Patient presenting with bloating and fatigue.,Celiac Disease
Experiencing vomiting,Cholera
Experiencing red swollen tonsils,Tonsillitis
"Patient reports constant severe lower left abdominal pain, nausea, constipation and abdominal tenderness with increasing discomfort.",Diverticulitis
"Feeling increased thirst, slow-healing cuts, fatigue",Diabetes Type 2
I have pale appearance,Thalassemia Minor
"Experiencing rapid heart rate, trembling hands, sweating",Hyperthyroidism
"Feeling gradual numbness in feet, tingling sensations, extreme sensitivity to touch",Peripheral Neuropathy
Feeling throbbing head pain,Migraine with Aura
"It started yesterday with resting tremor, slow movement and impaired balance.",Parkinson's Disease
"Doctor, I've had dark yellow urine, dry mouth, dizziness upon standing and sunken eyes for the past few days.",Dehydration
"I'm experiencing joint and muscle ache, skin rash and mild bleeding.",Dengue Fever
Feeling dull ache when moving affected tendon,Tendinitis
"I have crushing chest pain, shortness of breath and severe nausea, what could this be?",Heart Attack
"Patient reports extreme thirst, dark yellow urine, dizziness upon standing and sunken eyes with increasing discomfort.",Dehydration
Experiencing severe sore throat,Mononucleosis
"My main issues right now are shakiness, confusion, hunger and blurred vision.",Hypoglycemia
Experiencing acute shakiness and rapid heartbeat.,Hypoglycemia
"I have extreme fatigue, pale skin, cold hands and feet",Iron Deficiency Anemia
"Doctor, I've had recurrent abdominal cramps, persistent diarrhea and fatigue for the past few days.",Crohn's Disease
"I cannot sleep because of waking up during the night, waking up too early, daytime fatigue and difficulty concentrating.",Insomnia Disorder
"I have sudden high fever, joint and muscle ache, skin rash",Dengue Fever
Experiencing irritability,Insomnia Disorder
Experiencing lightheadedness,Arrhythmia
Experiencing persistent fatigue,Chronic Kidney Disease
"I've been dealing with circular red itchy rash with raised edges, scaly skin, clear skin in center of ring and cracked skin and it is getting worse.",Fungal Skin Infection
Experiencing dry skin,Hypothyroidism
I've been dealing with burning stomach pain between meals and unexplained weight loss and it is getting worse.,Peptic Ulcer
Patient reports uncontrolled jerking movements and loss of consciousness with increasing discomfort.,Epilepsy
I have fatigue,Aortic Stenosis
I have resting tremor,Parkinson's Disease
"I've been dealing with sharp ear pain, fluid draining from ear, fever and irritability and it is getting worse.",Otitis Media
I have chronic cough,COPD
"I have excruciating pain around one eye, tearing and restlessness, what could this be?",Cluster Headache
Feeling vision loss,Stroke
I have muscle tension,Generalized Anxiety Disorder
My main issues right now are dry mouth and sunken eyes.,Dehydration
"Suffering from blind spots, tingling in face or hands and nausea, need medical guidance.",Migraine with Aura
I'm experiencing sleep disturbances and cognitive brain fog.,Fibromyalgia
"Experiencing acute severe upper abdominal pain radiating to back, vomiting, rapid pulse and fever.",Pancreatitis
"Noticed severe chronic diarrhea, gas, skin rash",Celiac Disease
"Suffering from nausea, dark urine, loss of appetite",Hepatitis A
I have tingling in face or hands,Migraine with Aura
I have poor appetite,Hepatitis B
I have chest pain,Tuberculosis
"Over the last 48 hours, I noticed extreme thirst, dry mouth, dizziness upon standing and infrequent urination.",Dehydration
Feeling pain radiating up forearm,Carpal Tunnel Syndrome
"Experiencing acute sharp lower right abdominal pain, nausea, low-grade fever and rebound tenderness.",Appendicitis
"It started yesterday with blind spots, tingling in face or hands, nausea and light sensitivity.",Migraine with Aura
Feeling persistent cough for more than 3 weeks,Tuberculosis
"I cannot sleep because of irregular periods, severe acne, weight gain and ovarian cysts.",Polycystic Ovary Syndrome
Experiencing fainting or dizziness upon standing,Aortic Stenosis
"Clinical notes: Patient presenting with large waist circumference, high blood pressure and high fasting blood glucose.",Metabolic Syndrome
I have blood in urine,Kidney Stones
"I have coldness in lower leg or foot and weak pulse in legs, what could this be?",Peripheral Artery Disease
Lately I have been feeling excessive daytime sleepiness and dry mouth on waking.,Sleep Apnea
"Noticed severe chronic diarrhea, gas, iron deficiency",Celiac Disease
"Over the last 48 hours, I noticed weak urine stream, dribbling after urination and urinary urgency.",Benign Prostatic Hyperplasia
"I have intense skin itching, dry cracked skin patches, small raised bumps",Eczema
"Patient presenting with numbness and tingling in thumb index and middle fingers, hand weakness, dropping objects",Carpal Tunnel Syndrome
Feeling hyperpigmentation (darkened skin),Addison's Disease
"Suffering from chronic cough, excess sputum, wheezing and chest tightness, need medical guidance.",COPD
Feeling irritability,Insomnia Disorder
"Woke up today with severe headache, pain behind the eyes and joint and muscle ache.",Dengue Fever
"Experiencing acute joint aches, mild upper right abdominal discomfort, jaundice and loss of appetite.",Hepatitis C
"Clinical notes: Patient presenting with dry cough, fatigue, shortness of breath and body aches.",COVID-19
"Clinical notes: Patient presenting with pain radiating to left arm neck or jaw, shortness of breath, severe nausea and dizziness.",Heart Attack
Experiencing excess facial hair,Polycystic Ovary Syndrome
Experiencing blisters over red area,Cellulitis
"Patient presenting with burning stomach pain between meals, dark stools, unexplained weight loss",Peptic Ulcer
Experiencing rash,Chikungunya
"My main issues right now are wheezing, shortness of breath and persistent cough.",Asthma
"Noticed severe animal bite on skin, fever, anxiety",Rabies Exposure
Feeling high blood pressure,Glomerulonephritis
"Woke up today with increased thirst, fatigue and darkened skin patches.",Diabetes Type 2
"I'm experiencing extreme fatigue, low blood pressure and salt cravings.",Addison's Disease
I have bullseye skin rash,Lyme Disease
"Suffering from brief speech slurring and transient vision loss, need medical guidance.",Transient Ischemic Attack (TIA)
"Doctor, I've had hard dry stools, feeling of incomplete evacuation and bloating for the past few days.",Constipation
"I feel terrible with tender warm swollen joints, symmetrical joint pain in both hands, morning joint stiffness lasting >1 hour and fatigue.",Rheumatoid Arthritis
"Experiencing chest pain, fatigue, rapid breathing",Pneumonia
"Doctor, I've had sweating, dizziness, confusion",Hypoglycemia
"Suffering from sudden high fever, joint and muscle ache and mild bleeding, need medical guidance.",Dengue Fever
Lately I have been feeling foamy urine and metallic taste in mouth.,Chronic Kidney Disease
"Experiencing facial pain, nasal congestion, headache",Sinusitis
I've been dealing with bone pain and hair loss and it is getting worse.,Vitamin D Deficiency
"Experiencing acute urgent need to defecate, rectal pain and weight loss.",Ulcerative Colitis
"Doctor, I've had intense skin itching, dry cracked skin patches, red to brownish-gray patches",Eczema
"My main issues right now are swelling in legs and ankles, persistent fatigue, rapid weight gain from fluid and wheezing.",Heart Failure
"Noticed severe bleeding gums, joint and muscle aches, slow wound healing",Scurvy
"Clinical notes: Patient presenting with bloating, gas and weight loss.",Celiac Disease
I feel terrible with alternating diarrhea and constipation and mucus in stool.,Irritable Bowel Syndrome
"Patient presenting with fatigue, yellowing of skin and eyes, joint pain",Hepatitis B
"Experiencing extreme thirst, dry mouth, sunken eyes",Dehydration
Patient reports persistent urgent need to urinate and pain during intercourse with increasing discomfort.,Interstitial Cystitis
"Experiencing acute hard dry stools, straining during bowel movements and bloating.",Constipation
I cannot sleep because of dizziness and blurred vision.,Hypoglycemia
"Suffering from itchy fluid-filled blisters, tiredness, red spots on skin",Chickenpox
Experiencing vomiting,Gallstones
"I have pink or red discoloration of eye and itchy eyes, what could this be?",Conjunctivitis
"Doctor, I've had cynicism and detachment, reduced personal accomplishment, frequent headaches",Chronic Stress / Burnout
"I'm experiencing widespread musculoskeletal pain, chronic fatigue and tender trigger points.",Fibromyalgia
"It started yesterday with poor appetite, yellowing of skin and eyes, dark urine and joint pain.",Hepatitis B
"I cannot sleep because of muscle stiffness, impaired balance, soft voice and shuffling gait.",Parkinson's Disease
"Over the last 48 hours, I noticed facial pain, nasal congestion and pressure around eyes.",Sinusitis
"Patient presenting with tingling in hands and feet, unsteady balance, pale or jaundiced skin",Vitamin B12 Deficiency
"Lately I have been feeling visual flashes, throbbing head pain and nausea.",Migraine with Aura
"I cannot sleep because of fever, nausea, constipation and abdominal tenderness.",Diverticulitis
"Woke up today with extreme fatigue, fever, swollen lymph nodes in neck and enlarged spleen.",Mononucleosis
Experiencing extreme fatigue,Postural Orthostatic Tachycardia (POTS)
"Doctor, I've had fluid-filled blisters on one side of body, skin sensitivity, itching",Shingles
Experiencing pain radiating to lower abdomen and groin,Kidney Stones
I have extreme sensitivity to touch,Peripheral Neuropathy
"Clinical notes: Patient presenting with severe sore throat, pain with swallowing and fever.",Pharyngitis
Feeling dark urine,Hepatitis B
"Experiencing acute dull aching head pain, scalp tenderness and shoulder tension.",Tension Headache
I have bloating,Gastritis
I have pain radiating to jaw or left arm,Coronary Artery Disease
"Over the last 48 hours, I noticed excess facial hair, weight gain and ovarian cysts.",Polycystic Ovary Syndrome
"Been having persistent sad empty mood, loss of interest in hobbies, difficulty sleeping",Major Depressive Disorder
"Experiencing bleeding gums, corkscrew body hair, joint and muscle aches",Scurvy
"Patient presenting with fatigue, joint pain, nausea",Hepatitis B
"I have tingling around bite site and agitation, what could this be?",Rabies Exposure
"I have weakness, cold hands and feet, brittle nails and shortness of breath with mild exertion, what could this be?",Iron Deficiency Anemia
"Over the last 48 hours, I noticed round moon face and easy bruising.",Cushing's Syndrome
"Over the last 48 hours, I noticed persistent cough for more than 3 weeks, coughing blood and night sweats.",Tuberculosis
Feeling chronic pelvic pain,Interstitial Cystitis
"My main issues right now are joint stiffness in mornings, grating sensation and bone spurs.",Osteoarthritis
"Patient presenting with brief speech slurring, temporary dizziness, arm weakness",Transient Ischemic Attack (TIA)
"Doctor, I've had frequent urination and fatigue for the past few days.",Diabetes Type 1
I'm experiencing dry cough and headache.,Influenza
I'm experiencing nausea and low-grade fever.,Appendicitis
Feeling burning stomach,Gastritis
Feeling fatigue,Coronary Artery Disease
"I feel terrible with muscle weakness, chronic fatigue and hair loss.",Vitamin D Deficiency
"Suffering from rapid heart rate upon standing, dizziness on standing, palpitations",Postural Orthostatic Tachycardia (POTS)
Experiencing acute salt cravings and nausea.,Addison's Disease
"I've been dealing with easy or excessive bruising, petechiae (superficial pinpoint purple spots on skin) and nosebleeds and it is getting worse.",Thrombocytopenia
Experiencing unintended weight loss,Hyperthyroidism
Patient reports pain radiating to left arm neck or jaw and dizziness with increasing discomfort.,Heart Attack
"Noticed severe burning stomach pain between meals, bloating, nausea",Peptic Ulcer
"Experiencing nausea, vomiting, dehydration",Gastroenteritis
"Over the last 48 hours, I noticed sudden hair loss and exclamation point hairs.",Alopecia Areata
"Noticed severe persistent diarrhea, weight loss, mouth sores",Crohn's Disease
"Clinical notes: Patient presenting with chronic diarrhea, bloating and weight loss.",Celiac Disease
"Suffering from frequent infections and low mood, need medical guidance.",Vitamin D Deficiency
Feeling joint and muscle aches,Scurvy
"Clinical notes: Patient presenting with sharp ear pain, muffled hearing and feeling of fullness in ear.",Otitis Media
Feeling extreme fatigue,Mononucleosis
Experiencing breathlessness with exercise,Aortic Stenosis
"I'm experiencing chronic cough, excess sputum, chest tightness and fatigue.",COPD
I'm experiencing increased thirst and frequent nighttime urination.,Diabetes Type 2
Lately I have been feeling fever and swollen lymph nodes.,Lyme Disease
"Patient reports dark yellow urine, dry mouth and dizziness upon standing with increasing discomfort.",Dehydration
"My main issues right now are loud snoring, morning headache and excessive daytime sleepiness.",Sleep Apnea
"Woke up today with fever, severe sore throat and enlarged spleen.",Mononucleosis
I have hard dry stools,Constipation
"Doctor, I've had mild chronic anemia, slight fatigue, pale appearance",Thalassemia Minor
Feeling rapid pulse,Pancreatitis
"I have shivering chills, nausea, painful frequent urination",Pyelonephritis
"Clinical notes: Patient presenting with heartburn, chest burning, difficulty swallowing and sour taste in mouth.",GERD
"I have intense skin itching, red to brownish-gray patches, small raised bumps and raw sensitive skin from scratching, what could this be?",Eczema
"I have extreme fatigue, severe sore throat, enlarged spleen",Mononucleosis
Experiencing acute fever and bad breath.,Tonsillitis
"Been having dark urine, joint pain, nausea",Hepatitis B
I have dry persistent cough,Pleural Effusion
"I have white or yellow coating on tonsils, painful swallowing, bad breath",Tonsillitis
Feeling round moon face,Cushing's Syndrome
I feel terrible with nausea and vomiting.,Gallstones
"Doctor, I've had severe sore throat, pain with swallowing and swollen neck lymph nodes for the past few days.",Pharyngitis
Experiencing lingering joint discomfort,Gout
I've been dealing with impaired balance and shuffling gait and it is getting worse.,Parkinson's Disease
"Patient reports skin warm to touch, fever and blisters over red area with increasing discomfort.",Cellulitis
"Patient reports waking up during the night, waking up too early, daytime fatigue and irritability with increasing discomfort.",Insomnia Disorder
"Been having sudden high fever, pain behind the eyes, mild bleeding",Dengue Fever
It started yesterday with hyperpigmentation (darkened skin) and low blood pressure.,Addison's Disease
"I have tingling in hands and feet and fatigue, what could this be?",Diabetes Type 2
I have raised red itchy welts,Urticaria
"Woke up today with excess facial hair, severe acne, weight gain and ovarian cysts.",Polycystic Ovary Syndrome
"Feeling persistent cough, mucus production, chest discomfort",Bronchitis
"Doctor, I've had smooth red tongue, fatigue, unsteady balance",Vitamin B12 Deficiency
I have chronic fatigue,Fibromyalgia
My main issues right now are chronic fatigue and low mood.,Vitamin D Deficiency
It started yesterday with vomiting and muscle cramps.,Cholera
"Doctor, I've had fever, severe sore throat, enlarged spleen and headache for the past few days.",Mononucleosis
"Over the last 48 hours, I noticed intense fear of social interactions, blushing and sweating around people and avoidance of social situations.",Social Anxiety Disorder
"Experiencing memory problems, unsteady balance, pale or jaundiced skin",Vitamin B12 Deficiency
"I have shortness of breath when lying flat, swelling in legs and ankles, persistent fatigue and wheezing, what could this be?",Heart Failure
"I'm experiencing animal bite on skin, fever and anxiety.",Rabies Exposure
Feeling chills,Lyme Disease
"Woke up today with profuse watery diarrhea, vomiting and sunken eyes.",Cholera
I've been dealing with red skin patches covered with thick silvery scales and pitted thickened nails and it is getting worse.,Psoriasis
"Lately I have been feeling loss of taste or smell, fatigue, sore throat and body aches.",COVID-19
"Been having straining during bowel movements, feeling of incomplete evacuation, bloating",Constipation
"My main issues right now are sudden intense terror, trembling, feeling of choking and fear of losing control.",Panic Disorder
Experiencing weight loss,Crohn's Disease
"Experiencing constant severe lower left abdominal pain, constipation, abdominal tenderness",Diverticulitis
Clinical notes: Patient presenting with constant severe lower left abdominal pain and abdominal tenderness.,Diverticulitis
"Experiencing acute dizziness on standing, brain fog, extreme fatigue and palpitations.",Postural Orthostatic Tachycardia (POTS)
Experiencing high fasting blood glucose,Metabolic Syndrome
Feeling rapid heart rate,Pulmonary Embolism
"Suffering from muscle stiffness, slow movement, shuffling gait",Parkinson's Disease
"I have joint stiffness in mornings, loss of joint flexibility and bone spurs, what could this be?",Osteoarthritis
"Suffering from fatigue, dull discomfort in upper right abdomen, slight liver enlargement and elevated liver enzymes, need medical guidance.",Fatty Liver Disease
"I have profuse watery diarrhea, rapid dehydration and low blood pressure, what could this be?",Cholera
Feeling sleep disturbance,Generalized Anxiety Disorder
Feeling enlarged tender neck nodes,Tonsillitis
"My main issues right now are bone pain, muscle weakness and low mood.",Vitamin D Deficiency
Clinical notes: Patient presenting with fever and itching.,Shingles
Feeling persistent cough,Asthma
Lately I have been feeling light sensitivity and sound sensitivity.,Migraine
"I've been dealing with rapid heart rate upon standing, dizziness on standing and extreme fatigue and it is getting worse.",Postural Orthostatic Tachycardia (POTS)
"Feeling fever, feeling of fullness in ear, irritability",Otitis Media
"Suffering from sudden intense terror, chest tightness, feeling of choking",Panic Disorder
"I cannot sleep because of bone pain, chronic fatigue and hair loss.",Vitamin D Deficiency
"Feeling severe upper abdominal pain radiating to back, rapid pulse, fever",Pancreatitis
I cannot sleep because of easy or excessive bruising and petechiae (superficial pinpoint purple spots on skin).,Thrombocytopenia
Patient reports daytime fatigue and difficulty concentrating with increasing discomfort.,Insomnia Disorder
"I feel terrible with morning joint stiffness lasting >1 hour, fatigue and fever.",Rheumatoid Arthritis
Experiencing frequent urge to urinate,Urinary Tract Infection
Experiencing acute red swollen tonsils and bad breath.,Tonsillitis
Experiencing feeling of incomplete evacuation,Constipation
"Patient presenting with high fever, tiny white spots inside mouth, blotchy skin rash",Measles
"Suffering from extreme fatigue, swollen lymph nodes in neck, enlarged spleen",Mononucleosis
Feeling loss of appetite,Appendicitis
"Doctor, I've had runny nose, sneezing, sore throat",Common Cold
"Suffering from sneezing, mild cough and mild headache, need medical guidance.",Common Cold
"I'm experiencing frequent sneezing, itchy watery eyes, itchy roof of mouth and nasal congestion.",Allergic Rhinitis
"I'm experiencing sudden facial drooping, arm weakness, sudden severe headache and loss of balance.",Stroke
"Patient presenting with profuse watery diarrhea, muscle cramps, sunken eyes",Cholera
"Doctor, I've had body aches and dehydration for the past few days.",Gastroenteritis
Feeling dropping objects,Carpal Tunnel Syndrome
"I've been dealing with shortness of breath, chest tightness, persistent cough and difficulty breathing and it is getting worse.",Asthma
Feeling transient vision loss,Transient Ischemic Attack (TIA)
"I feel terrible with bright red rectal bleeding, itching around anus and swelling or lump near anus.",Hemorrhoids
"I have abdominal pain, dark urine, loss of appetite",Hepatitis A
My main issues right now are high blood pressure and facial puffiness in mornings.,Glomerulonephritis
I feel terrible with fever and nausea.,Diverticulitis
"Experiencing visual flashes, tingling in face or hands, nausea",Migraine with Aura
"Clinical notes: Patient presenting with burning stomach pain between meals, bloating, nausea and unexplained weight loss.",Peptic Ulcer
I have round coin-sized smooth bald patches on scalp,Alopecia Areata
Experiencing acute pain worse in mornings and improves with exercise and fatigue.,Ankylosing Spondylitis
Lately I have been feeling sudden spinning sensation when turning head and nausea with head movement.,Benign Paroxysmal Positional Vertigo
"Experiencing gas, weight loss, skin rash",Celiac Disease
"Suffering from clear skin in center of ring, skin peeling and cracked skin, need medical guidance.",Fungal Skin Infection
"Suffering from swelling in one calf or leg and warmth in affected leg, need medical guidance.",Deep Vein Thrombosis
Feeling sudden severe pain in upper right abdomen,Gallstones
"Doctor, I've had high fever, shortness of breath, chills",Pneumonia
Experiencing chronic pelvic pain,Interstitial Cystitis
"Suffering from bloating, gas, alternating diarrhea and constipation and food intolerance, need medical guidance.",Irritable Bowel Syndrome
"It started yesterday with throbbing headache, nausea and sound sensitivity.",Migraine
"It started yesterday with chronic cough, shortness of breath with exertion and chest tightness.",COPD
Clinical notes: Patient presenting with dark yellow urine and sunken eyes.,Dehydration
"I'm experiencing smooth red tongue, fatigue and unsteady balance.",Vitamin B12 Deficiency
I have feeling full too quickly,Peptic Ulcer
"I have tingling in hands and feet, smooth red tongue, unsteady balance",Vitamin B12 Deficiency
"Noticed severe sudden facial drooping, slurred speech, vision loss",Stroke
"I cannot sleep because of sudden severe pain in upper right abdomen, nausea and vomiting.",Gallstones
"I'm experiencing extreme fatigue, weakness, brittle nails and shortness of breath with mild exertion.",Iron Deficiency Anemia
"Experiencing severe acne, thinning hair on scalp, ovarian cysts",Polycystic Ovary Syndrome
I feel terrible with fluttering in chest and fainting episodes.,Arrhythmia
Experiencing clear runny nose,Allergic Rhinitis
"Clinical notes: Patient presenting with scalp tenderness, neck stiffness and shoulder tension.",Tension Headache
"Feeling cough with phlegm, fatigue, rapid breathing",Pneumonia
Experiencing tiny blisters between fingers wrists and waistline,Scabies
"I've been dealing with loss of joint flexibility, grating sensation and bone spurs and it is getting worse.",Osteoarthritis
"Doctor, I've had muffled hearing, fever, feeling of fullness in ear",Otitis Media
"I'm experiencing excess sputum, wheezing, chest tightness and fatigue.",COPD
Feeling pale or jaundiced skin,Vitamin B12 Deficiency
I have heart palpitations,Pericarditis
"I have skin warm to touch, rapidly expanding redness and blisters over red area, what could this be?",Cellulitis
"I cannot sleep because of dull aching head pain, neck stiffness and shoulder tension.",Tension Headache
I'm experiencing squeezing chest pain with physical exertion and shortness of breath.,Angina Pectoris
Experiencing feeling full too quickly,Peptic Ulcer
"Suffering from persistent sad empty mood, loss of interest in hobbies, feelings of worthlessness and difficulty sleeping, need medical guidance.",Major Depressive Disorder
Experiencing sound sensitivity,Migraine
Experiencing acute clear runny nose and nasal congestion.,Allergic Rhinitis
Experiencing skin warm to touch,Cellulitis
Feeling limited range of motion,Gout
"Doctor, I've had resting tremor, muscle stiffness and slow movement for the past few days.",Parkinson's Disease
Feeling extreme thirst,Dehydration
Feeling extreme hunger,Diabetes Type 1
"My main issues right now are sharp lower right abdominal pain, vomiting and low-grade fever.",Appendicitis
"I feel terrible with difficulty falling asleep, daytime fatigue and irritability.",Insomnia Disorder
Patient reports cloudy foul-smelling urine and blood in urine with increasing discomfort.,Acute Cystitis
"I'm experiencing dizziness, nosebleeds and chest tightness.",Hypertension
"Doctor, I've had sudden one-sided facial paralysis, drooping mouth and drooling for the past few days.",Bell's Palsy
"Doctor, I've had pain with swallowing, red swollen tonsils, fever and swollen neck lymph nodes for the past few days.",Pharyngitis
Woke up today with severe sore throat and red swollen tonsils.,Pharyngitis
"Noticed severe tingling in face or hands, nausea, light sensitivity",Migraine with Aura
"Patient reports persistent excessive worry, restlessness, difficulty concentrating and irritability with increasing discomfort.",Generalized Anxiety Disorder
"Suffering from morning headache, dizziness, blurred vision and chest tightness, need medical guidance.",Hypertension
"Over the last 48 hours, I noticed morning headache, excessive daytime sleepiness and dry mouth on waking.",Sleep Apnea
Woke up today with night sweats and chest pain.,Tuberculosis
"Doctor, I've had dizziness upon standing, infrequent urination and sunken eyes for the past few days.",Dehydration
Experiencing bright red rectal bleeding,Hemorrhoids
"Clinical notes: Patient presenting with abrupt high fever, severe crippling joint pain and muscle pain.",Chikungunya
"Lately I have been feeling hard dry stools, straining during bowel movements, abdominal fullness and bloating.",Constipation
"Doctor, I've had excess sputum, chest tightness, fatigue",COPD
Experiencing rapidly expanding redness,Cellulitis
"I have restlessness and muscle tension, what could this be?",Generalized Anxiety Disorder
Experiencing pale or jaundiced skin,Vitamin B12 Deficiency
"I feel terrible with runny nose, sneezing and nasal congestion.",Common Cold
"I have arm weakness, loss of balance, vision loss",Stroke
I feel terrible with body ache and dry cough.,Influenza
"Feeling loss of taste or smell, shortness of breath, sore throat",COVID-19
Experiencing acute fever and tiredness.,Chickenpox
"I feel terrible with red swollen tender skin area, skin warm to touch and blisters over red area.",Cellulitis
"Been having emotional exhaustion, chronic physical fatigue, frequent headaches",Chronic Stress / Burnout
"Patient presenting with chronic fatigue, joint aches, jaundice",Hepatitis C
"Over the last 48 hours, I noticed gas and alternating diarrhea and constipation.",Irritable Bowel Syndrome
"Experiencing bloating, weight loss, fatigue",Celiac Disease
"Clinical notes: Patient presenting with headache, stomach pain, constipation or diarrhea and rose-colored rash.",Typhoid Fever
"Over the last 48 hours, I noticed severe itching, dry cracked scaly skin and bumps and blisters.",Contact Dermatitis
"It started yesterday with easy or excessive bruising, prolonged bleeding from small cuts and bleeding gums.",Thrombocytopenia
Experiencing rapid heart rate,Hyperthyroidism
Feeling changes in appetite or weight,Major Depressive Disorder
Experiencing small raised bumps,Eczema
"I'm experiencing rapid heartbeat, dizziness and blurred vision.",Hypoglycemia
"Been having persistent diarrhea, weight loss, rectal bleeding",Crohn's Disease
"Doctor, I've had chronic cough, shortness of breath with exertion, fatigue",COPD
"Feeling shortness of breath, dry persistent cough, fever",Pleural Effusion
"Woke up today with gasping for air during sleep, morning headache and excessive daytime sleepiness.",Sleep Apnea
Feeling bleeding gums,Thrombocytopenia
I've been dealing with extreme fatigue and pale skin and it is getting worse.,Iron Deficiency Anemia
"Doctor, I've had electric shock sensations, vision loss in one eye and unsteady gait for the past few days.",Multiple Sclerosis
Feeling sudden hair loss,Alopecia Areata
"I have chills, body ache, dry cough and sore throat, what could this be?",Influenza
"Doctor, I've had animal bite on skin, fever, agitation",Rabies Exposure
Woke up today with unexplained weight gain and cold intolerance.,Hypothyroidism
"Over the last 48 hours, I noticed upper abdominal pain, burning stomach, loss of appetite and belching.",Gastritis
"I have unexplained weight gain, cold intolerance, brittle hair",Hypothyroidism
Feeling cold intolerance,Hypothyroidism
"Lately I have been feeling fever, feeling of fullness in ear and irritability.",Otitis Media
"My main issues right now are emotional exhaustion, cynicism and detachment, reduced personal accomplishment and frequent headaches.",Chronic Stress / Burnout
Woke up today with tingling sensations and muscle weakness.,Peripheral Neuropathy
I have reduced smell,Sinusitis
"Been having sudden severe pain in upper right abdomen, pain radiating to right shoulder, indigestion after fatty meals",Gallstones
"Suffering from nausea and indigestion after fatty meals, need medical guidance.",Gallstones
I'm experiencing persistent cough and wheezing.,Bronchitis
Feeling skin sensitivity,Shingles
"Over the last 48 hours, I noticed gasping for air during sleep and morning headache.",Sleep Apnea
"Woke up today with animal bite on skin, tingling around bite site, headache and anxiety.",Rabies Exposure
Feeling difficulty sleeping,Major Depressive Disorder
Woke up today with bloating and skin rash.,Celiac Disease
"I cannot sleep because of fatigue, yellowing of skin and eyes and nausea.",Hepatitis B
Experiencing blotchy skin rash,Measles
"Patient presenting with persistent excessive worry, restlessness, difficulty concentrating",Generalized Anxiety Disorder
"Clinical notes: Patient presenting with unexplained weight gain, cold intolerance and muscle weakness.",Hypothyroidism
"I have cough and red watery eyes, what could this be?",Measles
Experiencing raw sensitive skin from scratching,Eczema
"Patient presenting with numbness in limbs, tremor, unsteady gait",Multiple Sclerosis
"Suffering from itchy watery eyes, itchy roof of mouth, nasal congestion",Allergic Rhinitis
Woke up today with coughing blood and night sweats.,Tuberculosis
"Noticed severe profuse sweating, nausea, body ache",Malaria
"Been having large waist circumference, high blood pressure, low HDL cholesterol",Metabolic Syndrome
Feeling salt cravings,Addison's Disease
"Over the last 48 hours, I noticed high fever, runny nose, tiny white spots inside mouth and blotchy skin rash.",Measles
Experiencing high triglycerides,Metabolic Syndrome
I cannot sleep because of fever and tenderness to touch.,Pancreatitis
"Feeling watery diarrhea, stomach cramps, nausea",Gastroenteritis
I cannot sleep because of dizziness on standing and extreme fatigue.,Postural Orthostatic Tachycardia (POTS)
"I feel terrible with high fever, chest pain, shortness of breath and fatigue.",Pneumonia
"Doctor, I've had profuse watery diarrhea, muscle cramps, low blood pressure",Cholera
"I've been dealing with recurrent abdominal cramps, persistent diarrhea, fatigue and mouth sores and it is getting worse.",Crohn's Disease
Experiencing red skin patches covered with thick silvery scales,Psoriasis
"Over the last 48 hours, I noticed severe sore throat, red swollen tonsils and fever.",Pharyngitis
Feeling sunken eyes,Cholera
"Over the last 48 hours, I noticed low blood pressure and salt cravings.",Addison's Disease
I feel terrible with raised red itchy welts and swelling that changes shape and location.,Urticaria
"It started yesterday with pressure in chest relieved by rest, shortness of breath and nausea.",Angina Pectoris
Feeling straining during bowel movements,Constipation
"My main issues right now are persistent diarrhea, weight loss and mouth sores.",Crohn's Disease
"My main issues right now are emotional exhaustion, frequent headaches and digestive upset.",Chronic Stress / Burnout
Experiencing slow heartbeat,Arrhythmia
"Experiencing acute foamy urine, nausea and loss of appetite.",Chronic Kidney Disease
Experiencing dry persistent cough,Pleural Effusion
My main issues right now are muffled hearing and fever.,Otitis Media
I have low-grade fever,Acute Cystitis
"I'm experiencing widespread musculoskeletal pain, chronic fatigue and cognitive brain fog.",Fibromyalgia
Experiencing chronic fatigue,Hepatitis C
I have thinning hair on scalp,Polycystic Ovary Syndrome
"Doctor, I've had chest tightness and difficulty breathing for the past few days.",Asthma
I have rapid heart rate,Hyperthyroidism
"Suffering from urgent need to defecate, cramping abdominal pain, weight loss",Ulcerative Colitis
"I have numbness and tingling in thumb index and middle fingers, hand weakness and pain radiating up forearm, what could this be?",Carpal Tunnel Syndrome
"It started yesterday with facial redness across cheeks and nose, visible broken blood vessels and swollen red bumps resembling acne.",Rosacea
I have itchy watery eyes,Allergic Rhinitis
"Experiencing acute red sores around nose and mouth, mild itching and painless sores.",Impetigo
I cannot sleep because of tender red bumps (papules) and deep painful cystic lumps.,Acne Vulgaris
I have joint stiffness near shoulder elbow or heel,Tendinitis
"Feeling nausea, low-grade fever, loss of appetite",Appendicitis
I have high fever,Influenza
I feel terrible with muffled hearing and feeling of fullness in ear.,Otitis Media
I have shortness of breath,Coronary Artery Disease
"Experiencing chronic diarrhea, bloating, fatigue",Celiac Disease
"I feel terrible with tender red bumps (papules), pimples with pus (pustules) and deep painful cystic lumps.",Acne Vulgaris
Experiencing stomach cramps,Gastroenteritis
"Noticed severe watery diarrhea, body aches, dehydration",Gastroenteritis
"Over the last 48 hours, I noticed dry cracked skin that may bleed and pitted thickened nails.",Psoriasis
"I've been dealing with smooth red tongue, unsteady balance and pale or jaundiced skin and it is getting worse.",Vitamin B12 Deficiency
"Lately I have been feeling pain radiating to left arm neck or jaw, shortness of breath and severe nausea.",Heart Attack
"I have fever, severe sore throat and headache, what could this be?",Mononucleosis
Clinical notes: Patient presenting with bloating and dark stools.,Peptic Ulcer
Feeling burning stomach pain between meals,Peptic Ulcer
"I have resting tremor, slow movement, impaired balance and shuffling gait, what could this be?",Parkinson's Disease
Feeling blood in urine,Acute Cystitis
"Experiencing acute unintended weight loss, extreme hunger and blurred vision.",Diabetes Type 1
Experiencing mucus in stool,Irritable Bowel Syndrome
"I'm experiencing persistent cough, mucus production, mild fever and fatigue.",Bronchitis
"Woke up today with persistent sad empty mood, fatigue, feelings of worthlessness and difficulty sleeping.",Major Depressive Disorder
Feeling chest pain on deep inhalation,Pleural Effusion
"I feel terrible with high fever, flank pain on one side, vomiting and painful frequent urination.",Pyelonephritis
I have nausea,Angina Pectoris
"I have cyclical high fever, headache, body ache",Malaria
Experiencing acute wheezing and shortness of breath.,Asthma
Experiencing trembling hands,Hyperthyroidism
"I've been dealing with red watery eyes, tiny white spots inside mouth and blotchy skin rash and it is getting worse.",Measles
"It started yesterday with stomach cramps, vomiting, body aches and dehydration.",Gastroenteritis
"Patient presenting with dizziness on standing, trembling, extreme fatigue",Postural Orthostatic Tachycardia (POTS)
"Been having extreme thirst, dark yellow urine, dizziness upon standing",Dehydration
"Patient reports heartburn, chronic dry cough and sour taste in mouth with increasing discomfort.",GERD
"Suffering from widespread musculoskeletal pain, chronic fatigue, tender trigger points",Fibromyalgia
"Woke up today with constant severe lower left abdominal pain, nausea and bloating.",Diverticulitis
"I'm experiencing red swollen tonsils, white or yellow coating on tonsils and fever.",Tonsillitis
Patient reports cough with phlegm and chest pain with increasing discomfort.,Pneumonia
"I have abdominal cramping and bloating, what could this be?",Irritable Bowel Syndrome
"Clinical notes: Patient presenting with excruciating pain around one eye, tearing, nasal congestion on one side and restlessness.",Cluster Headache
"Patient presenting with constipation, muscle weakness, brittle hair",Hypothyroidism
"It started yesterday with fatigue, abdominal pain, pale stools and loss of appetite.",Hepatitis A
Patient reports red rash localized to area of contact and burning sensation with increasing discomfort.,Contact Dermatitis
"Patient reports burning stomach pain between meals, nausea and unexplained weight loss with increasing discomfort.",Peptic Ulcer
"Suffering from shivering chills, vomiting and painful frequent urination, need medical guidance.",Pyelonephritis
"My main issues right now are swelling in ankles and feet, foamy urine and nausea.",Chronic Kidney Disease
I feel terrible with dry throat and dry cough.,Laryngitis
"Noticed severe extreme thirst, infrequent urination, sunken eyes",Dehydration
I have daytime fatigue,Insomnia Disorder
"I have frequent painful urination, cloudy foul-smelling urine, blood in urine",Acute Cystitis
"Been having resting tremor, slow movement, soft voice",Parkinson's Disease
"I have extreme thirst, dizziness upon standing and sunken eyes, what could this be?",Dehydration
"Patient presenting with vomiting, loss of appetite, rebound tenderness",Appendicitis
"Feeling cough, red watery eyes, blotchy skin rash",Measles
Feeling cognitive brain fog,Fibromyalgia
Feeling low blood pressure,Cholera
"Suffering from fever, loss of taste or smell and fatigue, need medical guidance.",COVID-19
"Suffering from enlarged tender neck nodes and bad breath, need medical guidance.",Tonsillitis
Experiencing numbness in leg or foot,Sciatica
"Patient reports fever, dry cough and loss of taste or smell with increasing discomfort.",COVID-19
Experiencing vomiting,Appendicitis
"Lately I have been feeling severe itching, dry cracked scaly skin and burning sensation.",Contact Dermatitis
I feel terrible with dizziness and numbness in fingers.,Electrolyte Imbalance
"Lately I have been feeling slow-healing cuts, tingling in hands and feet and darkened skin patches.",Diabetes Type 2
"Been having watery diarrhea, nausea, vomiting",Gastroenteritis
Experiencing sour taste in mouth,GERD
"Experiencing cyclical high fever, profuse sweating, headache",Malaria
"Doctor, I've had high fever, chills, body ache and sore throat for the past few days.",Influenza
"Suffering from persistent cough for more than 3 weeks, unexplained weight loss, chest pain",Tuberculosis
"Doctor, I've had fatigue, muscle weakness, brittle hair",Hypothyroidism
I feel terrible with scaly skin and skin peeling.,Fungal Skin Infection
I cannot sleep because of swelling and redness of big toe and limited range of motion.,Gout
"Over the last 48 hours, I noticed corkscrew body hair and joint and muscle aches.",Scurvy
"Experiencing severe headache, pain behind the eyes, mild bleeding",Dengue Fever
Feeling anxiety,Rabies Exposure
"Experiencing acute runny nose, sore throat, mild cough and nasal congestion.",Common Cold
"Patient reports dizziness, shortness of breath and chest tightness with increasing discomfort.",Hypertension
I have coldness in lower leg or foot,Peripheral Artery Disease
"Patient reports rapid heart rate, trembling hands, sweating and anxiety with increasing discomfort.",Hyperthyroidism
"Patient presenting with rapid heartbeat, dizziness, hunger",Hypoglycemia
"Lately I have been feeling breathlessness with exercise, fainting or dizziness upon standing, heart murmur and fatigue.",Aortic Stenosis
"It started yesterday with recurrent abdominal cramps, fatigue, mouth sores and rectal bleeding.",Crohn's Disease
"Patient reports severe sharp flank pain, pain radiating to lower abdomen and groin and painful urination with increasing discomfort.",Kidney Stones
"I have bullseye skin rash, stiff neck and swollen lymph nodes, what could this be?",Lyme Disease
Lately I have been feeling rapid heart rate and anxiety.,Hyperthyroidism
I have frequent urge to urinate,Urinary Tract Infection
"I've been dealing with uncontrolled jerking movements, temporary confusion, loss of consciousness and aura and it is getting worse.",Epilepsy
"My main issues right now are gritty feeling in eye, itchy eyes and crusty eyelids in morning.",Conjunctivitis
Lately I have been feeling dizziness and confusion.,Hypoglycemia
"Been having wheezing, shortness of breath, persistent cough",Asthma
"I have stomach cramps, body aches, dehydration",Gastroenteritis
"Feeling tearing, nasal congestion on one side, restlessness",Cluster Headache
I have pain radiating to right shoulder,Gallstones
I have fatigue,Hepatitis B
Experiencing stinging eyes,Dry Eye Syndrome
"I cannot sleep because of chest tightness during activity, heart murmur and fatigue.",Aortic Stenosis
"I have fever, nausea and bloating, what could this be?",Diverticulitis
Patient reports fever and heart palpitations with increasing discomfort.,Pericarditis
I have cramping leg pain when walking (claudication),Peripheral Artery Disease
"Noticed severe corkscrew body hair, joint and muscle aches, fatigue",Scurvy
"Over the last 48 hours, I noticed bloating, gas, fatigue and skin rash.",Celiac Disease
Feeling joint aching or stiffness,Bursitis
"I have abrupt high fever, severe crippling joint pain and joint swelling, what could this be?",Chikungunya
"Suffering from gradual loss of height over time, back pain caused by collapsed vertebra, bone fractures easily",Osteoporosis
"I cannot sleep because of bleeding gums, corkscrew body hair, joint and muscle aches and slow wound healing.",Scurvy
"Noticed severe itchy fluid-filled blisters, fever, tiredness",Chickenpox
"I'm experiencing nausea, abdominal pain and dark urine.",Hepatitis A
"It started yesterday with chest pain on deep inhalation, fever and rapid shallow breathing.",Pleural Effusion
"I have shortness of breath and body aches, what could this be?",COVID-19
"Over the last 48 hours, I noticed fever and severe sore throat.",Mononucleosis
I cannot sleep because of shortness of breath and dry persistent cough.,Pleural Effusion
I've been dealing with burning sensation when urinating and frequent urge to urinate and it is getting worse.,Urinary Tract Infection
It started yesterday with brain fog and palpitations.,Postural Orthostatic Tachycardia (POTS)
"Patient reports persistent sad empty mood, fatigue and feelings of worthlessness with increasing discomfort.",Major Depressive Disorder
Lately I have been feeling rapid heart rate upon standing and trembling.,Postural Orthostatic Tachycardia (POTS)
"Suffering from sudden facial drooping, slurred speech and loss of balance, need medical guidance.",Stroke
"Lately I have been feeling headache, stomach pain and extreme fatigue.",Typhoid Fever
"Noticed severe fever, severe sore throat, headache",Mononucleosis
"Patient reports red sores around nose and mouth, sores rupture and form honey-colored crusts and painless sores with increasing discomfort.",Impetigo
"Experiencing acute extreme fatigue, fever, severe sore throat and headache.",Mononucleosis
"Doctor, I've had slurred speech and sudden severe headache for the past few days.",Stroke
I have reduced personal accomplishment,Chronic Stress / Burnout
"I've been dealing with nausea, vomiting and indigestion after fatty meals and it is getting worse.",Gallstones
I have pain during bowel movements,Hemorrhoids
"Woke up today with coughing blood, night sweats, unexplained weight loss and chest pain.",Tuberculosis
"Doctor, I've had frequent sneezing, clear runny nose, itchy roof of mouth",Allergic Rhinitis
Feeling headache,Chikungunya
Feeling thick nasal discharge,Sinusitis
Feeling vomiting,Appendicitis
"I cannot sleep because of frequent urination, extreme hunger and blurred vision.",Diabetes Type 1
"Doctor, I've had fatigue, cold intolerance, muscle weakness",Hypothyroidism
I have dribbling after urination,Benign Prostatic Hyperplasia
I have difficulty swallowing,GERD
"My main issues right now are facial pain, nasal congestion, thick nasal discharge and reduced smell.",Sinusitis
"I have pounding racing heart, feeling of choking, fear of losing control",Panic Disorder
"Patient reports fever, severe sore throat, swollen lymph nodes in neck and enlarged spleen with increasing discomfort.",Mononucleosis
"I cannot sleep because of facial pain, nasal congestion, thick nasal discharge and headache.",Sinusitis
"Suffering from resting tremor and muscle stiffness, need medical guidance.",Parkinson's Disease
"Woke up today with extreme thirst, dizziness upon standing, infrequent urination and sunken eyes.",Dehydration
My main issues right now are fatigue and dry skin.,Hypothyroidism
"Lately I have been feeling severe crippling joint pain, joint swelling and headache.",Chikungunya
"I have persistent cough for more than 3 weeks, night sweats, fever",Tuberculosis
Experiencing headache,Sinusitis
"Doctor, I've had resting tremor, muscle stiffness and impaired balance for the past few days.",Parkinson's Disease
Experiencing chest tightness,Hypertension
"Clinical notes: Patient presenting with persistent cough for more than 3 weeks, coughing blood, night sweats and chest pain.",Tuberculosis
"Noticed severe itchy fluid-filled blisters, fever, headache",Chickenpox
"Patient reports upper abdominal pain, burning stomach, nausea and belching with increasing discomfort.",Gastritis
"I cannot sleep because of large waist circumference, high blood pressure, high triglycerides and low HDL cholesterol.",Metabolic Syndrome
"Experiencing sharp lower right abdominal pain, nausea, low-grade fever",Appendicitis
"Been having tremor, vision loss in one eye, unsteady gait",Multiple Sclerosis
"Feeling cold hands and feet, brittle nails, shortness of breath with mild exertion",Iron Deficiency Anemia
"My main issues right now are racing heartbeat, slow heartbeat and dizziness.",Arrhythmia
"Doctor, I've had bone pain, muscle weakness, low mood",Vitamin D Deficiency
"Been having constant severe lower left abdominal pain, bloating, abdominal tenderness",Diverticulitis
"I have nausea and mild fever, what could this be?",Gastroenteritis
Experiencing constant severe lower left abdominal pain,Diverticulitis
"Experiencing sudden intense joint pain in big toe, lingering joint discomfort, limited range of motion",Gout
"Over the last 48 hours, I noticed nausea, constipation, bloating and abdominal tenderness.",Diverticulitis
"Feeling abdominal cramping, bloating, food intolerance",Irritable Bowel Syndrome
"Suffering from slurred speech, sudden severe headache, loss of balance",Stroke
Experiencing itchy fluid-filled blisters,Chickenpox
I'm experiencing wheezing and chest tightness.,Asthma
Feeling metallic taste in mouth,Chronic Kidney Disease
"I have chills, dry cough, sore throat",Influenza
"Experiencing weight gain around abdomen, high blood pressure, muscle weakness",Cushing's Syndrome
"I'm experiencing persistent sad empty mood, loss of interest in hobbies and difficulty sleeping.",Major Depressive Disorder
"Patient presenting with red swollen tonsils, white or yellow coating on tonsils, painful swallowing",Tonsillitis
"Experiencing morning headache, nosebleeds, chest tightness",Hypertension
"Lately I have been feeling nausea, rapid pulse and fever.",Pancreatitis
"Been having nausea, dark urine, pale stools",Hepatitis A
Feeling pale skin,Iron Deficiency Anemia
"Clinical notes: Patient presenting with raised red itchy welts, swelling that changes shape and location and intense itching.",Urticaria
Feeling irritability,Generalized Anxiety Disorder
"Noticed severe cough with phlegm, chest pain, rapid breathing",Pneumonia
"I have painful swallowing and bad breath, what could this be?",Tonsillitis
"I feel terrible with frequent infections, chronic fatigue and low mood.",Vitamin D Deficiency
"I have cramping leg pain when walking (claudication), coldness in lower leg or foot and weak pulse in legs, what could this be?",Peripheral Artery Disease
"Noticed severe intense fear of social interactions, blushing and sweating around people, avoidance of social situations",Social Anxiety Disorder
My main issues right now are slow-healing cuts and fatigue.,Diabetes Type 2
"Patient presenting with foamy urine, nausea, metallic taste in mouth",Chronic Kidney Disease
"Doctor, I've had foamy urine and loss of appetite for the past few days.",Chronic Kidney Disease
Patient reports chronic pelvic pain and pain during intercourse with increasing discomfort.,Interstitial Cystitis
"I feel terrible with rapid heart rate upon standing, brain fog and palpitations.",Postural Orthostatic Tachycardia (POTS)
"Doctor, I've had chronic pelvic pain, pain when bladder fills, pain during intercourse",Interstitial Cystitis
Feeling clear runny nose,Allergic Rhinitis
"Patient reports bloating, nausea, dark stools and unexplained weight loss with increasing discomfort.",Peptic Ulcer
"Feeling tingling in hands and feet, smooth red tongue, fatigue",Vitamin B12 Deficiency
"Suffering from dry mouth, dizziness upon standing, infrequent urination",Dehydration
"Noticed severe gritty feeling in eye, itchy eyes, watery discharge",Conjunctivitis
"Woke up today with petechiae (superficial pinpoint purple spots on skin), prolonged bleeding from small cuts and bleeding gums.",Thrombocytopenia
I have confusion,Hypoglycemia
Experiencing loud snoring,Sleep Apnea
"Doctor, I've had burning sensation in eyes and stinging eyes for the past few days.",Dry Eye Syndrome
I've been dealing with sharp stabbing facial pain and pain triggered by chewing or brushing teeth and it is getting worse.,Trigeminal Neuralgia
"Patient reports nausea, vomiting, loss of appetite and rebound tenderness with increasing discomfort.",Appendicitis
"Feeling nausea, mild fever, dehydration",Gastroenteritis
My main issues right now are difficulty starting urination and frequent nighttime urination.,Benign Prostatic Hyperplasia
"Doctor, I've had excess facial hair and thinning hair on scalp for the past few days.",Polycystic Ovary Syndrome
"Doctor, I've had temporary numbness on one side, temporary dizziness and arm weakness for the past few days.",Transient Ischemic Attack (TIA)
"Noticed severe severe sore throat, pain with swallowing, fever",Pharyngitis
"I have emotional exhaustion, reduced personal accomplishment and chronic physical fatigue, what could this be?",Chronic Stress / Burnout
I've been dealing with pain behind the eyes and mild bleeding and it is getting worse.,Dengue Fever
Feeling slow heartbeat,Arrhythmia
Feeling headache,Malaria
"Noticed severe cyclical high fever, shivering chills, nausea",Malaria
I'm experiencing facial puffiness in mornings and swollen ankles.,Glomerulonephritis
"I have anxiety and bulging eyes, what could this be?",Hyperthyroidism
I cannot sleep because of uncontrolled jerking movements and aura.,Epilepsy
Woke up today with muscle cramps and spasms and numbness in fingers.,Electrolyte Imbalance
Experiencing rectal pain,Ulcerative Colitis
"I have severe acne, thinning hair on scalp, weight gain and ovarian cysts, what could this be?",Polycystic Ovary Syndrome
"It started yesterday with muscle cramps and spasms, confusion, numbness in fingers and extreme fatigue.",Electrolyte Imbalance
"Doctor, I've had numbness and tingling in thumb index and middle fingers and dropping objects for the past few days.",Carpal Tunnel Syndrome
"Suffering from blind spots and nausea, need medical guidance.",Migraine with Aura
Clinical notes: Patient presenting with chest tightness during activity and heart murmur.,Aortic Stenosis
"I have cyclical high fever, nausea and body ache, what could this be?",Malaria
"It started yesterday with bleeding gums, joint and muscle aches, fatigue and slow wound healing.",Scurvy
"Suffering from shortness of breath with exertion, excess sputum, wheezing",COPD
Feeling dark yellow urine,Dehydration
"Doctor, I've had pink or cola-colored urine and high blood pressure for the past few days.",Glomerulonephritis
"Patient presenting with high fever, runny nose, blotchy skin rash",Measles
Experiencing cracked skin,Fungal Skin Infection
I cannot sleep because of chronic cough and fatigue.,COPD
"Suffering from unintended weight loss, trembling hands, sweating",Hyperthyroidism
"Experiencing morning headache, blurred vision, chest tightness",Hypertension
"Experiencing fever, dry cough, shortness of breath",COVID-19
I'm experiencing rapid heart rate and dizziness.,Pulmonary Embolism
"Suffering from fatigue, changes in appetite or weight, difficulty sleeping",Major Depressive Disorder
Experiencing itchy roof of mouth,Allergic Rhinitis
Experiencing fatigue,Vitamin B12 Deficiency
Experiencing pelvic pressure,Urinary Tract Infection
"I've been dealing with urgent need to defecate, rectal pain and fever and it is getting worse.",Ulcerative Colitis
"I have gradual loss of peripheral vision, tunnel vision in advanced stages and blurred vision, what could this be?",Glaucoma
"Over the last 48 hours, I noticed extreme thirst, dark yellow urine, dry mouth and sunken eyes.",Dehydration
"I have cynicism and detachment and digestive upset, what could this be?",Chronic Stress / Burnout
"Doctor, I've had reduced personal accomplishment and digestive upset for the past few days.",Chronic Stress / Burnout
"Noticed severe animal bite on skin, tingling around bite site, anxiety",Rabies Exposure
I've been dealing with racing heartbeat and slow heartbeat and it is getting worse.,Arrhythmia
Lately I have been feeling blood in urine and painful urination.,Kidney Stones
"Been having irregular periods, severe acne, thinning hair on scalp",Polycystic Ovary Syndrome
"Doctor, I've had arm weakness and slurred speech for the past few days.",Stroke
I'm experiencing visible broken blood vessels and swollen red bumps resembling acne.,Rosacea
Feeling upper abdominal pain,Gastritis
Experiencing tender warm swollen joints,Rheumatoid Arthritis
I have loss of appetite,Hepatitis A
"My main issues right now are faded colors, glare and halos around headlights, poor night vision and frequent eyeglasses changes.",Cataract
"Patient reports pain radiating to right shoulder, nausea and indigestion after fatty meals with increasing discomfort.",Gallstones
Lately I have been feeling slow movement and shuffling gait.,Parkinson's Disease
"Lately I have been feeling intense skin itching, dry cracked skin patches, red to brownish-gray patches and raw sensitive skin from scratching.",Eczema
I cannot sleep because of tiredness and headache.,Chickenpox
Patient reports nausea and dark stools with increasing discomfort.,Peptic Ulcer
"I cannot sleep because of persistent fatigue, foamy urine and loss of appetite.",Chronic Kidney Disease
Experiencing intense skin itching,Eczema
"It started yesterday with high blood pressure, high fasting blood glucose and high triglycerides.",Metabolic Syndrome
"I have muffled hearing, fluid draining from ear, fever",Otitis Media
"I've been dealing with fever, dry cough and body aches and it is getting worse.",COVID-19
"Suffering from increased thirst and slow-healing cuts, need medical guidance.",Diabetes Type 2
Clinical notes: Patient presenting with headache and anxiety.,Rabies Exposure
Experiencing bone spurs,Osteoarthritis
It started yesterday with vomiting and low-grade fever.,Appendicitis
Clinical notes: Patient presenting with stringy mucus in eyes and blurred vision after reading.,Dry Eye Syndrome
Feeling shortness of breath,Pleural Effusion
Clinical notes: Patient presenting with severe itching and burning sensation.,Contact Dermatitis
Experiencing rapid pulse,Pancreatitis
"Experiencing acute recurrent abdominal cramps, fatigue and rectal bleeding.",Crohn's Disease
"I cannot sleep because of stomach cramps, nausea and vomiting.",Gastroenteritis
"I've been dealing with muffled hearing, fever and feeling of fullness in ear and it is getting worse.",Otitis Media
Feeling chronic physical fatigue,Chronic Stress / Burnout
"Experiencing gas, weight loss, fatigue",Celiac Disease
"I feel terrible with breathlessness with exercise, chest tightness during activity, fainting or dizziness upon standing and heart murmur.",Aortic Stenosis
"Doctor, I've had chronic cough, excess sputum, wheezing and fatigue for the past few days.",COPD
"It started yesterday with frequent urge to urinate, cloudy urine and pelvic pressure.",Urinary Tract Infection
"Woke up today with poor appetite, yellowing of skin and eyes and dark urine.",Hepatitis B
"I have burning localized pain, fluid-filled blisters on one side of body, fever and itching, what could this be?",Shingles
I've been dealing with fatigue and joint pain and it is getting worse.,Hepatitis B
"Experiencing muscle stiffness, slow movement, soft voice",Parkinson's Disease
Clinical notes: Patient presenting with fluid draining from ear and fever.,Otitis Media
Feeling shortness of breath,Heart Attack
"I have round moon face, weight gain around abdomen, easy bruising and high blood pressure, what could this be?",Cushing's Syndrome
"Over the last 48 hours, I noticed blood in urine and low-grade fever.",Acute Cystitis
"I cannot sleep because of burning sensation in eyes, stinging eyes, stringy mucus in eyes and blurred vision after reading.",Dry Eye Syndrome
"Woke up today with abrupt high fever, muscle pain and headache.",Chikungunya
"Doctor, I've had widespread musculoskeletal pain, chronic fatigue, sleep disturbances",Fibromyalgia
"It started yesterday with profuse watery diarrhea, sunken eyes and low blood pressure.",Cholera
"Over the last 48 hours, I noticed dry mouth and dizziness upon standing.",Dehydration
"Suffering from recurrent abdominal cramps, fatigue, rectal bleeding",Crohn's Disease
"Doctor, I've had dull aching head pain, scalp tenderness, neck stiffness",Tension Headache
"Lately I have been feeling electric shock sensations, tremor and vision loss in one eye.",Multiple Sclerosis
It started yesterday with chronic cough and chest tightness.,COPD
"Patient presenting with resting tremor, slow movement, impaired balance",Parkinson's Disease
"Noticed severe heat intolerance, sweating, bulging eyes",Hyperthyroidism
"I feel terrible with pain behind the eyes, skin rash and mild bleeding.",Dengue Fever
"I have bloating, weight loss, skin rash",Celiac Disease
"Lately I have been feeling cough, runny nose and blotchy skin rash.",Measles
"Over the last 48 hours, I noticed shivering chills, profuse sweating and headache.",Malaria
Lately I have been feeling tiredness and red spots on skin.,Chickenpox
I have coughing blood,Tuberculosis
"Woke up today with unexplained weight gain, dry skin, muscle weakness and brittle hair.",Hypothyroidism
I have fatigue,Lyme Disease
Feeling nausea,Hepatitis B
"Suffering from severe sharp flank pain, nausea, painful urination",Kidney Stones
I cannot sleep because of fatigue and mouth sores.,Crohn's Disease
"Clinical notes: Patient presenting with extreme fatigue, low blood pressure, salt cravings and dizziness.",Addison's Disease
"I have wheezing, shortness of breath, persistent cough and difficulty breathing, what could this be?",Asthma
I cannot sleep because of excruciating pain around one eye and eye redness.,Cluster Headache
"Suffering from intense skin itching, dry cracked skin patches, red to brownish-gray patches and small raised bumps, need medical guidance.",Eczema
Feeling watery diarrhea,Gastroenteritis
"Over the last 48 hours, I noticed swelling in legs and ankles and wheezing.",Heart Failure
"I have nausea, pale stools and yellowing of skin and eyes, what could this be?",Hepatitis A
I cannot sleep because of pressure in chest relieved by rest and nausea.,Angina Pectoris
I've been dealing with burning sensation when urinating and pelvic pressure and it is getting worse.,Urinary Tract Infection
Feeling intense itching worse at night,Scabies
Experiencing temporary numbness on one side,Transient Ischemic Attack (TIA)
I have muscle cramps and spasms,Electrolyte Imbalance
Experiencing acute visible broken blood vessels and eye irritation.,Rosacea
Experiencing chest pain on deep inhalation,Pleural Effusion
Experiencing heat intolerance,Hyperthyroidism
"Suffering from chronic cough, shortness of breath with exertion, wheezing",COPD
"Feeling shortness of breath, sore throat, body aches",COVID-19
"Doctor, I've had slow movement, impaired balance, shuffling gait",Parkinson's Disease
"I'm experiencing bleeding gums, fatigue and slow wound healing.",Scurvy
"My main issues right now are tingling in hands and feet, smooth red tongue, unsteady balance and pale or jaundiced skin.",Vitamin B12 Deficiency
"I have loss of taste or smell and sore throat, what could this be?",COVID-19
I have red watery eyes,Measles
"Feeling cyclical high fever, shivering chills, headache",Malaria
"It started yesterday with sudden shortness of breath, sharp chest pain on breathing and dizziness.",Pulmonary Embolism
"Patient presenting with gradual loss of peripheral vision, tunnel vision in advanced stages, blurred vision",Glaucoma
"Suffering from round moon face, easy bruising and high blood pressure, need medical guidance.",Cushing's Syndrome
"Been having facial pain, nasal congestion, pressure around eyes",Sinusitis
"Over the last 48 hours, I noticed visual flashes, tingling in face or hands, throbbing head pain and light sensitivity.",Migraine with Aura
"Patient presenting with fatigue, sore throat, body aches",COVID-19
I'm experiencing widespread musculoskeletal pain and sleep disturbances.,Fibromyalgia
Feeling restlessness,Generalized Anxiety Disorder
"Feeling hyperpigmentation (darkened skin), salt cravings, nausea",Addison's Disease
"Patient presenting with nausea, bloating, loss of appetite",Gastritis
Experiencing chronic fatigue,Vitamin D Deficiency
Clinical notes: Patient presenting with mild fever and wheezing.,Bronchitis
"Clinical notes: Patient presenting with scaly skin, skin peeling and cracked skin.",Fungal Skin Infection
I have loss of interest in hobbies,Major Depressive Disorder
"Been having itchy fluid-filled blisters, tiredness, loss of appetite",Chickenpox
"Suffering from chronic cough, wheezing, fatigue",COPD
"Lately I have been feeling lower abdominal pressure, blood in urine and low-grade fever.",Acute Cystitis
"My main issues right now are crushing chest pain, cold sweat, severe nausea and dizziness.",Heart Attack
"Woke up today with irregular periods, severe acne and ovarian cysts.",Polycystic Ovary Syndrome
"Noticed severe bone pain, chronic fatigue, low mood",Vitamin D Deficiency
Feeling waking up too early,Insomnia Disorder
Feeling chronic fatigue,Vitamin D Deficiency
I have poor night vision,Cataract
I have bright red rectal bleeding,Hemorrhoids
"I've been dealing with muscle cramps and spasms, dizziness and numbness in fingers and it is getting worse.",Electrolyte Imbalance
"Feeling red swollen tonsils, painful swallowing, enlarged tender neck nodes",Tonsillitis
"Patient presenting with irregular heartbeat, dizziness, extreme fatigue",Electrolyte Imbalance
Patient reports vomiting and indigestion after fatty meals with increasing discomfort.,Gallstones
Woke up today with unsteady balance and pale or jaundiced skin.,Vitamin B12 Deficiency
"Lately I have been feeling hard dry stools, abdominal fullness and bloating.",Constipation
"Patient reports prolonged step-ladder fever, headache and constipation or diarrhea with increasing discomfort.",Typhoid Fever
"Doctor, I've had stiff neck and swollen lymph nodes for the past few days.",Lyme Disease
"Clinical notes: Patient presenting with dizziness on standing, brain fog, trembling and extreme fatigue.",Postural Orthostatic Tachycardia (POTS)
"Doctor, I've had loud snoring and dry mouth on waking for the past few days.",Sleep Apnea
"I've been dealing with morning headache, dizziness and nosebleeds and it is getting worse.",Hypertension
Experiencing acute bleeding gums and slow wound healing.,Scurvy
"Woke up today with high fever, runny nose, red watery eyes and blotchy skin rash.",Measles
Feeling yellowing of skin and eyes,Hepatitis B
I have tiny white spots inside mouth,Measles
Lately I have been feeling shortness of breath and rapid breathing.,Pneumonia
"Over the last 48 hours, I noticed fever, headache, anxiety and agitation.",Rabies Exposure
"Patient presenting with mucus production, chest discomfort, mild fever",Bronchitis
It started yesterday with cloudy or blurry vision and poor night vision.,Cataract
"Suffering from mild chronic anemia and microcytic red blood cells on lab work, need medical guidance.",Thalassemia Minor
Feeling headache,Chickenpox
"I'm experiencing tingling in hands and feet, fatigue, memory problems and unsteady balance.",Vitamin B12 Deficiency
"Been having sudden facial drooping, sudden severe headache, vision loss",Stroke
Experiencing acute temporary numbness on one side and temporary dizziness.,Transient Ischemic Attack (TIA)
"I have burning stomach pain between meals, nausea, dark stools",Peptic Ulcer
"Experiencing acute fever, constipation and abdominal tenderness.",Diverticulitis
"I feel terrible with burning stomach pain between meals, feeling full too quickly, bloating and unexplained weight loss.",Peptic Ulcer
"Clinical notes: Patient presenting with restlessness, muscle tension, difficulty concentrating and sleep disturbance.",Generalized Anxiety Disorder
Feeling muscle stiffness,Parkinson's Disease
I feel terrible with persistent fatigue and rapid weight gain from fluid.,Heart Failure
"I have chills, fatigue, sore throat",Influenza
"Doctor, I've had pain relieved by sitting up and leaning forward and heart palpitations for the past few days.",Pericarditis
"I have large waist circumference and high triglycerides, what could this be?",Metabolic Syndrome
Woke up today with skin warm to touch and blisters over red area.,Cellulitis
"I feel terrible with loss of voice, tickling sensation in throat and dry throat.",Laryngitis
"Clinical notes: Patient presenting with visual flashes, throbbing head pain and light sensitivity.",Migraine with Aura
It started yesterday with lower abdominal pressure and blood in urine.,Acute Cystitis
"Doctor, I've had easy or excessive bruising, petechiae (superficial pinpoint purple spots on skin) and bleeding gums for the past few days.",Thrombocytopenia
Clinical notes: Patient presenting with frequent urge to urinate and pelvic pressure.,Urinary Tract Infection
"Doctor, I've had round moon face, purple stretch marks, high blood pressure and muscle weakness for the past few days.",Cushing's Syndrome
Experiencing acute dizziness on standing and brain fog.,Postural Orthostatic Tachycardia (POTS)
I feel terrible with unintended weight loss and sweating.,Hyperthyroidism
"Doctor, I've had bloating, gas, weight loss",Celiac Disease
"Feeling shortness of breath with exertion, wheezing, fatigue",COPD
Woke up today with nausea and dark urine.,Hepatitis A
"I feel terrible with thinning hair on scalp, weight gain and ovarian cysts.",Polycystic Ovary Syndrome
I have dizziness,Hypertension
Feeling nasal congestion on one side,Cluster Headache
Feeling nausea,Malaria
"Doctor, I've had rectal pain, weight loss, fever",Ulcerative Colitis
"I'm experiencing nausea, bloating and loss of appetite.",Gastritis
"Feeling changes in appetite or weight, feelings of worthlessness, difficulty sleeping",Major Depressive Disorder
Clinical notes: Patient presenting with shortness of breath when lying flat and wheezing.,Heart Failure
Experiencing mild swelling,Tendinitis
"Experiencing acute difficulty falling asleep, waking up too early and daytime fatigue.",Insomnia Disorder
"Noticed severe sudden one-sided facial paralysis, drooping mouth, drooling",Bell's Palsy
Feeling foamy urine,Glomerulonephritis
I feel terrible with intense itching and burning sensation on skin.,Urticaria
"Over the last 48 hours, I noticed dark yellow urine and dry mouth.",Dehydration
"I have dizziness and extreme fatigue, what could this be?",Electrolyte Imbalance
"Suffering from fever, constipation, abdominal tenderness",Diverticulitis
I'm experiencing crushing chest pain and severe nausea.,Heart Attack
Experiencing blood in urine,Acute Cystitis
"Suffering from extreme thirst, dark yellow urine, dizziness upon standing and infrequent urination, need medical guidance.",Dehydration
Experiencing swelling or lump near anus,Hemorrhoids
"I feel terrible with fatigue, unexplained weight gain, cold intolerance and dry skin.",Hypothyroidism
"Over the last 48 hours, I noticed persistent sad empty mood and fatigue.",Major Depressive Disorder
Experiencing watery diarrhea,Gastroenteritis
I have yellowing of skin and eyes,Hepatitis B
Experiencing temporary confusion,Epilepsy
"My main issues right now are frequent nighttime urination, slow-healing cuts, fatigue and darkened skin patches.",Diabetes Type 2
Feeling fatigue,Aortic Stenosis
"I've been dealing with red rash localized to area of contact, severe itching, dry cracked scaly skin and burning sensation and it is getting worse.",Contact Dermatitis
I have tenderness to touch,Pancreatitis
I've been dealing with pounding racing heart and feeling of choking and it is getting worse.,Panic Disorder
"Over the last 48 hours, I noticed fluttering in chest and lightheadedness.",Arrhythmia
It started yesterday with extreme fatigue and low blood pressure.,Addison's Disease
"Lately I have been feeling facial pain, headache and pressure around eyes.",Sinusitis
Clinical notes: Patient presenting with muscle stiffness and soft voice.,Parkinson's Disease
"Patient reports irregular heartbeat, confusion and extreme fatigue with increasing discomfort.",Electrolyte Imbalance
"Experiencing acute severe headache, pain behind the eyes, joint and muscle ache and skin rash.",Dengue Fever
"Doctor, I've had scalp tenderness, neck stiffness, shoulder tension",Tension Headache
I have visible broken blood vessels,Rosacea
Experiencing warmth in affected leg,Deep Vein Thrombosis
"Feeling fatigue, abdominal pain, dark urine",Hepatitis A
"Lately I have been feeling rapid heart rate upon standing, brain fog, trembling and palpitations.",Postural Orthostatic Tachycardia (POTS)
I have extreme fatigue,Typhoid Fever
I have loss of appetite,Chickenpox
Feeling dizziness,Migraine
"Over the last 48 hours, I noticed red to brownish-gray patches and raw sensitive skin from scratching.",Eczema
Feeling nausea,Kidney Stones
I have loss of appetite,Appendicitis
"Over the last 48 hours, I noticed sudden shortness of breath, coughing blood and dizziness.",Pulmonary Embolism
Feeling soft voice,Parkinson's Disease
"Experiencing acute bloating, weight loss, fatigue and skin rash.",Celiac Disease
"Feeling extreme fatigue, weakness, brittle nails",Iron Deficiency Anemia
"Suffering from sudden high fever, joint and muscle ache, skin rash and mild bleeding, need medical guidance.",Dengue Fever
Feeling gas,Irritable Bowel Syndrome
"I feel terrible with frequent urination, unintended weight loss and blurred vision.",Diabetes Type 1
Experiencing acute shortness of breath and persistent cough.,Asthma
"Woke up today with tenderness to touch, mild swelling and joint stiffness near shoulder elbow or heel.",Tendinitis
"Over the last 48 hours, I noticed bone pain, muscle weakness, low mood and hair loss.",Vitamin D Deficiency
Feeling loss of taste or smell,COVID-19
Clinical notes: Patient presenting with squeezing chest pain with physical exertion and pressure in chest relieved by rest.,Angina Pectoris
"Doctor, I've had severe sharp flank pain, blood in urine and painful urination for the past few days.",Kidney Stones
"I have constant severe lower left abdominal pain, fever, constipation and bloating, what could this be?",Diverticulitis
"It started yesterday with chills, body ache, headache and sore throat.",Influenza
"I have gradual numbness in feet, burning pain in hands, extreme sensitivity to touch",Peripheral Neuropathy
"Clinical notes: Patient presenting with animal bite on skin, tingling around bite site, anxiety and agitation.",Rabies Exposure
Feeling cramping leg pain when walking (claudication),Peripheral Artery Disease
"Suffering from yellowing of skin and eyes, joint pain and nausea, need medical guidance.",Hepatitis B
I cannot sleep because of abdominal pain and yellowing of skin and eyes.,Hepatitis A
"Suffering from muscle cramps and spasms, irregular heartbeat, dizziness and numbness in fingers, need medical guidance.",Electrolyte Imbalance
"Suffering from visual flashes and light sensitivity, need medical guidance.",Migraine with Aura
"Woke up today with abrupt high fever, severe crippling joint pain, joint swelling and headache.",Chikungunya
Patient reports itchy roof of mouth and nasal congestion with increasing discomfort.,Allergic Rhinitis
"I have dry cracked scaly skin and bumps and blisters, what could this be?",Contact Dermatitis
"Doctor, I've had red swollen tonsils, painful swallowing, fever",Tonsillitis
I'm experiencing coughing blood and fever.,Tuberculosis
"I've been dealing with gradual numbness in feet, tingling sensations and muscle weakness and it is getting worse.",Peripheral Neuropathy
Experiencing dry throat,Laryngitis
"I cannot sleep because of shortness of breath when lying flat, persistent fatigue and rapid weight gain from fluid.",Heart Failure
"Doctor, I've had numbness in limbs, electric shock sensations, tremor",Multiple Sclerosis
Experiencing persistent excessive worry,Generalized Anxiety Disorder
Experiencing slight fatigue,Thalassemia Minor
"Clinical notes: Patient presenting with mild chronic anemia, slight fatigue and microcytic red blood cells on lab work.",Thalassemia Minor
My main issues right now are swollen lymph nodes in neck and headache.,Mononucleosis
"I have breathlessness with exercise, chest tightness during activity, heart murmur and fatigue, what could this be?",Aortic Stenosis
"Lately I have been feeling chronic cough, shortness of breath with exertion and wheezing.",COPD
Feeling pain when bladder fills,Interstitial Cystitis
I have extreme fatigue,Addison's Disease
"Patient presenting with stomach cramps, nausea, vomiting",Gastroenteritis
"Been having cyclical high fever, headache, nausea",Malaria
"Experiencing acute persistent cough for more than 3 weeks, night sweats and fever.",Tuberculosis
My main issues right now are slight fatigue and pale appearance.,Thalassemia Minor
"Suffering from pain radiating to right shoulder, nausea, indigestion after fatty meals",Gallstones
I'm experiencing smooth red tongue and unsteady balance.,Vitamin B12 Deficiency
Clinical notes: Patient presenting with weight loss and fever.,Ulcerative Colitis
"Doctor, I've had white or yellow coating on tonsils, painful swallowing and fever for the past few days.",Tonsillitis
"Experiencing shortness of breath when lying flat, persistent fatigue, rapid weight gain from fluid",Heart Failure
Experiencing acute slurred speech and loss of balance.,Stroke
"Noticed severe bloating, gas, food intolerance",Irritable Bowel Syndrome
"I cannot sleep because of sharp lower right abdominal pain, vomiting, low-grade fever and rebound tenderness.",Appendicitis
Woke up today with severe sharp flank pain and pain radiating to lower abdomen and groin.,Kidney Stones
"Suffering from shortness of breath and chills, need medical guidance.",Pneumonia
"Been having bullseye skin rash, fatigue, stiff neck",Lyme Disease
"Over the last 48 hours, I noticed extreme fatigue, weakness, cold hands and feet and shortness of breath with mild exertion.",Iron Deficiency Anemia
"Doctor, I've had gradual loss of height over time and back pain caused by collapsed vertebra for the past few days.",Osteoporosis
"Suffering from severe upper abdominal pain radiating to back, fever, tenderness to touch",Pancreatitis
"I'm experiencing extreme fatigue, cold hands and feet and brittle nails.",Iron Deficiency Anemia
"Doctor, I've had high fever, flank pain on one side, nausea",Pyelonephritis
I have high fever,Pneumonia
Lately I have been feeling cough and runny nose.,Measles
Feeling arm weakness,Transient Ischemic Attack (TIA)
"Feeling gradual loss of peripheral vision, tunnel vision in advanced stages, severe eye pain with halo around lights",Glaucoma
"Doctor, I've had breathlessness with exercise, chest tightness during activity and fainting or dizziness upon standing for the past few days.",Aortic Stenosis
Clinical notes: Patient presenting with chronic dry cough and sour taste in mouth.,GERD
It started yesterday with intense fear of social interactions and avoidance of social situations.,Social Anxiety Disorder
Feeling rapidly expanding redness,Cellulitis
"Been having mucus production, mild fever, fatigue",Bronchitis
"It started yesterday with vomiting, rapid pulse and fever.",Pancreatitis
"Patient reports loss of interest in hobbies, fatigue and feelings of worthlessness with increasing discomfort.",Major Depressive Disorder
"Been having frequent infections, chronic fatigue, low mood",Vitamin D Deficiency
Experiencing fever,Cellulitis
"I've been dealing with persistent cough, mucus production, fatigue and wheezing and it is getting worse.",Bronchitis
"I've been dealing with burning pain in hands, tingling sensations and extreme sensitivity to touch and it is getting worse.",Peripheral Neuropathy
"Lately I have been feeling extreme fatigue, weakness and shortness of breath with mild exertion.",Iron Deficiency Anemia
"Doctor, I've had cyclical high fever, shivering chills and nausea for the past few days.",Malaria
Experiencing neck stiffness,Tension Headache
"It started yesterday with circular red itchy rash with raised edges, clear skin in center of ring and skin peeling.",Fungal Skin Infection
Experiencing bullseye skin rash,Lyme Disease
I've been dealing with pain during bowel movements and swelling or lump near anus and it is getting worse.,Hemorrhoids
It started yesterday with itching or burning skin and pitted thickened nails.,Psoriasis
"Woke up today with pink or cola-colored urine, high blood pressure and facial puffiness in mornings.",Glomerulonephritis
"Feeling hoarseness, tickling sensation in throat, dry cough",Laryngitis
"Doctor, I've had joint aching or stiffness and pain with joint pressure for the past few days.",Bursitis
"Suffering from burning sensation when urinating, cloudy urine, pelvic pressure",Urinary Tract Infection
"Doctor, I've had sudden one-sided facial paralysis and drooping mouth for the past few days.",Bell's Palsy
"Experiencing acute shivering chills, profuse sweating, headache and body ache.",Malaria
I have neck pain and stiffness,Cervical Spondylosis
"Clinical notes: Patient presenting with fatigue, changes in appetite or weight and feelings of worthlessness.",Major Depressive Disorder
"Experiencing confusion, dizziness, extreme fatigue",Electrolyte Imbalance
"My main issues right now are shortness of breath, severe nausea and dizziness.",Heart Attack
"Noticed severe rapid heart rate upon standing, dizziness on standing, brain fog",Postural Orthostatic Tachycardia (POTS)
I feel terrible with fatigue and darkened skin patches.,Diabetes Type 2
"My main issues right now are round coin-sized smooth bald patches on scalp, sudden hair loss and pitted fingernails.",Alopecia Areata
My main issues right now are pain triggered by chewing or brushing teeth and spontaneous facial spasms.,Trigeminal Neuralgia
"Patient presenting with sweating, dizziness, blurred vision",Hypoglycemia
"It started yesterday with faded colors, glare and halos around headlights and poor night vision.",Cataract
Feeling high fever,Influenza
"I'm experiencing dry cough, fatigue, shortness of breath and sore throat.",COVID-19
"Experiencing acute sharp lower right abdominal pain, low-grade fever, loss of appetite and rebound tenderness.",Appendicitis
"Patient presenting with rapid dehydration, muscle cramps, low blood pressure",Cholera
"Suffering from restlessness, difficulty concentrating, irritability",Generalized Anxiety Disorder
Experiencing acute anxiety and agitation.,Rabies Exposure
"I've been dealing with thick nasal discharge, headache and reduced smell and it is getting worse.",Sinusitis
"Over the last 48 hours, I noticed smooth red tongue, memory problems and unsteady balance.",Vitamin B12 Deficiency
"Noticed severe shortness of breath, chills, fatigue",Pneumonia
"Over the last 48 hours, I noticed confusion and dizziness.",Electrolyte Imbalance
"Patient presenting with sudden severe pain in upper right abdomen, vomiting, indigestion after fatty meals",Gallstones
"Suffering from squeezing chest pain with physical exertion, pressure in chest relieved by rest and shortness of breath, need medical guidance.",Angina Pectoris
Feeling slight liver enlargement,Fatty Liver Disease
I have sudden intense joint pain in big toe,Gout
Clinical notes: Patient presenting with sweating and hunger.,Hypoglycemia
Feeling abdominal fullness,Constipation
"Experiencing acute fever, nausea, bloating and abdominal tenderness.",Diverticulitis
"Experiencing acute throbbing calf pain, warmth in affected leg and redness of skin on leg.",Deep Vein Thrombosis
"I feel terrible with fever, body aches and swollen lymph nodes.",Lyme Disease
"Suffering from bleeding gums, joint and muscle aches, fatigue",Scurvy
"Over the last 48 hours, I noticed hard dry stools, feeling of incomplete evacuation and abdominal fullness.",Constipation
"Woke up today with neck pain and stiffness, tingling or numbness in arms or fingers, headache starting at back of neck and grinding noise when turning neck.",Cervical Spondylosis
"I feel terrible with pink or cola-colored urine, high blood pressure and swollen ankles.",Glomerulonephritis
Experiencing acute racing heartbeat and lightheadedness.,Arrhythmia
"Suffering from racing heartbeat, lightheadedness, fainting episodes",Arrhythmia
Experiencing pain during intercourse,Interstitial Cystitis
"Suffering from extreme thirst and dark yellow urine, need medical guidance.",Dehydration
Experiencing fever,Mononucleosis
Feeling slurred speech,Stroke
"Suffering from bloating and food intolerance, need medical guidance.",Irritable Bowel Syndrome
I have dark urine,Hepatitis B
"Suffering from crushing chest pain, shortness of breath, severe nausea",Heart Attack
"Doctor, I've had foamy urine and nausea for the past few days.",Chronic Kidney Disease
Lately I have been feeling bullseye skin rash and fatigue.,Lyme Disease
"Been having visual flashes, blind spots, tingling in face or hands",Migraine with Aura
"Suffering from corkscrew body hair, joint and muscle aches, slow wound healing",Scurvy
Clinical notes: Patient presenting with increased thirst and fatigue.,Diabetes Type 2
"It started yesterday with nausea, sound sensitivity and dizziness.",Migraine
"Noticed severe racing heartbeat, slow heartbeat, lightheadedness",Arrhythmia
Experiencing acute dark urine and yellowing of skin and eyes.,Hepatitis A
"Over the last 48 hours, I noticed confusion, dizziness and extreme fatigue.",Electrolyte Imbalance
Experiencing swelling and redness of big toe,Gout
Feeling abdominal pain,Hepatitis A
"Suffering from joint aches, jaundice, loss of appetite",Hepatitis C
"Noticed severe persistent cough for more than 3 weeks, chest pain, fever",Tuberculosis
"Experiencing acute shortness of breath, pain radiating to jaw or left arm and lightheadedness.",Coronary Artery Disease
I have extreme fatigue,Electrolyte Imbalance
"Suffering from slurred speech, sudden severe headache, vision loss",Stroke
"I have shivering chills, nausea and painful frequent urination, what could this be?",Pyelonephritis
"Lately I have been feeling extreme thirst, fatigue and blurred vision.",Diabetes Type 1
Feeling tearing,Cluster Headache
"I've been dealing with cramping abdominal pain, rectal pain and fever and it is getting worse.",Ulcerative Colitis
Experiencing feeling of fullness in ear,Otitis Media
"Experiencing mucus production, chest discomfort, fatigue",Bronchitis
"My main issues right now are sudden one-sided facial paralysis, drooping mouth and loss of taste.",Bell's Palsy
Experiencing acute chest pain and fever.,Tuberculosis
"I'm experiencing recurrent abdominal cramps, weight loss, fatigue and rectal bleeding.",Crohn's Disease
"Doctor, I've had red rash localized to area of contact, dry cracked scaly skin, burning sensation",Contact Dermatitis
Feeling sharp ear pain,Otitis Media
"Suffering from feeling full too quickly, nausea, dark stools",Peptic Ulcer
My main issues right now are nausea and loss of appetite.,Gastritis
"Feeling emotional exhaustion, cynicism and detachment, reduced personal accomplishment",Chronic Stress / Burnout
"Noticed severe dry cough, loss of taste or smell, shortness of breath",COVID-19
Experiencing irritability,Otitis Media
"Lately I have been feeling persistent cough for more than 3 weeks, unexplained weight loss and chest pain.",Tuberculosis
Lately I have been feeling pale skin and shortness of breath with mild exertion.,Iron Deficiency Anemia
"Noticed severe transient vision loss, temporary dizziness, arm weakness",Transient Ischemic Attack (TIA)
I have dizziness,Heart Attack
Feeling itchy eyes,Conjunctivitis
Feeling fever,Rheumatoid Arthritis
"Woke up today with abdominal pain, pale stools and yellowing of skin and eyes.",Hepatitis A
"Doctor, I've had sneezing, nasal congestion, mild headache",Common Cold
"I have profuse sweating, headache, body ache",Malaria
Experiencing irregular periods,Polycystic Ovary Syndrome
"Suffering from morning headache, shortness of breath, nosebleeds and blurred vision, need medical guidance.",Hypertension
Feeling shivering chills,Malaria
"I have fatigue and slow wound healing, what could this be?",Scurvy
Feeling tremor,Multiple Sclerosis
"I have severe sharp flank pain, pain radiating to lower abdomen and groin, blood in urine and nausea, what could this be?",Kidney Stones
It started yesterday with irregular heartbeat and dizziness.,Electrolyte Imbalance
I've been dealing with nausea and vomiting and it is getting worse.,Pancreatitis
"Suffering from gas and food intolerance, need medical guidance.",Irritable Bowel Syndrome
I have eye irritation,Rosacea
"Over the last 48 hours, I noticed scratchy feeling, stringy mucus in eyes and blurred vision after reading.",Dry Eye Syndrome
"Experiencing sudden intense terror, pounding racing heart, trembling",Panic Disorder
I have fear of being judged or embarrassed,Social Anxiety Disorder
Woke up today with breathlessness with exercise and chest tightness during activity.,Aortic Stenosis
"I cannot sleep because of irregular heartbeat, confusion, numbness in fingers and extreme fatigue.",Electrolyte Imbalance
"Woke up today with shivering chills, headache and nausea.",Malaria
Experiencing coughing blood,Tuberculosis
"I'm experiencing dry persistent cough, fever and rapid shallow breathing.",Pleural Effusion
"Patient reports shortness of breath, nosebleeds, blurred vision and chest tightness with increasing discomfort.",Hypertension
I have nausea,Gastroenteritis
"Suffering from chronic diarrhea, bloating, iron deficiency",Celiac Disease
"Suffering from burning sensation when urinating, frequent urge to urinate, cloudy urine and strong smelling urine, need medical guidance.",Urinary Tract Infection
"Over the last 48 hours, I noticed bloody diarrhea, urgent need to defecate, cramping abdominal pain and fever.",Ulcerative Colitis
"Patient presenting with arm weakness, sudden severe headache, loss of balance",Stroke
"Doctor, I've had high fever, chills, body ache and fatigue for the past few days.",Influenza
"I have tingling in hands and feet, smooth red tongue, pale or jaundiced skin",Vitamin B12 Deficiency
I've been dealing with trembling and extreme fatigue and it is getting worse.,Postural Orthostatic Tachycardia (POTS)
"It started yesterday with blind spots, tingling in face or hands, throbbing head pain and light sensitivity.",Migraine with Aura
Feeling dry mouth,Dehydration
I cannot sleep because of fever and blisters over red area.,Cellulitis
I have pale skin,Iron Deficiency Anemia
Experiencing persistent fatigue,Heart Failure
I have joint and muscle aches,Scurvy
"I have pain with joint pressure and swelling and redness over shoulder elbow or hip, what could this be?",Bursitis
I have staring spells,Epilepsy
"Been having extreme thirst, frequent urination, extreme hunger",Diabetes Type 1
"Experiencing acute pink or cola-colored urine, foamy urine and swollen ankles.",Glomerulonephritis
"Suffering from low blood pressure, salt cravings, nausea and dizziness, need medical guidance.",Addison's Disease
"Noticed severe fatigue, unexplained weight gain, brittle hair",Hypothyroidism
Experiencing acute body ache and headache.,Influenza
"I cannot sleep because of loss of voice, tickling sensation in throat and dry cough.",Laryngitis
"Suffering from dark yellow urine, dizziness upon standing, sunken eyes",Dehydration
"Patient presenting with unexplained weight gain, constipation, brittle hair",Hypothyroidism
I'm experiencing increased thirst and tingling in hands and feet.,Diabetes Type 2
"I feel terrible with headache, anxiety and agitation.",Rabies Exposure
I have itchy fluid-filled blisters,Chickenpox
It started yesterday with bright red rectal bleeding and pain during bowel movements.,Hemorrhoids
Experiencing upper abdominal pain,Gastritis
"Doctor, I've had abdominal cramping, alternating diarrhea and constipation, mucus in stool and food intolerance for the past few days.",Irritable Bowel Syndrome
"Suffering from low-grade fever, loss of appetite, rebound tenderness",Appendicitis
"Lately I have been feeling pale skin, weakness and brittle nails.",Iron Deficiency Anemia
I cannot sleep because of flank pain on one side and shivering chills.,Pyelonephritis
"Woke up today with flank pain on one side, nausea and painful frequent urination.",Pyelonephritis
"I feel terrible with sharp ear pain, fluid draining from ear, fever and feeling of fullness in ear.",Otitis Media
"I'm experiencing numbness in limbs, electric shock sensations, tremor and fatigue.",Multiple Sclerosis
"Experiencing abdominal pain, yellowing of skin and eyes, loss of appetite",Hepatitis A
I have dizziness when rolling over in bed,Benign Paroxysmal Positional Vertigo
I cannot sleep because of muscle cramps and sunken eyes.,Cholera
"I have weight gain around abdomen, purple stretch marks, high blood pressure",Cushing's Syndrome
Experiencing sharp chest pain on breathing,Pulmonary Embolism
Feeling pounding racing heart,Panic Disorder
I have difficulty concentrating,Generalized Anxiety Disorder
"My main issues right now are shortness of breath, chest tightness and difficulty breathing.",Asthma
I have sour taste in mouth,GERD
I have skin peeling,Fungal Skin Infection
"My main issues right now are severe upper abdominal pain radiating to back, nausea, rapid pulse and tenderness to touch.",Pancreatitis
"I have frequent nighttime urination, slow-healing cuts, tingling in hands and feet",Diabetes Type 2
"Experiencing weight loss, skin rash, iron deficiency",Celiac Disease
"I have sneezing and mild headache, what could this be?",Common Cold
"I cannot sleep because of nausea, mild fever and dehydration.",Gastroenteritis
"I'm experiencing shivering chills, profuse sweating and fatigue.",Malaria
"Lately I have been feeling abdominal cramping, bloating and mucus in stool.",Irritable Bowel Syndrome
"Clinical notes: Patient presenting with red swollen tonsils, white or yellow coating on tonsils, painful swallowing and enlarged tender neck nodes.",Tonsillitis
"Patient presenting with tiredness, loss of appetite, headache",Chickenpox
"Experiencing visual flashes, tingling in face or hands, throbbing head pain",Migraine with Aura
"Woke up today with fatigue, mouth sores and rectal bleeding.",Crohn's Disease
"I cannot sleep because of stinging eyes, stringy mucus in eyes and blurred vision after reading.",Dry Eye Syndrome
"Doctor, I've had persistent diarrhea, fatigue, mouth sores",Crohn's Disease
"Suffering from bullseye skin rash, body aches, stiff neck and swollen lymph nodes, need medical guidance.",Lyme Disease
"Experiencing sudden intense terror, trembling, feeling of choking",Panic Disorder
"Doctor, I've had persistent cough for more than 3 weeks, coughing blood, night sweats and fever for the past few days.",Tuberculosis
Feeling dizziness,Hypertension
Lately I have been feeling fluid draining from ear and feeling of fullness in ear.,Otitis Media
"I'm experiencing frequent urination, unintended weight loss, extreme hunger and blurred vision.",Diabetes Type 1
"I cannot sleep because of stomach pain, constipation or diarrhea and extreme fatigue.",Typhoid Fever
Feeling sudden severe headache,Stroke
"Experiencing flank pain on one side, nausea, vomiting",Pyelonephritis
I have racing heartbeat,Arrhythmia
"I've been dealing with restlessness, difficulty concentrating, irritability and sleep disturbance and it is getting worse.",Generalized Anxiety Disorder
"Patient reports red swollen tender skin area, skin warm to touch and fever with increasing discomfort.",Cellulitis
Feeling sudden intense terror,Panic Disorder
"I have fever, tiredness, headache",Chickenpox
"I feel terrible with rapid heart rate, unintended weight loss, trembling hands and sweating.",Hyperthyroidism
I'm experiencing profuse sweating and fatigue.,Malaria
I cannot sleep because of changes in appetite or weight and feelings of worthlessness.,Major Depressive Disorder
"Suffering from shortness of breath when lying flat, persistent fatigue, wheezing",Heart Failure
"Been having dull aching head pain, tightness across forehead, scalp tenderness",Tension Headache
Experiencing clear skin in center of ring,Fungal Skin Infection
"Doctor, I've had restlessness, difficulty concentrating and sleep disturbance for the past few days.",Generalized Anxiety Disorder
"Been having persistent cough for more than 3 weeks, night sweats, chest pain",Tuberculosis
Experiencing bloating,Gastritis
"I have cyclical high fever, shivering chills, fatigue",Malaria
Experiencing pale stools,Hepatitis A
Feeling eye irritation,Rosacea
Experiencing racing heartbeat,Arrhythmia
"Been having unexplained weight gain, dry skin, muscle weakness",Hypothyroidism
"I feel terrible with loud snoring, morning headache, excessive daytime sleepiness and dry mouth on waking.",Sleep Apnea
"My main issues right now are sharp ear pain, muffled hearing, feeling of fullness in ear and irritability.",Otitis Media
Experiencing nausea,Migraine
"Lately I have been feeling chills, headache and sore throat.",Influenza
I'm experiencing mild upper right abdominal discomfort and jaundice.,Hepatitis C
Experiencing cold sweat,Heart Attack
"Doctor, I've had bullseye skin rash, fatigue and swollen lymph nodes for the past few days.",Lyme Disease
Experiencing chest burning,GERD
"Over the last 48 hours, I noticed bleeding gums, corkscrew body hair, bruising easily and joint and muscle aches.",Scurvy
Feeling pain radiating to jaw or left arm,Coronary Artery Disease
"I feel terrible with extreme thirst, frequent urination, unintended weight loss and fatigue.",Diabetes Type 1
"Been having swelling in one calf or leg, throbbing calf pain, redness of skin on leg",Deep Vein Thrombosis
"Lately I have been feeling swelling in ankles and feet, foamy urine, nausea and loss of appetite.",Chronic Kidney Disease
"Doctor, I've had bloating, alternating diarrhea and constipation, mucus in stool",Irritable Bowel Syndrome
"Doctor, I've had persistent cough and fatigue for the past few days.",Bronchitis
"Doctor, I've had nausea, light sensitivity, sound sensitivity",Migraine
"Experiencing extreme fatigue, fever, severe sore throat",Mononucleosis
"Woke up today with pale skin, cold hands and feet, brittle nails and shortness of breath with mild exertion.",Iron Deficiency Anemia
"Over the last 48 hours, I noticed frequent urination, fatigue and blurred vision.",Diabetes Type 1
"It started yesterday with gritty feeling in eye, itchy eyes and watery discharge.",Conjunctivitis
"I've been dealing with prolonged step-ladder fever, headache, stomach pain and constipation or diarrhea and it is getting worse.",Typhoid Fever
"I'm experiencing facial pain, nasal congestion and headache.",Sinusitis
Feeling severe acne,Polycystic Ovary Syndrome
"Lately I have been feeling shortness of breath with exertion, excess sputum, wheezing and fatigue.",COPD
"Woke up today with lower abdominal pressure, cloudy foul-smelling urine and blood in urine.",Acute Cystitis
"It started yesterday with tender warm swollen joints, morning joint stiffness lasting >1 hour and fever.",Rheumatoid Arthritis
"Experiencing acute tender warm swollen joints, symmetrical joint pain in both hands and fatigue.",Rheumatoid Arthritis
"Feeling shakiness, confusion, hunger",Hypoglycemia
"It started yesterday with cold sweat, shortness of breath and dizziness.",Heart Attack
"I have large waist circumference, high blood pressure, high fasting blood glucose",Metabolic Syndrome
Feeling chronic lower back pain and stiffness,Ankylosing Spondylitis
"Suffering from round moon face, weight gain around abdomen, easy bruising and muscle weakness, need medical guidance.",Cushing's Syndrome
"Experiencing acute burning stomach pain between meals, feeling full too quickly and bloating.",Peptic Ulcer
"Experiencing hoarseness, loss of voice, dry throat",Laryngitis
"Noticed severe high fever, fatigue, dry cough",Influenza
I have hair loss,Vitamin D Deficiency
I have nasal congestion on one side,Cluster Headache
I have large waist circumference,Metabolic Syndrome
Clinical notes: Patient presenting with glare and halos around headlights and poor night vision.,Cataract
I have blackheads and whiteheads,Acne Vulgaris
Clinical notes: Patient presenting with tingling in hands and feet and darkened skin patches.,Diabetes Type 2
"Experiencing acute intense fear of social interactions, fear of being judged or embarrassed and avoidance of social situations.",Social Anxiety Disorder
I cannot sleep because of cramping leg pain when walking (claudication) and coldness in lower leg or foot.,Peripheral Artery Disease
I have fainting episodes,Arrhythmia
"It started yesterday with chest tightness, persistent cough and difficulty breathing.",Asthma
"I feel terrible with shivering chills, body ache and fatigue.",Malaria
Experiencing mouth sores,Crohn's Disease
Feeling purple stretch marks,Cushing's Syndrome
"I'm experiencing severe upper abdominal pain radiating to back, vomiting, rapid pulse and tenderness to touch.",Pancreatitis
Feeling tingling sensations,Peripheral Neuropathy
"Experiencing cough with phlegm, chest pain, chills",Pneumonia
Experiencing chest discomfort,Bronchitis
"Experiencing acute prolonged step-ladder fever, headache, constipation or diarrhea and rose-colored rash.",Typhoid Fever
"I'm experiencing burning stomach pain between meals, bloating and dark stools.",Peptic Ulcer
"Doctor, I've had sharp stabbing facial pain and electric shock sensation in cheek for the past few days.",Trigeminal Neuralgia
"I have abdominal cramping, bloating, gas and food intolerance, what could this be?",Irritable Bowel Syndrome
"Patient reports fever, shortness of breath, sore throat and body aches with increasing discomfort.",COVID-19
"Been having unexplained weight gain, cold intolerance, dry skin",Hypothyroidism
I have swelling in ankles and feet,Chronic Kidney Disease
It started yesterday with chest burning and difficulty swallowing.,GERD
"Clinical notes: Patient presenting with cyclical high fever, headache, nausea and fatigue.",Malaria
"Suffering from intense skin itching and red to brownish-gray patches, need medical guidance.",Eczema
"Clinical notes: Patient presenting with fever, loss of appetite and red spots on skin.",Chickenpox
"It started yesterday with tremor, vision loss in one eye, fatigue and unsteady gait.",Multiple Sclerosis
I have sores rupture and form honey-colored crusts,Impetigo
"Patient presenting with excruciating pain around one eye, tearing, nasal congestion on one side",Cluster Headache
"Doctor, I've had sharp ear pain, muffled hearing, fever and irritability for the past few days.",Otitis Media
"Over the last 48 hours, I noticed abrupt high fever and joint swelling.",Chikungunya
"Doctor, I've had soft voice and shuffling gait for the past few days.",Parkinson's Disease
Clinical notes: Patient presenting with extreme thirst and infrequent urination.,Dehydration
"Lately I have been feeling chronic diarrhea, weight loss and fatigue.",Celiac Disease
Experiencing difficulty swallowing,GERD
Patient reports fever and dry cough with increasing discomfort.,COVID-19
Feeling chronic fatigue,Fibromyalgia
"Suffering from throbbing headache, sound sensitivity and visual aura, need medical guidance.",Migraine
"Lately I have been feeling crushing chest pain, shortness of breath, severe nausea and dizziness.",Heart Attack
"I cannot sleep because of red swollen tender skin area, skin warm to touch, rapidly expanding redness and blisters over red area.",Cellulitis
I have loss of appetite,Chronic Kidney Disease
"Suffering from fatigue, unexplained weight gain, dry skin",Hypothyroidism
Lately I have been feeling headache and extreme fatigue.,Typhoid Fever
"Suffering from red swollen tonsils, white or yellow coating on tonsils, fever",Tonsillitis
"Doctor, I've had tingling in hands and feet and unsteady balance for the past few days.",Vitamin B12 Deficiency
I have bloating,Constipation
"Doctor, I've had pale stools and yellowing of skin and eyes for the past few days.",Hepatitis A
"Suffering from stomach cramps, vomiting and dehydration, need medical guidance.",Gastroenteritis
"Woke up today with muscle cramps and spasms, irregular heartbeat, confusion and extreme fatigue.",Electrolyte Imbalance
Feeling extreme fatigue,Electrolyte Imbalance
"I'm experiencing fluttering in chest, slow heartbeat and lightheadedness.",Arrhythmia
"It started yesterday with throbbing headache, nausea, sound sensitivity and dizziness.",Migraine
"Experiencing acute bleeding gums, corkscrew body hair and slow wound healing.",Scurvy
I have burning localized pain,Shingles
"Clinical notes: Patient presenting with swelling in ankles and feet, foamy urine, loss of appetite and metallic taste in mouth.",Chronic Kidney Disease
Clinical notes: Patient presenting with burning stomach and bloating.,Gastritis
"Experiencing acute eye redness, tearing and nasal congestion on one side.",Cluster Headache
I cannot sleep because of blind spots and light sensitivity.,Migraine with Aura
Patient reports severe sore throat and fever with increasing discomfort.,Pharyngitis
"Patient presenting with burning sensation when urinating, pelvic pressure, strong smelling urine",Urinary Tract Infection
Woke up today with bloating and weight loss.,Celiac Disease
I have dizziness upon standing,Dehydration
"Lately I have been feeling pounding racing heart, sweating and fear of losing control.",Panic Disorder
I have sleep disturbances,Fibromyalgia
"Suffering from morning joint stiffness lasting >1 hour, fatigue, fever",Rheumatoid Arthritis
Feeling chest discomfort,Bronchitis
"Patient presenting with recurrent abdominal cramps, weight loss, fatigue",Crohn's Disease
I have intense skin itching,Eczema
"I'm experiencing sudden intense terror, pounding racing heart, trembling and fear of losing control.",Panic Disorder
Experiencing visual aura,Migraine
"Experiencing acute fever, headache and anxiety.",Rabies Exposure
"I've been dealing with crushing chest pain, cold sweat and shortness of breath and it is getting worse.",Heart Attack
"Been having extreme fatigue, pale skin, shortness of breath with mild exertion",Iron Deficiency Anemia
Experiencing itchy watery eyes,Allergic Rhinitis
"Woke up today with muscle stiffness, impaired balance and soft voice.",Parkinson's Disease
"I have extreme thirst, dark yellow urine, sunken eyes",Dehydration
"Feeling abrupt high fever, severe crippling joint pain, joint swelling",Chikungunya
"Over the last 48 hours, I noticed increased thirst, slow-healing cuts and fatigue.",Diabetes Type 2
"My main issues right now are swelling in ankles and feet, persistent fatigue, nausea and metallic taste in mouth.",Chronic Kidney Disease
Feeling fever,Pericarditis
Experiencing widespread musculoskeletal pain,Fibromyalgia
"Been having sudden severe pain in upper right abdomen, nausea, vomiting",Gallstones
"I cannot sleep because of severe sharp flank pain, blood in urine and nausea.",Kidney Stones
Feeling agitation,Rabies Exposure
Feeling joint and muscle ache,Dengue Fever
"Experiencing fatigue, nausea, loss of appetite",Hepatitis A
I have waking up too early,Insomnia Disorder
"Woke up today with restlessness, muscle tension, difficulty concentrating and irritability.",Generalized Anxiety Disorder
"Noticed severe bloody diarrhea, cramping abdominal pain, fever",Ulcerative Colitis
"Patient reports faded colors, poor night vision and frequent eyeglasses changes with increasing discomfort.",Cataract
"Woke up today with high fever, flank pain on one side, nausea and vomiting.",Pyelonephritis
Feeling chest tightness,Asthma
"Experiencing sores rupture and form honey-colored crusts, mild itching, painless sores",Impetigo
"Patient presenting with temporary confusion, loss of consciousness, staring spells",Epilepsy
"I cannot sleep because of abdominal cramping, bloating and gas.",Irritable Bowel Syndrome
"My main issues right now are dizziness, nosebleeds, blurred vision and chest tightness.",Hypertension
"Been having dizziness, blurred vision, chest tightness",Hypertension
Experiencing extreme fatigue,Iron Deficiency Anemia
Feeling mild bleeding,Dengue Fever
"Doctor, I've had fever, headache and agitation for the past few days.",Rabies Exposure
"Patient presenting with chills, body aches, stiff neck",Lyme Disease
"I have round moon face, purple stretch marks and muscle weakness, what could this be?",Cushing's Syndrome
My main issues right now are dizziness on standing and palpitations.,Postural Orthostatic Tachycardia (POTS)
Experiencing slow-healing sores on toes,Peripheral Artery Disease
I have fatigue,Fatty Liver Disease
Patient reports neck pain and stiffness and grinding noise when turning neck with increasing discomfort.,Cervical Spondylosis
I have high blood pressure,Glomerulonephritis
"My main issues right now are watery diarrhea, stomach cramps, nausea and mild fever.",Gastroenteritis
Experiencing rectal bleeding,Crohn's Disease
I have tender warm swollen joints,Rheumatoid Arthritis
"I have shakiness, sweating, rapid heartbeat",Hypoglycemia
"Doctor, I've had muscle cramps and spasms, confusion and dizziness for the past few days.",Electrolyte Imbalance
Experiencing staring spells,Epilepsy
"Experiencing acute runny nose, mild cough, nasal congestion and mild headache.",Common Cold
"Experiencing excess facial hair, weight gain, ovarian cysts",Polycystic Ovary Syndrome
Experiencing dull aching head pain,Tension Headache
"I have urgent need to defecate, cramping abdominal pain, rectal pain",Ulcerative Colitis
"I've been dealing with body ache, fatigue, dry cough and headache and it is getting worse.",Influenza
Feeling lingering joint discomfort,Gout
"Experiencing rapid dehydration, sunken eyes, low blood pressure",Cholera
I have irritability,Otitis Media
"Been having rapid heart rate, unintended weight loss, anxiety",Hyperthyroidism
"Patient presenting with heat intolerance, sweating, anxiety",Hyperthyroidism
Experiencing low mood,Vitamin D Deficiency
"Experiencing acute irregular periods, excess facial hair, weight gain and ovarian cysts.",Polycystic Ovary Syndrome
I have metallic taste in mouth,Chronic Kidney Disease
"My main issues right now are fatigue, constipation and muscle weakness.",Hypothyroidism
"Woke up today with numbness in limbs, electric shock sensations and unsteady gait.",Multiple Sclerosis
Clinical notes: Patient presenting with thin wavy burrow tracks on skin and tiny blisters between fingers wrists and waistline.,Scabies
"Noticed severe chronic fatigue, mild upper right abdominal discomfort, loss of appetite",Hepatitis C
"Over the last 48 hours, I noticed fatigue, memory problems, unsteady balance and pale or jaundiced skin.",Vitamin B12 Deficiency
I have animal bite on skin,Rabies Exposure
I have microcytic red blood cells on lab work,Thalassemia Minor
My main issues right now are fatigue and pale stools.,Hepatitis A
I have slow-healing cuts,Diabetes Type 2
"Experiencing acute chronic cough, shortness of breath with exertion and excess sputum.",COPD
"I feel terrible with round moon face, weight gain around abdomen and easy bruising.",Cushing's Syndrome
Patient reports slow movement and impaired balance with increasing discomfort.,Parkinson's Disease
"Feeling pink or cola-colored urine, foamy urine, high blood pressure",Glomerulonephritis
"Feeling constant severe lower left abdominal pain, fever, nausea",Diverticulitis
I have swollen neck lymph nodes,Pharyngitis
Experiencing petechiae (superficial pinpoint purple spots on skin),Thrombocytopenia
"It started yesterday with nasal congestion, thick nasal discharge, headache and reduced smell.",Sinusitis
"My main issues right now are urgent need to defecate, rectal pain, weight loss and fever.",Ulcerative Colitis
I'm experiencing rapid dehydration and sunken eyes.,Cholera
"Patient presenting with high fever, chest pain, fatigue",Pneumonia
Patient reports thick nasal discharge and reduced smell with increasing discomfort.,Sinusitis
"I have burning stomach pain between meals, bloating, unexplained weight loss",Peptic Ulcer
"Experiencing sleep disturbances, cognitive brain fog, tender trigger points",Fibromyalgia
I'm experiencing tender warm swollen joints and symmetrical joint pain in both hands.,Rheumatoid Arthritis
I have tingling sensations,Peripheral Neuropathy
My main issues right now are sharp lower right abdominal pain and low-grade fever.,Appendicitis
Feeling fever,Pharyngitis
I have swollen lymph nodes in neck,Mononucleosis
I have skin rash,Dengue Fever
"Woke up today with cloudy urine, pelvic pressure and strong smelling urine.",Urinary Tract Infection
"Woke up today with high fever, red watery eyes, tiny white spots inside mouth and blotchy skin rash.",Measles
Feeling impaired balance,Parkinson's Disease
Experiencing sunken eyes,Cholera
"I'm experiencing burning stomach, bloating and loss of appetite.",Gastritis
"I feel terrible with restlessness, muscle tension and sleep disturbance.",Generalized Anxiety Disorder
It started yesterday with severe eye pain with halo around lights and blurred vision.,Glaucoma
Feeling bruising easily,Scurvy
"Woke up today with sharp ear pain, muffled hearing and irritability.",Otitis Media
"Feeling persistent cough, mucus production, wheezing",Bronchitis
"Experiencing acute runny nose, sneezing, mild cough and mild headache.",Common Cold
"I have round moon face, easy bruising, high blood pressure and muscle weakness, what could this be?",Cushing's Syndrome
Experiencing acute coughing blood and dizziness.,Pulmonary Embolism
"I cannot sleep because of nausea, constipation and bloating.",Diverticulitis
"Experiencing excruciating pain around one eye, eye redness, tearing",Cluster Headache
"Lately I have been feeling dry skin, constipation and brittle hair.",Hypothyroidism
"Experiencing acute shortness of breath with exertion, excess sputum and wheezing.",COPD
"Doctor, I've had electric shock sensations, tremor, fatigue",Multiple Sclerosis
"Woke up today with gradual numbness in feet, tingling sensations, extreme sensitivity to touch and muscle weakness.",Peripheral Neuropathy
Feeling prolonged bleeding from small cuts,Thrombocytopenia
Patient reports constipation and abdominal tenderness with increasing discomfort.,Diverticulitis
"Patient reports sweating, dizziness and hunger with increasing discomfort.",Hypoglycemia
Feeling tender warm swollen joints,Rheumatoid Arthritis
I have swelling and redness over shoulder elbow or hip,Bursitis
Feeling dry cough,Influenza
"Experiencing acute difficulty falling asleep, waking up too early and difficulty concentrating.",Insomnia Disorder
Experiencing loss of appetite,Chronic Kidney Disease
"I have shivering chills, profuse sweating, nausea",Malaria
I have lingering joint discomfort,Gout
"Lately I have been feeling bloating, gas, weight loss and fatigue.",Celiac Disease
Feeling mucus production,Bronchitis
"Doctor, I've had extreme fatigue, pale skin, weakness and brittle nails for the past few days.",Iron Deficiency Anemia
Lately I have been feeling fever and feeling of fullness in ear.,Otitis Media
I have facial puffiness in mornings,Glomerulonephritis
"I have runny nose, red watery eyes, tiny white spots inside mouth",Measles
"I have fever and anxiety, what could this be?",Rabies Exposure
"Patient presenting with weight loss, fatigue, rectal bleeding",Crohn's Disease
Experiencing fever,Chickenpox
"I cannot sleep because of hoarseness, loss of voice, dry throat and dry cough.",Laryngitis
"Noticed severe unexplained weight gain, dry skin, constipation",Hypothyroidism
I have drooling,Bell's Palsy
"Noticed severe chest tightness during activity, fainting or dizziness upon standing, fatigue",Aortic Stenosis
"Clinical notes: Patient presenting with abrupt high fever, severe crippling joint pain, rash and muscle pain.",Chikungunya
I cannot sleep because of severe nausea and dizziness.,Heart Attack
"I cannot sleep because of round moon face, purple stretch marks, easy bruising and muscle weakness.",Cushing's Syndrome
"Over the last 48 hours, I noticed loss of balance and nausea with head movement.",Benign Paroxysmal Positional Vertigo
"Experiencing sharp lower right abdominal pain, nausea, loss of appetite",Appendicitis
"Suffering from throbbing headache, sound sensitivity, visual aura",Migraine
I have pimples with pus (pustules),Acne Vulgaris
Woke up today with cloudy or blurry vision and faded colors.,Cataract
"Suffering from waking up during the night and waking up too early, need medical guidance.",Insomnia Disorder
"Clinical notes: Patient presenting with extreme fatigue, severe sore throat and swollen lymph nodes in neck.",Mononucleosis
"Over the last 48 hours, I noticed red sores around nose and mouth, sores rupture and form honey-colored crusts and mild itching.",Impetigo
"Doctor, I've had heat intolerance, trembling hands, sweating",Hyperthyroidism
Feeling drooling,Bell's Palsy
"Over the last 48 hours, I noticed reduced personal accomplishment and frequent headaches.",Chronic Stress / Burnout
"Patient presenting with hard dry stools, straining during bowel movements, abdominal fullness",Constipation
"Suffering from stomach cramps, vomiting, mild fever",Gastroenteritis
"Doctor, I've had frequent painful urination and low-grade fever for the past few days.",Acute Cystitis
"I have unintended weight loss, sweating, bulging eyes",Hyperthyroidism
I have fever,Lyme Disease
"Patient reports nausea, vomiting, mild fever and body aches with increasing discomfort.",Gastroenteritis
"Feeling rapid heart rate upon standing, trembling, palpitations",Postural Orthostatic Tachycardia (POTS)
"Over the last 48 hours, I noticed loss of voice, dry throat and dry cough.",Laryngitis
"Over the last 48 hours, I noticed severe upper abdominal pain radiating to back, nausea, vomiting and rapid pulse.",Pancreatitis
"Suffering from chronic fatigue, mild upper right abdominal discomfort, jaundice",Hepatitis C
"I have facial pain and thick nasal discharge, what could this be?",Sinusitis
"I have persistent cough for more than 3 weeks, unexplained weight loss and fever, what could this be?",Tuberculosis
"It started yesterday with high fever, shivering chills and nausea.",Pyelonephritis
I've been dealing with morning headache and dizziness and it is getting worse.,Hypertension
"I have prolonged step-ladder fever, stomach pain, rose-colored rash",Typhoid Fever
"I'm experiencing fever, chills, fatigue and stiff neck.",Lyme Disease
"Suffering from dizziness on standing, trembling, extreme fatigue and palpitations, need medical guidance.",Postural Orthostatic Tachycardia (POTS)
"Experiencing difficulty starting urination, frequent nighttime urination, urinary urgency",Benign Prostatic Hyperplasia
Experiencing cold intolerance,Hypothyroidism
"Suffering from loss of appetite, headache, red spots on skin",Chickenpox
"Doctor, I've had itchy watery eyes, clear runny nose and itchy roof of mouth for the past few days.",Allergic Rhinitis
"It started yesterday with persistent sad empty mood, loss of interest in hobbies, fatigue and feelings of worthlessness.",Major Depressive Disorder
Feeling mouth sores,Crohn's Disease
Lately I have been feeling circular red itchy rash with raised edges and skin peeling.,Fungal Skin Infection
"I cannot sleep because of fainting or dizziness upon standing, heart murmur and fatigue.",Aortic Stenosis
"Patient reports difficulty falling asleep, waking up too early, daytime fatigue and irritability with increasing discomfort.",Insomnia Disorder
I have extreme fatigue,Postural Orthostatic Tachycardia (POTS)
"Been having unintended weight loss, heat intolerance, bulging eyes",Hyperthyroidism
"I've been dealing with sharp lower right abdominal pain, nausea and vomiting and it is getting worse.",Appendicitis
"I have vomiting, rapid pulse and tenderness to touch, what could this be?",Pancreatitis
Feeling rapid weight gain from fluid,Heart Failure
"My main issues right now are breathlessness with exercise, fainting or dizziness upon standing and heart murmur.",Aortic Stenosis
Feeling warmth in affected leg,Deep Vein Thrombosis
"Doctor, I've had nausea, loss of appetite, belching",Gastritis
"Clinical notes: Patient presenting with confusion, dizziness and numbness in fingers.",Electrolyte Imbalance
"Suffering from extreme fatigue, salt cravings, dizziness",Addison's Disease
"I'm experiencing breathlessness with exercise, chest tightness during activity and fatigue.",Aortic Stenosis
I have headache,Typhoid Fever
"Doctor, I've had increased thirst, frequent nighttime urination and fatigue for the past few days.",Diabetes Type 2
Clinical notes: Patient presenting with sores rupture and form honey-colored crusts and mild itching.,Impetigo
"Suffering from scaly skin, skin peeling, cracked skin",Fungal Skin Infection
I have pitted fingernails,Alopecia Areata
Feeling electric shock sensations,Multiple Sclerosis
"Experiencing high fever, cough, tiny white spots inside mouth",Measles
Experiencing fatigue,COPD
"I have high fasting blood glucose, high triglycerides, low HDL cholesterol",Metabolic Syndrome
I have vision loss,Stroke
I have dropping objects,Carpal Tunnel Syndrome
I have itchy eyes,Conjunctivitis
"My main issues right now are irregular periods, weight gain and ovarian cysts.",Polycystic Ovary Syndrome
"Doctor, I've had cramping abdominal pain, rectal pain, weight loss and fever for the past few days.",Ulcerative Colitis
"I'm experiencing heartburn, acid regurgitation, difficulty swallowing and sour taste in mouth.",GERD
I'm experiencing frequent nighttime urination and fatigue.,Diabetes Type 2
"Suffering from burning sensation when urinating and cloudy urine, need medical guidance.",Urinary Tract Infection
"Noticed severe easy or excessive bruising, petechiae (superficial pinpoint purple spots on skin), nosebleeds",Thrombocytopenia
"I have hoarseness and loss of voice, what could this be?",Laryngitis
"My main issues right now are irregular periods, excess facial hair, severe acne and thinning hair on scalp.",Polycystic Ovary Syndrome
"Patient presenting with shortness of breath, fatigue, lightheadedness",Coronary Artery Disease
"Clinical notes: Patient presenting with cramping leg pain when walking (claudication), coldness in lower leg or foot and slow-healing sores on toes.",Peripheral Artery Disease
"Experiencing abrupt high fever, rash, muscle pain",Chikungunya
"Clinical notes: Patient presenting with numbness in limbs, tremor and unsteady gait.",Multiple Sclerosis
It started yesterday with sudden intense terror and sweating.,Panic Disorder
"Suffering from frequent sneezing, itchy roof of mouth and nasal congestion, need medical guidance.",Allergic Rhinitis
"I have tingling in hands and feet, memory problems, pale or jaundiced skin",Vitamin B12 Deficiency
"Woke up today with abrupt high fever, joint swelling and rash.",Chikungunya
"Experiencing extreme fatigue, nausea, dizziness",Addison's Disease
Lately I have been feeling tingling in hands and feet and fatigue.,Vitamin B12 Deficiency
Feeling burning sensation in eyes,Dry Eye Syndrome
"Doctor, I've had abdominal cramping, gas and mucus in stool for the past few days.",Irritable Bowel Syndrome
Woke up today with joint pain during or after movement and joint stiffness in mornings.,Osteoarthritis
"Suffering from pale skin, cold hands and feet, shortness of breath with mild exertion",Iron Deficiency Anemia
"Suffering from extreme fatigue, brittle nails and shortness of breath with mild exertion, need medical guidance.",Iron Deficiency Anemia
"Doctor, I've had sudden intense joint pain in big toe, swelling and redness of big toe and lingering joint discomfort for the past few days.",Gout
Feeling rapid shallow breathing,Pleural Effusion
I have hunger,Hypoglycemia
"I have fatigue, cold intolerance, dry skin and brittle hair, what could this be?",Hypothyroidism
"Been having feeling full too quickly, bloating, nausea",Peptic Ulcer
Feeling sweating,Hyperthyroidism
"Over the last 48 hours, I noticed transient vision loss and temporary dizziness.",Transient Ischemic Attack (TIA)
"Experiencing circular red itchy rash with raised edges, clear skin in center of ring, skin peeling",Fungal Skin Infection
"My main issues right now are chest discomfort, mild fever and wheezing.",Bronchitis
"Patient reports fatigue, pale stools, yellowing of skin and eyes and loss of appetite with increasing discomfort.",Hepatitis A
"I cannot sleep because of hoarseness, tickling sensation in throat, dry throat and dry cough.",Laryngitis
Experiencing dehydration,Gastroenteritis
Feeling severe crippling joint pain,Chikungunya
"Been having bloating, gas, alternating diarrhea and constipation",Irritable Bowel Syndrome
Patient reports numbness in limbs and fatigue with increasing discomfort.,Multiple Sclerosis
"I've been dealing with sneezing, sore throat and mild headache and it is getting worse.",Common Cold
"Lately I have been feeling frequent nighttime urination, dribbling after urination and urinary urgency.",Benign Prostatic Hyperplasia
"Suffering from gradual loss of peripheral vision and severe eye pain with halo around lights, need medical guidance.",Glaucoma
"I have fever, body aches, swollen lymph nodes",Lyme Disease
"Over the last 48 hours, I noticed dizziness, lightheadedness and fainting episodes.",Arrhythmia
"My main issues right now are temporary numbness on one side, brief speech slurring and temporary dizziness.",Transient Ischemic Attack (TIA)
"My main issues right now are abdominal cramping, gas and alternating diarrhea and constipation.",Irritable Bowel Syndrome
"Suffering from weakness, brittle nails, shortness of breath with mild exertion",Iron Deficiency Anemia
"I have fatigue, constipation, muscle weakness",Hypothyroidism
"My main issues right now are extreme fatigue, salt cravings and dizziness.",Addison's Disease
"Over the last 48 hours, I noticed persistent cough for more than 3 weeks, night sweats and unexplained weight loss.",Tuberculosis
"Doctor, I've had sudden severe headache, loss of balance, vision loss",Stroke
I have cracked skin,Fungal Skin Infection
I have alternating diarrhea and constipation,Irritable Bowel Syndrome
"Over the last 48 hours, I noticed night sweats and fever.",Tuberculosis
"Doctor, I've had abdominal cramping, bloating, gas",Irritable Bowel Syndrome
I have heart murmur,Aortic Stenosis
"It started yesterday with frequent nighttime urination, slow-healing cuts and darkened skin patches.",Diabetes Type 2
Feeling nausea,Gastroenteritis
Experiencing nasal congestion on one side,Cluster Headache
Feeling pain during bowel movements,Hemorrhoids
"Over the last 48 hours, I noticed swelling in one calf or leg, throbbing calf pain and redness of skin on leg.",Deep Vein Thrombosis
"I have runny nose and sneezing, what could this be?",Common Cold
I've been dealing with tingling around bite site and fever and it is getting worse.,Rabies Exposure
Experiencing fever,Pericarditis
"Suffering from burning stomach pain between meals, nausea, unexplained weight loss",Peptic Ulcer
"I cannot sleep because of nasal congestion, thick nasal discharge and reduced smell.",Sinusitis
I'm experiencing burning stomach pain between meals and nausea.,Peptic Ulcer
"I have sneezing, sore throat, mild cough and mild headache, what could this be?",Common Cold
I have sudden facial drooping,Stroke
"Experiencing acute brain fog, trembling and palpitations.",Postural Orthostatic Tachycardia (POTS)
"Experiencing frequent nighttime urination, tingling in hands and feet, fatigue",Diabetes Type 2
Feeling weight loss,Crohn's Disease
"Over the last 48 hours, I noticed itchy fluid-filled blisters, tiredness, headache and red spots on skin.",Chickenpox
"I've been dealing with stomach cramps, body aches and dehydration and it is getting worse.",Gastroenteritis
"My main issues right now are crushing chest pain, pain radiating to left arm neck or jaw, shortness of breath and dizziness.",Heart Attack
Experiencing acute shortness of breath when lying flat and rapid weight gain from fluid.,Heart Failure
"I have confusion, hunger and blurred vision, what could this be?",Hypoglycemia
"Clinical notes: Patient presenting with watery diarrhea, stomach cramps, nausea and body aches.",Gastroenteritis
"Experiencing acute loud snoring, excessive daytime sleepiness and dry mouth on waking.",Sleep Apnea
"Been having chills, fatigue, swollen lymph nodes",Lyme Disease
Woke up today with persistent diarrhea and fatigue.,Crohn's Disease
"Woke up today with wheezing, shortness of breath, chest tightness and persistent cough.",Asthma
Experiencing joint aching or stiffness,Bursitis
"Patient presenting with nausea, vomiting, rebound tenderness",Appendicitis
"I'm experiencing chills, body aches, stiff neck and swollen lymph nodes.",Lyme Disease
"Noticed severe muscle weakness, frequent infections, chronic fatigue",Vitamin D Deficiency
I'm experiencing visual flashes and tingling in face or hands.,Migraine with Aura
"Suffering from increased thirst, frequent nighttime urination and tingling in hands and feet, need medical guidance.",Diabetes Type 2
"Doctor, I've had fatigue, shortness of breath, body aches",COVID-19
My main issues right now are loss of taste or smell and fatigue.,COVID-19
"Clinical notes: Patient presenting with itchy fluid-filled blisters, tiredness and loss of appetite.",Chickenpox
"Suffering from pink or red discoloration of eye, gritty feeling in eye, itchy eyes and crusty eyelids in morning, need medical guidance.",Conjunctivitis
Experiencing acute memory problems and unsteady balance.,Vitamin B12 Deficiency
"Experiencing dry persistent cough, fever, rapid shallow breathing",Pleural Effusion
Feeling extreme fatigue,Typhoid Fever
"Woke up today with frequent painful urination, lower abdominal pressure, cloudy foul-smelling urine and low-grade fever.",Acute Cystitis
"Patient presenting with fluid draining from ear, fever, irritability",Otitis Media
I have red skin patches covered with thick silvery scales,Psoriasis
"I have pain with swallowing, red swollen tonsils, swollen neck lymph nodes",Pharyngitis
"I feel terrible with sharp lower right abdominal pain, vomiting and rebound tenderness.",Appendicitis
I have shivering chills,Pyelonephritis
Experiencing acute trembling hands and anxiety.,Hyperthyroidism
I cannot sleep because of fever and enlarged tender neck nodes.,Tonsillitis
Feeling dull aching head pain,Tension Headache
"I'm experiencing abrupt high fever, severe crippling joint pain, rash and headache.",Chikungunya
Experiencing ovarian cysts,Polycystic Ovary Syndrome
"Suffering from chronic diarrhea, gas and fatigue, need medical guidance.",Celiac Disease
Feeling unsteady balance,Vitamin B12 Deficiency
"It started yesterday with burning localized pain, skin sensitivity and itching.",Shingles
"I have animal bite on skin, headache, anxiety",Rabies Exposure
"Noticed severe fluttering in chest, dizziness, fainting episodes",Arrhythmia
I have red to brownish-gray patches,Eczema
Experiencing blurred vision,Hypoglycemia
Experiencing loss of interest in hobbies,Major Depressive Disorder
Experiencing red watery eyes,Measles
"Been having numbness in limbs, vision loss in one eye, fatigue",Multiple Sclerosis
"Feeling chills, fatigue, rapid breathing",Pneumonia
"Lately I have been feeling tingling in hands and feet, smooth red tongue, fatigue and pale or jaundiced skin.",Vitamin B12 Deficiency
"Experiencing extreme fatigue, hyperpigmentation (darkened skin), low blood pressure",Addison's Disease
"I feel terrible with cyclical high fever, profuse sweating, headache and fatigue.",Malaria
Experiencing shortness of breath with mild exertion,Iron Deficiency Anemia
"I feel terrible with bruising easily, joint and muscle aches and fatigue.",Scurvy
I have changes in appetite or weight,Major Depressive Disorder
Experiencing nausea,Gallstones
"It started yesterday with sharp lower right abdominal pain, nausea, loss of appetite and rebound tenderness.",Appendicitis
"Noticed severe difficulty concentrating, irritability, sleep disturbance",Generalized Anxiety Disorder
Experiencing soft voice,Parkinson's Disease
"Over the last 48 hours, I noticed loss of interest in hobbies, fatigue, changes in appetite or weight and difficulty sleeping.",Major Depressive Disorder
"Patient reports irregular periods, excess facial hair, severe acne and ovarian cysts with increasing discomfort.",Polycystic Ovary Syndrome
"Doctor, I've had fever, swollen lymph nodes in neck, enlarged spleen",Mononucleosis
I feel terrible with rapid dehydration and low blood pressure.,Cholera
"It started yesterday with pale skin, weakness and cold hands and feet.",Iron Deficiency Anemia
It started yesterday with light sensitivity and visual aura.,Migraine
"I've been dealing with bloody diarrhea, urgent need to defecate and fever and it is getting worse.",Ulcerative Colitis
Experiencing reduced spine flexibility,Ankylosing Spondylitis
"Lately I have been feeling coughing blood, night sweats and unexplained weight loss.",Tuberculosis
Experiencing blurred vision after reading,Dry Eye Syndrome
I cannot sleep because of extreme fatigue and swollen lymph nodes in neck.,Mononucleosis
I have cold hands and feet,Iron Deficiency Anemia
"Suffering from watery diarrhea, nausea, body aches",Gastroenteritis
I cannot sleep because of frequent infections and hair loss.,Vitamin D Deficiency
"My main issues right now are stomach cramps, nausea, vomiting and dehydration.",Gastroenteritis
Feeling enlarged spleen,Mononucleosis
"It started yesterday with severe upper abdominal pain radiating to back, nausea, vomiting and tenderness to touch.",Pancreatitis
Feeling swelling in one calf or leg,Deep Vein Thrombosis
"Suffering from gradual numbness in feet and tingling sensations, need medical guidance.",Peripheral Neuropathy
Feeling inability to close one eye,Bell's Palsy
"I feel terrible with runny nose, red watery eyes and blotchy skin rash.",Measles
"Doctor, I've had muscle weakness, frequent infections and low mood for the past few days.",Vitamin D Deficiency
"I've been dealing with pink or red discoloration of eye, itchy eyes and watery discharge and it is getting worse.",Conjunctivitis
"Patient reports extreme fatigue, fever and enlarged spleen with increasing discomfort.",Mononucleosis
"I have cloudy or blurry vision, faded colors, poor night vision and frequent eyeglasses changes, what could this be?",Cataract
Lately I have been feeling severe sore throat and pain with swallowing.,Pharyngitis
"Clinical notes: Patient presenting with watery diarrhea, nausea and vomiting.",Gastroenteritis
Woke up today with glare and halos around headlights and frequent eyeglasses changes.,Cataract
"Doctor, I've had chronic diarrhea and bloating for the past few days.",Celiac Disease
"Suffering from unintended weight loss, trembling hands and sweating, need medical guidance.",Hyperthyroidism
My main issues right now are sudden one-sided facial paralysis and inability to close one eye.,Bell's Palsy
"Experiencing acute burning sensation in eyes, stringy mucus in eyes and blurred vision after reading.",Dry Eye Syndrome
I have fatigue,Scurvy
I've been dealing with runny nose and tiny white spots inside mouth and it is getting worse.,Measles
"Noticed severe sweating, anxiety, bulging eyes",Hyperthyroidism
"Suffering from round coin-sized smooth bald patches on scalp, exclamation point hairs and pitted fingernails, need medical guidance.",Alopecia Areata
"Experiencing acute high fever, fatigue and dry cough.",Influenza
Patient reports shivering chills and nausea with increasing discomfort.,Pyelonephritis
I have scalp tenderness,Tension Headache
"I cannot sleep because of persistent diarrhea, weight loss and fatigue.",Crohn's Disease
Experiencing difficulty concentrating,Insomnia Disorder
"Doctor, I've had sweating, rapid heartbeat, confusion and blurred vision for the past few days.",Hypoglycemia
"I have joint aches and loss of appetite, what could this be?",Hepatitis C
"Suffering from white or yellow coating on tonsils, fever, enlarged tender neck nodes",Tonsillitis
I have cloudy foul-smelling urine,Acute Cystitis
Experiencing animal bite on skin,Rabies Exposure
Feeling coughing blood,Tuberculosis
"Been having unintended weight loss, trembling hands, anxiety",Hyperthyroidism
My main issues right now are hoarseness and tickling sensation in throat.,Laryngitis
Experiencing acute extreme fatigue and hyperpigmentation (darkened skin).,Addison's Disease
"I have night sweats, unexplained weight loss and chest pain, what could this be?",Tuberculosis
"Lately I have been feeling frequent painful urination, blood in urine and low-grade fever.",Acute Cystitis
"Doctor, I've had sudden one-sided facial paralysis, inability to close one eye, drooling",Bell's Palsy
"Experiencing muscle cramps and spasms, confusion, numbness in fingers",Electrolyte Imbalance
"Patient reports high fever, chills and headache with increasing discomfort.",Influenza
Feeling swelling and redness of big toe,Gout
Experiencing acute low blood pressure and nausea.,Addison's Disease
"It started yesterday with sharp chest pain on breathing, rapid heart rate and dizziness.",Pulmonary Embolism
Experiencing bruising easily,Scurvy
"Patient presenting with fatigue, unexplained weight gain, muscle weakness",Hypothyroidism
"Experiencing reduced personal accomplishment, chronic physical fatigue, frequent headaches",Chronic Stress / Burnout
Experiencing metallic taste in mouth,Chronic Kidney Disease
"I've been dealing with persistent excessive worry, restlessness and irritability and it is getting worse.",Generalized Anxiety Disorder
"Patient presenting with electric shock sensations, tremor, unsteady gait",Multiple Sclerosis
"Suffering from bloating, nausea, dark stools",Peptic Ulcer
"Feeling red swollen tender skin area, rapidly expanding redness, fever",Cellulitis
"I have muscle stiffness, soft voice and shuffling gait, what could this be?",Parkinson's Disease
"Woke up today with faded colors, glare and halos around headlights and frequent eyeglasses changes.",Cataract
"Noticed severe fever, loss of taste or smell, fatigue",COVID-19
I have stomach cramps,Gastroenteritis
Experiencing severe headache,Dengue Fever
"Lately I have been feeling chronic fatigue, mild upper right abdominal discomfort and loss of appetite.",Hepatitis C
"I have numbness in limbs, fatigue, unsteady gait",Multiple Sclerosis
"Doctor, I've had swelling in ankles and feet, persistent fatigue, foamy urine",Chronic Kidney Disease
"Clinical notes: Patient presenting with large waist circumference, high blood pressure, high fasting blood glucose and low HDL cholesterol.",Metabolic Syndrome
"I cannot sleep because of blackheads and whiteheads, tender red bumps (papules), pimples with pus (pustules) and deep painful cystic lumps.",Acne Vulgaris
"Doctor, I've had bloody diarrhea, urgent need to defecate, weight loss and fever for the past few days.",Ulcerative Colitis
"Patient presenting with cough, runny nose, tiny white spots inside mouth",Measles
Experiencing shortness of breath with exertion,COPD
Experiencing throbbing calf pain,Deep Vein Thrombosis
"I feel terrible with glare and halos around headlights, poor night vision and frequent eyeglasses changes.",Cataract
"Over the last 48 hours, I noticed drooping mouth, drooling and loss of taste.",Bell's Palsy
I have morning headache,Hypertension
"Feeling confusion, numbness in fingers, extreme fatigue",Electrolyte Imbalance
"Doctor, I've had excruciating pain around one eye, eye redness and nasal congestion on one side for the past few days.",Cluster Headache
"Noticed severe cold sweat, severe nausea, dizziness",Heart Attack
Feeling rapid breathing,Pneumonia
Feeling pressure around eyes,Sinusitis
Experiencing chronic dry cough,GERD
"Doctor, I've had burning stomach pain between meals, nausea, dark stools and unexplained weight loss for the past few days.",Peptic Ulcer
Experiencing headache,Typhoid Fever
"Suffering from tingling or numbness in arms or fingers, headache starting at back of neck, grinding noise when turning neck",Cervical Spondylosis
"Lately I have been feeling chronic fatigue, sleep disturbances, cognitive brain fog and tender trigger points.",Fibromyalgia
It started yesterday with severe headache and mild bleeding.,Dengue Fever
Clinical notes: Patient presenting with mouth sores and rectal bleeding.,Crohn's Disease
"I've been dealing with sudden facial drooping, arm weakness, loss of balance and vision loss and it is getting worse.",Stroke
It started yesterday with mucus production and wheezing.,Bronchitis
"My main issues right now are watery diarrhea, nausea, body aches and dehydration.",Gastroenteritis
"Doctor, I've had bullseye skin rash and stiff neck for the past few days.",Lyme Disease
Experiencing sleep disturbance,Generalized Anxiety Disorder
I have deep painful cystic lumps,Acne Vulgaris
"I have cynicism and detachment, chronic physical fatigue, frequent headaches",Chronic Stress / Burnout
Experiencing chronic diarrhea,Celiac Disease
"Woke up today with increased thirst, frequent nighttime urination and slow-healing cuts.",Diabetes Type 2
My main issues right now are raised red itchy welts and intense itching.,Urticaria
"Doctor, I've had persistent cough, chest discomfort, mild fever",Bronchitis
Clinical notes: Patient presenting with clear runny nose and itchy roof of mouth.,Allergic Rhinitis
"Patient presenting with muscle weakness, low mood, hair loss",Vitamin D Deficiency
"I have chronic diarrhea and skin rash, what could this be?",Celiac Disease
"I have unexplained weight loss and fever, what could this be?",Tuberculosis
"Suffering from nausea, bloating, abdominal tenderness",Diverticulitis
"I have abdominal pain, dark urine, pale stools",Hepatitis A
"Patient reports red rash localized to area of contact, severe itching, dry cracked scaly skin and bumps and blisters with increasing discomfort.",Contact Dermatitis
"Feeling sharp lower right abdominal pain, vomiting, low-grade fever",Appendicitis
Lately I have been feeling persistent sad empty mood and difficulty sleeping.,Major Depressive Disorder
"Doctor, I've had fluid draining from ear, fever, feeling of fullness in ear",Otitis Media
"Suffering from electric shock sensations, vision loss in one eye, unsteady gait",Multiple Sclerosis
I have squeezing chest pain with physical exertion,Angina Pectoris
Experiencing grating sensation,Osteoarthritis
"Noticed severe tiredness, headache, red spots on skin",Chickenpox
"Experiencing sudden high fever, severe headache, mild bleeding",Dengue Fever
"Feeling tingling in face or hands, throbbing head pain, nausea",Migraine with Aura
Feeling muscle cramps,Cholera
My main issues right now are daytime fatigue and irritability.,Insomnia Disorder
"Woke up today with sharp lower right abdominal pain, nausea, low-grade fever and loss of appetite.",Appendicitis
Patient reports fatigue and pain radiating to jaw or left arm with increasing discomfort.,Coronary Artery Disease
"Clinical notes: Patient presenting with extreme fatigue, fever, swollen lymph nodes in neck and headache.",Mononucleosis
"Doctor, I've had high fever, dry cough, headache and sore throat for the past few days.",Influenza
Experiencing hunger,Hypoglycemia
"Noticed severe cough, tiny white spots inside mouth, blotchy skin rash",Measles
"Been having persistent cough for more than 3 weeks, night sweats, unexplained weight loss",Tuberculosis
Feeling painful swallowing,Tonsillitis
"Suffering from gasping for air during sleep, morning headache, excessive daytime sleepiness and dry mouth on waking, need medical guidance.",Sleep Apnea
Patient reports cold sweat and severe nausea with increasing discomfort.,Heart Attack
"Patient reports nausea, pale stools and loss of appetite with increasing discomfort.",Hepatitis A
"Feeling visual flashes, tingling in face or hands, light sensitivity",Migraine with Aura
"I've been dealing with persistent diarrhea, weight loss, mouth sores and rectal bleeding and it is getting worse.",Crohn's Disease
"I feel terrible with nausea, vomiting, low-grade fever and rebound tenderness.",Appendicitis
I cannot sleep because of fever and sore throat.,COVID-19
"Lately I have been feeling severe headache, joint and muscle ache and skin rash.",Dengue Fever
"Suffering from gas, alternating diarrhea and constipation, food intolerance",Irritable Bowel Syndrome
"It started yesterday with extreme fatigue, severe sore throat, swollen lymph nodes in neck and enlarged spleen.",Mononucleosis
"Suffering from nausea and belching, need medical guidance.",Gastritis
Feeling persistent fatigue,Chronic Kidney Disease
"My main issues right now are extreme hunger, fatigue and blurred vision.",Diabetes Type 1
"Experiencing acute persistent urgent need to urinate, pain when bladder fills and pain during intercourse.",Interstitial Cystitis
"Over the last 48 hours, I noticed sharp ear pain, fluid draining from ear and feeling of fullness in ear.",Otitis Media
"Feeling vomiting, rapid pulse, fever",Pancreatitis
"Doctor, I've had white or yellow coating on tonsils, fever and bad breath for the past few days.",Tonsillitis
"My main issues right now are fever, severe sore throat and swollen lymph nodes in neck.",Mononucleosis
"Been having confusion, hunger, blurred vision",Hypoglycemia
Lately I have been feeling fatigue and headache.,Influenza
"Been having intense skin itching, small raised bumps, raw sensitive skin from scratching",Eczema
"I cannot sleep because of bloody diarrhea, urgent need to defecate, rectal pain and fever.",Ulcerative Colitis
Experiencing tender red bumps (papules),Acne Vulgaris
"Doctor, I've had bloating, gas and alternating diarrhea and constipation for the past few days.",Irritable Bowel Syndrome
I have high fasting blood glucose,Metabolic Syndrome
Experiencing light sensitivity,Migraine
"Woke up today with burning sensation when urinating, cloudy urine and pelvic pressure.",Urinary Tract Infection
"Noticed severe chest pain on deep inhalation, dry persistent cough, rapid shallow breathing",Pleural Effusion
Woke up today with acid regurgitation and chest burning.,GERD
"I have acid regurgitation, chest burning, chronic dry cough and sour taste in mouth, what could this be?",GERD
"Suffering from constipation, bloating and abdominal tenderness, need medical guidance.",Diverticulitis
"Patient reports red swollen tonsils, white or yellow coating on tonsils, enlarged tender neck nodes and bad breath with increasing discomfort.",Tonsillitis
"Been having abdominal pain, pale stools, yellowing of skin and eyes",Hepatitis A
"Doctor, I've had muscle weakness, chronic fatigue, low mood and hair loss for the past few days.",Vitamin D Deficiency
"It started yesterday with severe sore throat, red swollen tonsils and swollen neck lymph nodes.",Pharyngitis
Clinical notes: Patient presenting with tingling in hands and feet and smooth red tongue.,Vitamin B12 Deficiency
I have itchy roof of mouth,Allergic Rhinitis
"Doctor, I've had persistent sad empty mood, changes in appetite or weight, feelings of worthlessness",Major Depressive Disorder
It started yesterday with gradual loss of peripheral vision and blurred vision.,Glaucoma
"Doctor, I've had fever, swollen lymph nodes in neck, enlarged spleen and headache for the past few days.",Mononucleosis
"I feel terrible with red swollen tonsils, painful swallowing and fever.",Tonsillitis
"Doctor, I've had pain with swallowing, fever, swollen neck lymph nodes",Pharyngitis
Experiencing unexplained weight loss,Tuberculosis
I have unexplained weight loss,Peptic Ulcer
My main issues right now are nausea and metallic taste in mouth.,Chronic Kidney Disease
Feeling lightheadedness,Coronary Artery Disease
Feeling tender trigger points,Fibromyalgia
"Patient reports joint pain during or after movement, joint stiffness in mornings and bone spurs with increasing discomfort.",Osteoarthritis
I have visual aura,Migraine
"Patient presenting with rapid heart rate upon standing, trembling, extreme fatigue",Postural Orthostatic Tachycardia (POTS)
"Doctor, I've had bloating, gas, iron deficiency",Celiac Disease
"I have fever, fatigue and shortness of breath, what could this be?",COVID-19
"I have abdominal cramping, mucus in stool and food intolerance, what could this be?",Irritable Bowel Syndrome
"Clinical notes: Patient presenting with morning headache, dizziness and shortness of breath.",Hypertension
Clinical notes: Patient presenting with reduced smell and pressure around eyes.,Sinusitis
Experiencing pain triggered by chewing or brushing teeth,Trigeminal Neuralgia
I cannot sleep because of electric shock sensations and tremor.,Multiple Sclerosis
"Feeling tender warm swollen joints, symmetrical joint pain in both hands, fatigue",Rheumatoid Arthritis
"Suffering from red rash localized to area of contact and dry cracked scaly skin, need medical guidance.",Contact Dermatitis
"Patient presenting with throbbing headache, nausea, sound sensitivity",Migraine
"My main issues right now are high fever, cough, red watery eyes and blotchy skin rash.",Measles
Lately I have been feeling cough and tiny white spots inside mouth.,Measles
"Suffering from nausea, vomiting, indigestion after fatty meals",Gallstones
Clinical notes: Patient presenting with facial redness across cheeks and nose and swollen red bumps resembling acne.,Rosacea
"Experiencing acute persistent excessive worry, restlessness and muscle tension.",Generalized Anxiety Disorder
"Woke up today with muscle weakness, chronic fatigue and low mood.",Vitamin D Deficiency
"Experiencing foamy urine, loss of appetite, metallic taste in mouth",Chronic Kidney Disease
"I'm experiencing tender warm swollen joints, symmetrical joint pain in both hands and morning joint stiffness lasting >1 hour.",Rheumatoid Arthritis
"I've been dealing with crushing chest pain, severe nausea and dizziness and it is getting worse.",Heart Attack
"I cannot sleep because of recurrent abdominal cramps, persistent diarrhea and mouth sores.",Crohn's Disease
"I've been dealing with morning headache, nosebleeds, blurred vision and chest tightness and it is getting worse.",Hypertension
"It started yesterday with fever, dry cough and sore throat.",COVID-19
"I have animal bite on skin, fever, headache",Rabies Exposure
Feeling reduced smell,Sinusitis
"Suffering from tingling sensations and extreme sensitivity to touch, need medical guidance.",Peripheral Neuropathy
"Doctor, I've had sudden high fever, severe headache, skin rash",Dengue Fever
Experiencing foamy urine,Glomerulonephritis
"I have sudden intense joint pain in big toe, swelling and redness of big toe, lingering joint discomfort",Gout
"I've been dealing with burning sensation when urinating, frequent urge to urinate, cloudy urine and pelvic pressure and it is getting worse.",Urinary Tract Infection
I have watery diarrhea,Gastroenteritis
"Feeling tingling around bite site, headache, anxiety",Rabies Exposure
"Suffering from thinning hair on scalp, weight gain, ovarian cysts",Polycystic Ovary Syndrome
I cannot sleep because of itchy watery eyes and nasal congestion.,Allergic Rhinitis
"Feeling high fever, nausea, vomiting",Pyelonephritis
"Experiencing fatigue, body aches, stiff neck",Lyme Disease
I have pounding racing heart,Panic Disorder
"Doctor, I've had salt cravings, nausea, dizziness",Addison's Disease
I have anxiety,Hyperthyroidism
"My main issues right now are dizziness, shortness of breath and nosebleeds.",Hypertension
I have coughing blood,Pulmonary Embolism
"I'm experiencing high fever, chills, fatigue and headache.",Influenza
I have restlessness,Generalized Anxiety Disorder
Experiencing blackheads and whiteheads,Acne Vulgaris
Feeling temporary dizziness,Transient Ischemic Attack (TIA)
"Patient reports arm weakness, slurred speech, sudden severe headache and loss of balance with increasing discomfort.",Stroke
Experiencing vision loss,Stroke
Feeling muscle weakness,Hypothyroidism
"I have chronic diarrhea, gas, fatigue",Celiac Disease
"Experiencing acute dizziness, shortness of breath and blurred vision.",Hypertension
"I cannot sleep because of cough with phlegm, chest pain and shortness of breath.",Pneumonia
"I have nausea, abdominal pain and yellowing of skin and eyes, what could this be?",Hepatitis A
"Suffering from nausea, vomiting and rapid pulse, need medical guidance.",Pancreatitis
"Noticed severe stomach cramps, nausea, body aches",Gastroenteritis
"I have lower abdominal pressure, cloudy foul-smelling urine, low-grade fever",Acute Cystitis
Experiencing nausea,Pancreatitis
"My main issues right now are red swollen tonsils, painful swallowing, fever and bad breath.",Tonsillitis
"Feeling burning stomach, bloating, loss of appetite",Gastritis
"I have red swollen tender skin area and fever, what could this be?",Cellulitis
Patient reports burning stomach and belching with increasing discomfort.,Gastritis
I cannot sleep because of scratchy feeling and stringy mucus in eyes.,Dry Eye Syndrome
"It started yesterday with extreme thirst, frequent urination, extreme hunger and fatigue.",Diabetes Type 1
"I cannot sleep because of muscle cramps and spasms, confusion, dizziness and extreme fatigue.",Electrolyte Imbalance
"Doctor, I've had chronic fatigue, cognitive brain fog, tender trigger points",Fibromyalgia
"Lately I have been feeling scaly skin, clear skin in center of ring, skin peeling and cracked skin.",Fungal Skin Infection
"Clinical notes: Patient presenting with coughing blood, unexplained weight loss, chest pain and fever.",Tuberculosis
Patient reports rapid heartbeat and dizziness with increasing discomfort.,Hypoglycemia
Woke up today with recurrent abdominal cramps and weight loss.,Crohn's Disease
"Suffering from fatigue and unsteady gait, need medical guidance.",Multiple Sclerosis
I have tingling in hands and feet,Diabetes Type 2
Experiencing fluid draining from ear,Otitis Media
"Noticed severe runny nose, sore throat, nasal congestion",Common Cold
I have mild upper right abdominal discomfort,Hepatitis C
"I'm experiencing vomiting, mild fever and dehydration.",Gastroenteritis
"Doctor, I've had burning stomach and loss of appetite for the past few days.",Gastritis
"Experiencing acute breathlessness with exercise, heart murmur and fatigue.",Aortic Stenosis
I have heat intolerance,Hyperthyroidism
"Suffering from fever, constipation, bloating and abdominal tenderness, need medical guidance.",Diverticulitis
"Been having heartburn, acid regurgitation, chronic dry cough",GERD
"My main issues right now are joint pain during or after movement, loss of joint flexibility and grating sensation.",Osteoarthritis
"I have crushing chest pain, cold sweat, shortness of breath",Heart Attack
"It started yesterday with sudden severe headache, loss of balance and vision loss.",Stroke
"I have mucus production, mild fever and fatigue, what could this be?",Bronchitis
"Doctor, I've had nausea, visual aura, dizziness",Migraine
I'm experiencing reduced personal accomplishment and chronic physical fatigue.,Chronic Stress / Burnout
"Lately I have been feeling irregular periods, excess facial hair, thinning hair on scalp and ovarian cysts.",Polycystic Ovary Syndrome
"Patient presenting with lower abdominal pressure, blood in urine, low-grade fever",Acute Cystitis
Lately I have been feeling headache starting at back of neck and grinding noise when turning neck.,Cervical Spondylosis
"Noticed severe chest pain, shortness of breath, rapid breathing",Pneumonia
Experiencing headache,Rabies Exposure
"Patient presenting with severe sharp flank pain, pain radiating to lower abdomen and groin, blood in urine",Kidney Stones
"Experiencing sharp lower right abdominal pain, vomiting, loss of appetite",Appendicitis
"Feeling eye redness, tearing, nasal congestion on one side",Cluster Headache
"Suffering from persistent sad empty mood, loss of interest in hobbies and fatigue, need medical guidance.",Major Depressive Disorder
"Noticed severe sudden intense terror, sweating, trembling",Panic Disorder
"Over the last 48 hours, I noticed sudden intense terror, sweating and feeling of choking.",Panic Disorder
"Been having weak urine stream, frequent nighttime urination, urinary urgency",Benign Prostatic Hyperplasia
I have shortness of breath,Angina Pectoris
I've been dealing with chest pressure on exertion and fatigue and it is getting worse.,Coronary Artery Disease
Experiencing fatigue,Crohn's Disease
I cannot sleep because of loss of consciousness and staring spells.,Epilepsy
"Doctor, I've had restlessness, muscle tension, sleep disturbance",Generalized Anxiety Disorder
Feeling swollen neck lymph nodes,Pharyngitis
"My main issues right now are swelling in ankles and feet, nausea, loss of appetite and metallic taste in mouth.",Chronic Kidney Disease
Woke up today with fever and red spots on skin.,Chickenpox
Feeling difficulty starting urination,Benign Prostatic Hyperplasia
"Feeling pink or cola-colored urine, high blood pressure, swollen ankles",Glomerulonephritis
"I cannot sleep because of uncontrolled jerking movements, loss of consciousness, staring spells and aura.",Epilepsy
Experiencing cyclical high fever,Malaria
"Clinical notes: Patient presenting with sudden intense terror, pounding racing heart and feeling of choking.",Panic Disorder
"Doctor, I've had feeling full too quickly, nausea and dark stools for the past few days.",Peptic Ulcer
Feeling strong smelling urine,Urinary Tract Infection
Woke up today with sharp shooting pain from lower back down leg and numbness in leg or foot.,Sciatica
I have sleep disturbance,Generalized Anxiety Disorder
"Suffering from poor appetite, yellowing of skin and eyes, dark urine",Hepatitis B
"I have wheezing, chest tightness and persistent cough, what could this be?",Asthma
Feeling blind spots,Migraine with Aura
Feeling weight loss,Celiac Disease
Experiencing gas,Irritable Bowel Syndrome
I'm experiencing dizziness and shortness of breath.,Hypertension
"Feeling shakiness, confusion, blurred vision",Hypoglycemia
"Over the last 48 hours, I noticed headache and body ache.",Malaria
I have nausea,Pancreatitis
Experiencing shortness of breath,Pleural Effusion
I have profuse sweating,Malaria
Feeling vomiting,Pyelonephritis
Feeling emotional exhaustion,Chronic Stress / Burnout
"Woke up today with circular red itchy rash with raised edges, scaly skin, clear skin in center of ring and skin peeling.",Fungal Skin Infection
Experiencing changes in appetite or weight,Major Depressive Disorder
"Doctor, I've had white or yellow coating on tonsils, painful swallowing, enlarged tender neck nodes",Tonsillitis
"Doctor, I've had fatigue, cold intolerance, dry skin and muscle weakness for the past few days.",Hypothyroidism
"My main issues right now are chest tightness, sweating, trembling and feeling of choking.",Panic Disorder
"It started yesterday with recurrent abdominal cramps, fatigue and mouth sores.",Crohn's Disease
"Doctor, I've had bloody diarrhea, urgent need to defecate, cramping abdominal pain",Ulcerative Colitis
It started yesterday with high fever and cough with phlegm.,Pneumonia
Experiencing cynicism and detachment,Chronic Stress / Burnout
"I have gradual numbness in feet, burning pain in hands, tingling sensations and muscle weakness, what could this be?",Peripheral Neuropathy
I have shortness of breath,Pneumonia
"Been having dizziness on standing, trembling, palpitations",Postural Orthostatic Tachycardia (POTS)
"Doctor, I've had tingling around bite site, fever, headache and anxiety for the past few days.",Rabies Exposure
"Doctor, I've had severe headache, pain behind the eyes, joint and muscle ache",Dengue Fever
Feeling itching,Shingles
"Experiencing vomiting, rapid dehydration, muscle cramps",Cholera
Experiencing dribbling after urination,Benign Prostatic Hyperplasia
"Been having dry cough, headache, sore throat",Influenza
"I feel terrible with sharp lower right abdominal pain, nausea, vomiting and low-grade fever.",Appendicitis
"Doctor, I've had nausea, fever, tenderness to touch",Pancreatitis
"I've been dealing with difficulty falling asleep, waking up during the night, irritability and difficulty concentrating and it is getting worse.",Insomnia Disorder
"Noticed severe cough, red watery eyes, tiny white spots inside mouth",Measles
Experiencing burning sensation in eyes,Dry Eye Syndrome
I feel terrible with sharp ear pain and fever.,Otitis Media
"Experiencing acute muscle stiffness, slow movement, impaired balance and shuffling gait.",Parkinson's Disease
"It started yesterday with uncontrolled jerking movements, loss of consciousness and aura.",Epilepsy
"Over the last 48 hours, I noticed burning stomach pain between meals and bloating.",Peptic Ulcer
"Doctor, I've had red watery eyes and tiny white spots inside mouth for the past few days.",Measles
Feeling fatigue,COPD
"Doctor, I've had extreme fatigue and severe sore throat for the past few days.",Mononucleosis
Patient reports muscle cramps and spasms and extreme fatigue with increasing discomfort.,Electrolyte Imbalance
Experiencing foamy urine,Chronic Kidney Disease
"I've been dealing with cough with phlegm, chest pain and fatigue and it is getting worse.",Pneumonia
I have irregular heartbeat,Electrolyte Imbalance
"Doctor, I've had fatigue and shortness of breath for the past few days.",COVID-19
"Noticed severe dizziness upon standing, infrequent urination, sunken eyes",Dehydration
"Experiencing chronic diarrhea, fatigue, iron deficiency",Celiac Disease
Experiencing red spots on skin,Chickenpox
I have stinging eyes,Dry Eye Syndrome
"Been having dark urine, pale stools, loss of appetite",Hepatitis A
"I cannot sleep because of fever, nausea, constipation and bloating.",Diverticulitis
Experiencing acute easy or excessive bruising and prolonged bleeding from small cuts.,Thrombocytopenia
"Patient presenting with arm weakness, slurred speech, loss of balance",Stroke
Feeling fear of being judged or embarrassed,Social Anxiety Disorder
Feeling feeling full too quickly,Peptic Ulcer
Experiencing sneezing,Common Cold
"Experiencing acute heartburn, difficulty swallowing, chronic dry cough and sour taste in mouth.",GERD
I have shuffling gait,Parkinson's Disease
"Been having bullseye skin rash, fatigue, swollen lymph nodes",Lyme Disease
"I'm experiencing tender warm swollen joints, symmetrical joint pain in both hands, morning joint stiffness lasting >1 hour and fever.",Rheumatoid Arthritis
"Doctor, I've had swelling in ankles and feet, foamy urine and loss of appetite for the past few days.",Chronic Kidney Disease
Experiencing hair loss,Vitamin D Deficiency
I have urinary urgency,Benign Prostatic Hyperplasia
"Experiencing swelling in legs and ankles, persistent fatigue, wheezing",Heart Failure
Lately I have been feeling dizziness and nosebleeds.,Hypertension
"It started yesterday with tingling in hands and feet, smooth red tongue and pale or jaundiced skin.",Vitamin B12 Deficiency
"Been having painful swallowing, fever, bad breath",Tonsillitis
"Over the last 48 hours, I noticed sudden one-sided facial paralysis, drooping mouth, inability to close one eye and drooling.",Bell's Palsy
"Suffering from dry cough, sore throat and body aches, need medical guidance.",COVID-19
"Woke up today with wheezing, shortness of breath and chest tightness.",Asthma
I have slow wound healing,Scurvy
"Patient reports rapid heart rate upon standing, trembling and palpitations with increasing discomfort.",Postural Orthostatic Tachycardia (POTS)
"Feeling sweating, trembling, fear of losing control",Panic Disorder
"Lately I have been feeling persistent cough for more than 3 weeks, coughing blood, chest pain and fever.",Tuberculosis
"Been having fatigue, dry cough, headache",Influenza
"Noticed severe shakiness, rapid heartbeat, dizziness",Hypoglycemia
Woke up today with chronic fatigue and cognitive brain fog.,Fibromyalgia
"Over the last 48 hours, I noticed fluttering in chest, dizziness and fainting episodes.",Arrhythmia
"Suffering from bloody diarrhea, rectal pain, weight loss",Ulcerative Colitis
"Lately I have been feeling sharp lower right abdominal pain, nausea and loss of appetite.",Appendicitis
I feel terrible with fatigue and slight liver enlargement.,Fatty Liver Disease
I feel terrible with bleeding gums and bruising easily.,Scurvy
"I'm experiencing loud snoring, gasping for air during sleep and dry mouth on waking.",Sleep Apnea
My main issues right now are fatigue and fever.,Rheumatoid Arthritis
"I have sudden intense terror and trembling, what could this be?",Panic Disorder
Feeling gradual loss of height over time,Osteoporosis
"Doctor, I've had sore throat, mild cough and nasal congestion for the past few days.",Common Cold
I have numbness in fingers,Electrolyte Imbalance
"Woke up today with sweating, dizziness, confusion and blurred vision.",Hypoglycemia
I'm experiencing pain worse in mornings and improves with exercise and reduced spine flexibility.,Ankylosing Spondylitis
My main issues right now are dull ache when moving affected tendon and mild swelling.,Tendinitis
"Experiencing acute symmetrical joint pain in both hands, morning joint stiffness lasting >1 hour and fever.",Rheumatoid Arthritis
"Woke up today with chest tightness, trembling, feeling of choking and fear of losing control.",Panic Disorder
I'm experiencing swelling in ankles and feet and nausea.,Chronic Kidney Disease
"Suffering from severe sharp flank pain, blood in urine, painful urination",Kidney Stones
"Lately I have been feeling shortness of breath, fatigue and pain radiating to jaw or left arm.",Coronary Artery Disease
"It started yesterday with cold sweat, severe nausea and dizziness.",Heart Attack
"Suffering from bloody diarrhea, cramping abdominal pain, weight loss",Ulcerative Colitis
Feeling sudden one-sided facial paralysis,Bell's Palsy
"Experiencing acute abdominal cramping, bloating and alternating diarrhea and constipation.",Irritable Bowel Syndrome
Patient reports low-grade fever and rebound tenderness with increasing discomfort.,Appendicitis
I have fever,Diverticulitis
My main issues right now are dark urine and joint pain.,Hepatitis B
I have persistent sad empty mood,Major Depressive Disorder
I have shoulder tension,Tension Headache
Patient reports joint pain and nausea with increasing discomfort.,Hepatitis B
"Suffering from shortness of breath when lying flat and persistent fatigue, need medical guidance.",Heart Failure
"Patient presenting with dry cough, loss of taste or smell, body aches",COVID-19
"Suffering from heartburn, chronic dry cough, sour taste in mouth",GERD
"Doctor, I've had upper abdominal pain, bloating, belching",Gastritis
"Doctor, I've had reduced personal accomplishment, chronic physical fatigue, digestive upset",Chronic Stress / Burnout
I have mild swelling,Tendinitis
Experiencing strong smelling urine,Urinary Tract Infection
"Noticed severe burning pain in hands, tingling sensations, extreme sensitivity to touch",Peripheral Neuropathy
"Noticed severe crushing chest pain, shortness of breath, dizziness",Heart Attack
"Doctor, I've had feeling of incomplete evacuation and bloating for the past few days.",Constipation
"Feeling fluttering in chest, slow heartbeat, fainting episodes",Arrhythmia
"Feeling corkscrew body hair, bruising easily, fatigue",Scurvy
"I cannot sleep because of muscle cramps and spasms, irregular heartbeat, dizziness and extreme fatigue.",Electrolyte Imbalance
"Experiencing acute shivering chills, nausea and vomiting.",Pyelonephritis
"Experiencing bloating, loss of appetite, belching",Gastritis
Feeling shortness of breath,Pneumonia
"Clinical notes: Patient presenting with resting tremor, muscle stiffness, slow movement and shuffling gait.",Parkinson's Disease
"I'm experiencing cough with phlegm, chills and fatigue.",Pneumonia
"My main issues right now are sharp ear pain, fever, feeling of fullness in ear and irritability.",Otitis Media
"Patient reports vomiting, rapid dehydration, muscle cramps and low blood pressure with increasing discomfort.",Cholera
Experiencing acute gas and iron deficiency.,Celiac Disease
"Suffering from severe sore throat, swollen lymph nodes in neck, headache",Mononucleosis
I have high blood pressure,Metabolic Syndrome
I have red swollen tonsils,Pharyngitis
"Been having heartburn, chest burning, sour taste in mouth",GERD
Feeling frequent urge to urinate,Urinary Tract Infection
"Lately I have been feeling sudden intense terror, pounding racing heart and chest tightness.",Panic Disorder
Feeling hunger,Hypoglycemia
Experiencing tingling sensations,Peripheral Neuropathy
"I have rapid heartbeat, hunger, blurred vision",Hypoglycemia
Experiencing acute loss of balance and vision loss.,Stroke
"Over the last 48 hours, I noticed sharp chest pain on breathing, rapid heart rate, coughing blood and dizziness.",Pulmonary Embolism
"My main issues right now are severe itching, dry cracked scaly skin, bumps and blisters and burning sensation.",Contact Dermatitis
Experiencing body aches,Lyme Disease
I have severe sore throat,Mononucleosis
"I cannot sleep because of shakiness, rapid heartbeat and dizziness.",Hypoglycemia
"Noticed severe high fever, shortness of breath, fatigue",Pneumonia
"Experiencing acute stomach pain, constipation or diarrhea, rose-colored rash and extreme fatigue.",Typhoid Fever
Experiencing slurred speech,Stroke
"I'm experiencing slow-healing cuts, fatigue and darkened skin patches.",Diabetes Type 2
Experiencing dry cough,Influenza
Experiencing avoidance of social situations,Social Anxiety Disorder
"Clinical notes: Patient presenting with numbness and tingling in thumb index and middle fingers, hand weakness, dropping objects and pain radiating up forearm.",Carpal Tunnel Syndrome
"Doctor, I've had rapid heart rate, unintended weight loss, trembling hands",Hyperthyroidism
Feeling night sweats,Tuberculosis
"I have constipation and brittle hair, what could this be?",Hypothyroidism
"Doctor, I've had sunken eyes and low blood pressure for the past few days.",Cholera
Feeling sore throat,COVID-19
"Patient reports persistent excessive worry, muscle tension and sleep disturbance with increasing discomfort.",Generalized Anxiety Disorder
"Doctor, I've had intense skin itching, dry cracked skin patches and small raised bumps for the past few days.",Eczema
I'm experiencing sore throat and mild cough.,Common Cold
"I feel terrible with bloating, alternating diarrhea and constipation and food intolerance.",Irritable Bowel Syndrome
Lately I have been feeling resting tremor and slow movement.,Parkinson's Disease
I have fatigue,Vitamin B12 Deficiency
"Patient reports drooping mouth, inability to close one eye, drooling and loss of taste with increasing discomfort.",Bell's Palsy
"Experiencing acute tingling in face or hands, throbbing head pain, nausea and light sensitivity.",Migraine with Aura
"Suffering from shivering chills, profuse sweating, headache",Malaria
"Suffering from joint and muscle ache and mild bleeding, need medical guidance.",Dengue Fever
Feeling nausea,Angina Pectoris
"Noticed severe weak urine stream, dribbling after urination, urinary urgency",Benign Prostatic Hyperplasia
Experiencing bloating,Constipation
"I have chronic physical fatigue, frequent headaches, digestive upset",Chronic Stress / Burnout
Feeling rapid heart rate,Hyperthyroidism
I have pressure in chest relieved by rest,Angina Pectoris
"Doctor, I've had bloating, skin rash, iron deficiency",Celiac Disease
"Woke up today with upper abdominal pain, burning stomach and nausea.",Gastritis
I have persistent excessive worry,Generalized Anxiety Disorder
"Patient presenting with chest burning, chronic dry cough, sour taste in mouth",GERD
Feeling unexplained weight loss,Tuberculosis
I feel terrible with high blood pressure and muscle weakness.,Cushing's Syndrome
"Been having upper abdominal pain, burning stomach, nausea",Gastritis
My main issues right now are burning sensation in eyes and stringy mucus in eyes.,Dry Eye Syndrome
"Feeling dizziness, lightheadedness, fainting episodes",Arrhythmia
"Over the last 48 hours, I noticed persistent sad empty mood, fatigue, changes in appetite or weight and feelings of worthlessness.",Major Depressive Disorder
"Woke up today with dizziness on standing, brain fog and extreme fatigue.",Postural Orthostatic Tachycardia (POTS)
"Experiencing persistent excessive worry, muscle tension, sleep disturbance",Generalized Anxiety Disorder
"I have dry cracked skin patches, red to brownish-gray patches, small raised bumps",Eczema
"Feeling slow heartbeat, lightheadedness, fainting episodes",Arrhythmia
"Doctor, I've had bone pain and low mood for the past few days.",Vitamin D Deficiency
Feeling muscle tension,Generalized Anxiety Disorder
I cannot sleep because of rapid heart rate and sweating.,Hyperthyroidism
"Feeling unexplained weight gain, dry skin, brittle hair",Hypothyroidism
"Patient reports weight gain around abdomen, easy bruising and high blood pressure with increasing discomfort.",Cushing's Syndrome
"Over the last 48 hours, I noticed swelling in legs and ankles, rapid weight gain from fluid and wheezing.",Heart Failure
Feeling cough with phlegm,Pneumonia
"I'm experiencing resting tremor, slow movement, soft voice and shuffling gait.",Parkinson's Disease
My main issues right now are hoarseness and dry cough.,Laryngitis
"Woke up today with frequent urination, unintended weight loss, fatigue and blurred vision.",Diabetes Type 1
"Woke up today with sneezing, sore throat and nasal congestion.",Common Cold
"I have tingling in hands and feet, fatigue, memory problems",Vitamin B12 Deficiency
My main issues right now are vomiting and tenderness to touch.,Pancreatitis
"Doctor, I've had red skin patches covered with thick silvery scales, dry cracked skin that may bleed, itching or burning skin",Psoriasis
Patient reports petechiae (superficial pinpoint purple spots on skin) and nosebleeds with increasing discomfort.,Thrombocytopenia
I have infrequent urination,Dehydration
"It started yesterday with burning stomach pain between meals, dark stools and unexplained weight loss.",Peptic Ulcer
"Feeling chest tightness, sweating, fear of losing control",Panic Disorder
"Clinical notes: Patient presenting with visual flashes, throbbing head pain, nausea and light sensitivity.",Migraine with Aura
"Noticed severe muscle cramps and spasms, irregular heartbeat, confusion",Electrolyte Imbalance
Experiencing thin wavy burrow tracks on skin,Scabies
Experiencing hand weakness,Carpal Tunnel Syndrome
I feel terrible with swelling in legs and ankles and rapid weight gain from fluid.,Heart Failure
"Suffering from fluttering in chest, racing heartbeat and slow heartbeat, need medical guidance.",Arrhythmia
Feeling tingling in hands and feet,Vitamin B12 Deficiency
"Doctor, I've had persistent fatigue, rapid weight gain from fluid and wheezing for the past few days.",Heart Failure
I have fatigue,Diabetes Type 2
"I have sore throat and mild headache, what could this be?",Common Cold
I feel terrible with intense fear of social interactions and fear of being judged or embarrassed.,Social Anxiety Disorder
"Feeling loss of voice, dry throat, dry cough",Laryngitis
I have white or yellow coating on tonsils,Tonsillitis
"Been having shortness of breath, nosebleeds, chest tightness",Hypertension
"It started yesterday with prolonged step-ladder fever, headache and rose-colored rash.",Typhoid Fever
Feeling chest pressure on exertion,Coronary Artery Disease
"Been having irregular periods, weight gain, ovarian cysts",Polycystic Ovary Syndrome
Patient reports difficulty falling asleep and difficulty concentrating with increasing discomfort.,Insomnia Disorder
"Noticed severe shortness of breath, chest tightness, difficulty breathing",Asthma
Experiencing numbness in limbs,Multiple Sclerosis
"My main issues right now are weak urine stream, frequent nighttime urination and urinary urgency.",Benign Prostatic Hyperplasia
"Doctor, I've had chronic cough, excess sputum and chest tightness for the past few days.",COPD
"Noticed severe shortness of breath with exertion, chest tightness, fatigue",COPD
"I have nausea, vomiting, fever",Pancreatitis
"I'm experiencing fever, dry cough and shortness of breath.",COVID-19
Lately I have been feeling round moon face and purple stretch marks.,Cushing's Syndrome
"Doctor, I've had nausea, vomiting, painful frequent urination",Pyelonephritis
I have arm weakness,Stroke
"Lately I have been feeling high fever, flank pain on one side and shivering chills.",Pyelonephritis
Clinical notes: Patient presenting with confusion and blurred vision.,Hypoglycemia
"Experiencing hoarseness, loss of voice, dry cough",Laryngitis
"Noticed severe pink or red discoloration of eye, gritty feeling in eye, itchy eyes",Conjunctivitis
"Been having cloudy urine, pelvic pressure, strong smelling urine",Urinary Tract Infection
"Patient presenting with coughing blood, unexplained weight loss, fever",Tuberculosis
"Experiencing acute hard dry stools, straining during bowel movements and feeling of incomplete evacuation.",Constipation
I have tearing,Cluster Headache
I have acid regurgitation,GERD
Experiencing pink or red discoloration of eye,Conjunctivitis
"Patient presenting with rapid heart rate upon standing, brain fog, trembling",Postural Orthostatic Tachycardia (POTS)
"Been having chronic fatigue, joint aches, mild upper right abdominal discomfort",Hepatitis C
"I cannot sleep because of visual flashes, blind spots, throbbing head pain and light sensitivity.",Migraine with Aura
"Experiencing fatigue, dry cough, sore throat",Influenza
"It started yesterday with fatigue, joint pain and nausea.",Hepatitis B
"Suffering from upper abdominal pain, nausea, belching",Gastritis
"Experiencing watery diarrhea, stomach cramps, vomiting",Gastroenteritis
Lately I have been feeling skin sensitivity and itching.,Shingles
Experiencing loss of taste or smell,COVID-19
"My main issues right now are round moon face, purple stretch marks, easy bruising and high blood pressure.",Cushing's Syndrome
"I have rapid heart rate, heat intolerance, trembling hands and anxiety, what could this be?",Hyperthyroidism
"Suffering from pressure in chest relieved by rest, shortness of breath, nausea",Angina Pectoris
"I have shakiness, rapid heartbeat, confusion",Hypoglycemia
"Suffering from stinging eyes and scratchy feeling, need medical guidance.",Dry Eye Syndrome
Experiencing severe itching,Contact Dermatitis
I'm experiencing runny nose and blotchy skin rash.,Measles
"Experiencing acute fever, body aches and stiff neck.",Lyme Disease
"Woke up today with nausea, low-grade fever and rebound tenderness.",Appendicitis
"I'm experiencing fluid-filled blisters on one side of body, fever and itching.",Shingles
"Experiencing cold intolerance, dry skin, brittle hair",Hypothyroidism
My main issues right now are persistent sad empty mood and feelings of worthlessness.,Major Depressive Disorder
"Lately I have been feeling chest pain on deep inhalation, shortness of breath and dry persistent cough.",Pleural Effusion
"My main issues right now are sudden severe pain in upper right abdomen, pain radiating to right shoulder, nausea and indigestion after fatty meals.",Gallstones
I have nausea,Appendicitis
Feeling nasal congestion,Allergic Rhinitis
I feel terrible with temporary numbness on one side and brief speech slurring.,Transient Ischemic Attack (TIA)
My main issues right now are extreme fatigue and shortness of breath with mild exertion.,Iron Deficiency Anemia
Experiencing cognitive brain fog,Fibromyalgia
Experiencing cough with phlegm,Pneumonia
I feel terrible with weight loss and mouth sores.,Crohn's Disease
"Been having bullseye skin rash, fatigue, body aches",Lyme Disease
"I have brain fog, extreme fatigue, palpitations",Postural Orthostatic Tachycardia (POTS)
Feeling numbness in fingers,Electrolyte Imbalance
Feeling chest tightness,Hypertension
"Suffering from sharp ear pain, fever and feeling of fullness in ear, need medical guidance.",Otitis Media
Experiencing joint pain,Hepatitis B
"Been having fever, headache, agitation",Rabies Exposure
"Suffering from abdominal pain, pale stools, yellowing of skin and eyes and loss of appetite, need medical guidance.",Hepatitis A
Experiencing blurred vision,Glaucoma
"Clinical notes: Patient presenting with frequent sneezing, itchy watery eyes and itchy roof of mouth.",Allergic Rhinitis
Feeling muscle cramps and spasms,Electrolyte Imbalance
"Doctor, I've had nausea and bloating for the past few days.",Diverticulitis
I've been dealing with muscle cramps and spasms and irregular heartbeat and it is getting worse.,Electrolyte Imbalance
"Doctor, I've had chest pressure on exertion and shortness of breath for the past few days.",Coronary Artery Disease
I have sharp shooting pain from lower back down leg,Sciatica
"Been having drooping mouth, drooling, loss of taste",Bell's Palsy
Feeling large waist circumference,Metabolic Syndrome
"Woke up today with severe headache, pain behind the eyes and mild bleeding.",Dengue Fever
"Lately I have been feeling tingling in hands and feet, smooth red tongue and fatigue.",Vitamin B12 Deficiency
I'm experiencing restlessness and difficulty concentrating.,Generalized Anxiety Disorder
"Patient reports nausea, body aches and dehydration with increasing discomfort.",Gastroenteritis
"Feeling round moon face, purple stretch marks, easy bruising",Cushing's Syndrome
"I cannot sleep because of nausea, abdominal pain, dark urine and pale stools.",Hepatitis A
"Experiencing recurrent abdominal cramps, weight loss, mouth sores",Crohn's Disease
I'm experiencing fatigue and iron deficiency.,Celiac Disease
"Experiencing high fever, cough, blotchy skin rash",Measles
Feeling tenderness to touch,Tendinitis
Feeling dry cracked skin patches,Eczema
"Been having loss of interest in hobbies, changes in appetite or weight, difficulty sleeping",Major Depressive Disorder
"Patient reports excess facial hair, thinning hair on scalp, weight gain and ovarian cysts with increasing discomfort.",Polycystic Ovary Syndrome
"Woke up today with cloudy or blurry vision, glare and halos around headlights, poor night vision and frequent eyeglasses changes.",Cataract
"Feeling racing heartbeat, slow heartbeat, dizziness",Arrhythmia
Experiencing bloating,Irritable Bowel Syndrome
"Suffering from high fever, cough with phlegm, shortness of breath",Pneumonia
Feeling eye redness,Cluster Headache
"Patient reports intense skin itching, dry cracked skin patches, small raised bumps and raw sensitive skin from scratching with increasing discomfort.",Eczema
Feeling fluid draining from ear,Otitis Media
"My main issues right now are extreme thirst, frequent urination and unintended weight loss.",Diabetes Type 1
"It started yesterday with extreme fatigue, low blood pressure, salt cravings and nausea.",Addison's Disease
"It started yesterday with arm weakness, slurred speech and vision loss.",Stroke
"My main issues right now are morning headache, dizziness, nosebleeds and blurred vision.",Hypertension
"Experiencing acute foamy urine, facial puffiness in mornings and swollen ankles.",Glomerulonephritis
"Woke up today with resting tremor, muscle stiffness, impaired balance and soft voice.",Parkinson's Disease
"Doctor, I've had unintended weight loss, heat intolerance, sweating",Hyperthyroidism
Woke up today with cloudy foul-smelling urine and low-grade fever.,Acute Cystitis
"Experiencing acute unexplained weight gain, cold intolerance, constipation and brittle hair.",Hypothyroidism
Feeling exclamation point hairs,Alopecia Areata
"Experiencing acute flank pain on one side, shivering chills, nausea and painful frequent urination.",Pyelonephritis
"I have headache, stomach pain, extreme fatigue",Typhoid Fever
"Been having pounding racing heart, sweating, fear of losing control",Panic Disorder
"I have chills, body ache, sore throat",Influenza
Experiencing acute fever and swollen neck lymph nodes.,Pharyngitis
I have loss of taste or smell,COVID-19
I have dry mouth,Dehydration
Feeling unexplained weight loss,Peptic Ulcer
"I have gas, fatigue and iron deficiency, what could this be?",Celiac Disease
I have joint aches,Hepatitis C
"It started yesterday with poor appetite, yellowing of skin and eyes, dark urine and nausea.",Hepatitis B
"Experiencing persistent fatigue, nausea, metallic taste in mouth",Chronic Kidney Disease
"Woke up today with straining during bowel movements, feeling of incomplete evacuation and bloating.",Constipation
"Patient presenting with throbbing calf pain, warmth in affected leg, redness of skin on leg",Deep Vein Thrombosis
"Lately I have been feeling burning localized pain, skin sensitivity, fever and itching.",Shingles
"Over the last 48 hours, I noticed fatigue and pale or jaundiced skin.",Vitamin B12 Deficiency
"I have persistent urgent need to urinate and pain when bladder fills, what could this be?",Interstitial Cystitis
I have dizziness,Hypoglycemia
"I have neck pain and stiffness and headache starting at back of neck, what could this be?",Cervical Spondylosis
"I cannot sleep because of fever, severe sore throat, swollen lymph nodes in neck and headache.",Mononucleosis
I'm experiencing severe sore throat and swollen lymph nodes in neck.,Mononucleosis
"Feeling pain with swallowing, red swollen tonsils, fever",Pharyngitis
"I have joint swelling, muscle pain, headache",Chikungunya
"Been having sharp chest pain worse when lying down, pain relieved by sitting up and leaning forward, fever",Pericarditis
"Doctor, I've had chest pain on deep inhalation, shortness of breath, rapid shallow breathing",Pleural Effusion
"Noticed severe frequent urination, unintended weight loss, blurred vision",Diabetes Type 1
Experiencing flank pain on one side,Pyelonephritis
Experiencing temporary dizziness,Transient Ischemic Attack (TIA)
"I've been dealing with vomiting, rapid pulse, fever and tenderness to touch and it is getting worse.",Pancreatitis
"Experiencing wheezing, chest tightness, fatigue",COPD
"Feeling uncontrolled jerking movements, staring spells, aura",Epilepsy
"My main issues right now are stomach pain, constipation or diarrhea and rose-colored rash.",Typhoid Fever
"Over the last 48 hours, I noticed high fever and red watery eyes.",Measles
"Patient reports dry cough, loss of taste or smell, fatigue and sore throat with increasing discomfort.",COVID-19
"Been having pink or red discoloration of eye, gritty feeling in eye, crusty eyelids in morning",Conjunctivitis
"Doctor, I've had prolonged step-ladder fever and extreme fatigue for the past few days.",Typhoid Fever
"Experiencing acute chronic cough, shortness of breath with exertion, wheezing and chest tightness.",COPD
"Doctor, I've had gradual loss of peripheral vision, severe eye pain with halo around lights and blurred vision for the past few days.",Glaucoma
"Over the last 48 hours, I noticed fluttering in chest, slow heartbeat, lightheadedness and fainting episodes.",Arrhythmia
"I have increased thirst, slow-healing cuts, tingling in hands and feet and fatigue, what could this be?",Diabetes Type 2
"Patient reports transient vision loss, temporary dizziness and arm weakness with increasing discomfort.",Transient Ischemic Attack (TIA)
Feeling light sensitivity,Migraine with Aura
I've been dealing with fatigue and rapid breathing and it is getting worse.,Pneumonia
"Patient reports foamy urine, nausea, loss of appetite and metallic taste in mouth with increasing discomfort.",Chronic Kidney Disease
"Been having shakiness, sweating, dizziness",Hypoglycemia
"Been having nausea, yellowing of skin and eyes, loss of appetite",Hepatitis A
"I'm experiencing extreme fatigue, cold hands and feet, brittle nails and shortness of breath with mild exertion.",Iron Deficiency Anemia
I have rapid heart rate upon standing,Postural Orthostatic Tachycardia (POTS)
I have nosebleeds,Thrombocytopenia
"Patient presenting with persistent cough for more than 3 weeks, coughing blood, night sweats",Tuberculosis
It started yesterday with weak pulse in legs and slow-healing sores on toes.,Peripheral Artery Disease
"Patient reports profuse watery diarrhea, vomiting, muscle cramps and sunken eyes with increasing discomfort.",Cholera
"I have chest tightness during activity and fainting or dizziness upon standing, what could this be?",Aortic Stenosis
"Patient reports frequent painful urination, lower abdominal pressure, blood in urine and low-grade fever with increasing discomfort.",Acute Cystitis
"Lately I have been feeling chest pain, shortness of breath and fatigue.",Pneumonia
My main issues right now are dry persistent cough and fever.,Pleural Effusion
"Been having dark yellow urine, dizziness upon standing, infrequent urination",Dehydration
"Doctor, I've had facial pain, thick nasal discharge, headache",Sinusitis
"Been having cynicism and detachment, chronic physical fatigue, digestive upset",Chronic Stress / Burnout
"Experiencing racing heartbeat, slow heartbeat, fainting episodes",Arrhythmia
"Feeling severe upper abdominal pain radiating to back, vomiting, rapid pulse",Pancreatitis
I'm experiencing cold intolerance and constipation.,Hypothyroidism
"I've been dealing with shivering chills, profuse sweating, nausea and fatigue and it is getting worse.",Malaria
"Feeling difficulty falling asleep, waking up too early, daytime fatigue",Insomnia Disorder
"Woke up today with waking up during the night, waking up too early and daytime fatigue.",Insomnia Disorder
Experiencing pain with joint pressure,Bursitis
"Doctor, I've had nasal congestion, thick nasal discharge, headache",Sinusitis
"Been having muffled hearing, feeling of fullness in ear, irritability",Otitis Media
"Doctor, I've had bone pain, chronic fatigue, hair loss",Vitamin D Deficiency
I have pain during intercourse,Interstitial Cystitis
"Patient presenting with red skin patches covered with thick silvery scales, dry cracked skin that may bleed, pitted thickened nails",Psoriasis
"Been having fatigue, dark urine, nausea",Hepatitis B
"Noticed severe fatigue, pale stools, loss of appetite",Hepatitis A
"My main issues right now are pain with swallowing, red swollen tonsils and fever.",Pharyngitis
I cannot sleep because of heartburn and difficulty swallowing.,GERD
"Been having gritty feeling in eye, itchy eyes, crusty eyelids in morning",Conjunctivitis
I feel terrible with headache and fatigue.,Malaria
"My main issues right now are red swollen tender skin area, rapidly expanding redness and blisters over red area.",Cellulitis
I have loss of joint flexibility,Osteoarthritis
"My main issues right now are gradual loss of height over time, stooped posture and back pain caused by collapsed vertebra.",Osteoporosis
"Patient reports profuse watery diarrhea, vomiting, sunken eyes and low blood pressure with increasing discomfort.",Cholera
"I have easy bruising and high blood pressure, what could this be?",Cushing's Syndrome
"Doctor, I've had pain with swallowing, red swollen tonsils and swollen neck lymph nodes for the past few days.",Pharyngitis
"My main issues right now are pink or red discoloration of eye, itchy eyes and crusty eyelids in morning.",Conjunctivitis
"I'm experiencing gradual loss of height over time, back pain caused by collapsed vertebra and bone fractures easily.",Osteoporosis
Feeling swelling and redness over shoulder elbow or hip,Bursitis
I have increased thirst,Diabetes Type 2
"Noticed severe smooth red tongue, fatigue, memory problems",Vitamin B12 Deficiency
"Experiencing acute persistent cough, chest discomfort and fatigue.",Bronchitis
Lately I have been feeling chest discomfort and fatigue.,Bronchitis
I've been dealing with rectal pain and weight loss and it is getting worse.,Ulcerative Colitis
"Clinical notes: Patient presenting with persistent sad empty mood, loss of interest in hobbies, changes in appetite or weight and difficulty sleeping.",Major Depressive Disorder
"Noticed severe red swollen tonsils, fever, enlarged tender neck nodes",Tonsillitis
"I cannot sleep because of abrupt high fever, severe crippling joint pain, joint swelling and rash.",Chikungunya
Feeling sudden spinning sensation when turning head,Benign Paroxysmal Positional Vertigo
"Patient presenting with sneezing, sore throat, mild headache",Common Cold
"Doctor, I've had fever, stiff neck, swollen lymph nodes",Lyme Disease
Lately I have been feeling drooping mouth and loss of taste.,Bell's Palsy
"I've been dealing with reduced personal accomplishment, chronic physical fatigue, frequent headaches and digestive upset and it is getting worse.",Chronic Stress / Burnout
I have itching or burning skin,Psoriasis
"My main issues right now are shortness of breath when lying flat, swelling in legs and ankles, rapid weight gain from fluid and wheezing.",Heart Failure
"Clinical notes: Patient presenting with swelling in legs and ankles, persistent fatigue and wheezing.",Heart Failure
"Feeling persistent excessive worry, restlessness, irritability",Generalized Anxiety Disorder
I have numbness in limbs,Multiple Sclerosis
Woke up today with rapid heart rate upon standing and palpitations.,Postural Orthostatic Tachycardia (POTS)
"Suffering from fever and headache, need medical guidance.",Chickenpox
"Noticed severe rapid heart rate, anxiety, bulging eyes",Hyperthyroidism
"Clinical notes: Patient presenting with coughing blood, night sweats, chest pain and fever.",Tuberculosis
I feel terrible with cold intolerance and brittle hair.,Hypothyroidism
My main issues right now are sudden severe pain in upper right abdomen and pain radiating to right shoulder.,Gallstones
"Suffering from chest pain, chills, rapid breathing",Pneumonia
"Suffering from trembling, extreme fatigue and palpitations, need medical guidance.",Postural Orthostatic Tachycardia (POTS)
"I've been dealing with persistent cough, mild fever and fatigue and it is getting worse.",Bronchitis
Experiencing nausea,Malaria
Woke up today with joint pain during or after movement and loss of joint flexibility.,Osteoarthritis
"Clinical notes: Patient presenting with round moon face, weight gain around abdomen, purple stretch marks and high blood pressure.",Cushing's Syndrome
"Patient presenting with swelling in legs and ankles, persistent fatigue, rapid weight gain from fluid",Heart Failure
"Experiencing weight gain around abdomen, easy bruising, high blood pressure",Cushing's Syndrome
"Over the last 48 hours, I noticed fatigue and yellowing of skin and eyes.",Hepatitis B
"Lately I have been feeling high fever, chills and rapid breathing.",Pneumonia
"Woke up today with irregular heartbeat, dizziness, numbness in fingers and extreme fatigue.",Electrolyte Imbalance
Feeling throbbing calf pain,Deep Vein Thrombosis
"Feeling profuse sweating, nausea, fatigue",Malaria
I have widespread musculoskeletal pain,Fibromyalgia
"Doctor, I've had mild swelling and joint stiffness near shoulder elbow or heel for the past few days.",Tendinitis
I have fatigue,Rheumatoid Arthritis
Feeling dry cough,COVID-19
"Patient presenting with fatigue, memory problems, unsteady balance",Vitamin B12 Deficiency
"Experiencing chills, headache, sore throat",Influenza
Experiencing rapid breathing,Pneumonia
Experiencing muscle cramps and spasms,Electrolyte Imbalance
Lately I have been feeling high triglycerides and low HDL cholesterol.,Metabolic Syndrome
"Patient presenting with blackheads and whiteheads, pimples with pus (pustules), deep painful cystic lumps",Acne Vulgaris
"Experiencing acute red swollen tonsils, fever and swollen neck lymph nodes.",Pharyngitis
"Feeling vomiting, body aches, dehydration",Gastroenteritis
"Suffering from sharp lower right abdominal pain, nausea and low-grade fever, need medical guidance.",Appendicitis
"Doctor, I've had fatigue, nausea, abdominal pain",Hepatitis A
I feel terrible with bright red rectal bleeding and itching around anus.,Hemorrhoids
Lately I have been feeling watery diarrhea and nausea.,Gastroenteritis
"Suffering from circular red itchy rash with raised edges, scaly skin, skin peeling",Fungal Skin Infection
"Clinical notes: Patient presenting with high fever, fatigue, dry cough and headache.",Influenza
Experiencing urinary urgency,Benign Prostatic Hyperplasia
Feeling blurred vision,Diabetes Type 1
I have chronic fatigue,Vitamin D Deficiency
"I feel terrible with swelling in ankles and feet, persistent fatigue, foamy urine and nausea.",Chronic Kidney Disease
"Experiencing rapid heart rate, trembling hands, anxiety",Hyperthyroidism
I feel terrible with racing heartbeat and dizziness.,Arrhythmia
"Doctor, I've had cyclical high fever, headache, body ache and fatigue for the past few days.",Malaria
Woke up today with round moon face and weight gain around abdomen.,Cushing's Syndrome
"Experiencing difficulty falling asleep, waking up too early, difficulty concentrating",Insomnia Disorder
"Clinical notes: Patient presenting with watery diarrhea, nausea, vomiting and body aches.",Gastroenteritis
Feeling nausea,Hepatitis A
I have blisters over red area,Cellulitis
Clinical notes: Patient presenting with swollen red bumps resembling acne and eye irritation.,Rosacea
"Noticed severe high fever, body ache, fatigue",Influenza
"Over the last 48 hours, I noticed pink or red discoloration of eye and watery discharge.",Conjunctivitis
"I'm experiencing persistent excessive worry, muscle tension and irritability.",Generalized Anxiety Disorder
"Experiencing runny nose, mild cough, nasal congestion",Common Cold
Experiencing slow wound healing,Scurvy
"Noticed severe dull aching head pain, tightness across forehead, shoulder tension",Tension Headache
"Patient presenting with morning headache, nosebleeds, blurred vision",Hypertension
Feeling difficulty concentrating,Insomnia Disorder
My main issues right now are red sores around nose and mouth and painless sores.,Impetigo
"Patient presenting with temporary numbness on one side, brief speech slurring, transient vision loss",Transient Ischemic Attack (TIA)
"Doctor, I've had tingling around bite site, headache, anxiety and agitation for the past few days.",Rabies Exposure
Experiencing abrupt high fever,Chikungunya
"I have runny nose, tiny white spots inside mouth, blotchy skin rash",Measles
"Doctor, I've had pain radiating to left arm neck or jaw, cold sweat, severe nausea",Heart Attack
"Patient presenting with electric shock sensation in cheek, pain triggered by chewing or brushing teeth, spontaneous facial spasms",Trigeminal Neuralgia
Feeling swollen lymph nodes in neck,Mononucleosis
"Patient presenting with tender red bumps (papules), pimples with pus (pustules), deep painful cystic lumps",Acne Vulgaris
Experiencing red rash localized to area of contact,Contact Dermatitis
Feeling pain with swallowing,Pharyngitis
Experiencing acute frequent nighttime urination and tingling in hands and feet.,Diabetes Type 2
"Doctor, I've had persistent cough for more than 3 weeks and unexplained weight loss for the past few days.",Tuberculosis
Experiencing pale skin,Iron Deficiency Anemia
"Patient reports severe upper abdominal pain radiating to back, vomiting and rapid pulse with increasing discomfort.",Pancreatitis
"Doctor, I've had fatigue, slight liver enlargement, elevated liver enzymes",Fatty Liver Disease
"Suffering from throbbing headache, nausea, visual aura and dizziness, need medical guidance.",Migraine
"I cannot sleep because of itchy fluid-filled blisters, fever, tiredness and loss of appetite.",Chickenpox
I have sudden high fever,Dengue Fever
"My main issues right now are resting tremor, muscle stiffness, soft voice and shuffling gait.",Parkinson's Disease
"Lately I have been feeling bloody diarrhea, urgent need to defecate and rectal pain.",Ulcerative Colitis
Feeling glare and halos around headlights,Cataract
Patient reports sudden one-sided facial paralysis and loss of taste with increasing discomfort.,Bell's Palsy
"I cannot sleep because of high fever, chills and body ache.",Influenza
"Experiencing fatigue, poor appetite, yellowing of skin and eyes",Hepatitis B
"I have difficulty falling asleep, waking up during the night, difficulty concentrating",Insomnia Disorder
"Been having frequent sneezing, itchy roof of mouth, nasal congestion",Allergic Rhinitis
"I've been dealing with fever, tiredness and loss of appetite and it is getting worse.",Chickenpox
"Doctor, I've had severe upper abdominal pain radiating to back, nausea and vomiting for the past few days.",Pancreatitis
I have facial pain,Sinusitis
"Patient presenting with slight fatigue, pale appearance, microcytic red blood cells on lab work",Thalassemia Minor
"Been having pain relieved by sitting up and leaning forward, fever, heart palpitations",Pericarditis
Clinical notes: Patient presenting with sweating and trembling.,Panic Disorder
Experiencing weight gain around abdomen,Cushing's Syndrome
"Experiencing burning stomach pain between meals, feeling full too quickly, unexplained weight loss",Peptic Ulcer
"Patient reports high fever, cough, tiny white spots inside mouth and blotchy skin rash with increasing discomfort.",Measles
"Noticed severe swelling in ankles and feet, foamy urine, loss of appetite",Chronic Kidney Disease
I have wheezing,COPD
Feeling fever,Lyme Disease
"Noticed severe smooth red tongue, unsteady balance, pale or jaundiced skin",Vitamin B12 Deficiency
"Doctor, I've had fatigue, abdominal pain, pale stools",Hepatitis A
Feeling burning sensation when urinating,Urinary Tract Infection
Feeling heart palpitations,Pericarditis
"I've been dealing with fatigue, pain radiating to jaw or left arm and lightheadedness and it is getting worse.",Coronary Artery Disease
"Experiencing acute fatigue, cold intolerance, constipation and brittle hair.",Hypothyroidism
"My main issues right now are large waist circumference, high fasting blood glucose and low HDL cholesterol.",Metabolic Syndrome
I have high fever,Measles
"Woke up today with chronic diarrhea, skin rash and iron deficiency.",Celiac Disease
"Clinical notes: Patient presenting with bleeding gums, corkscrew body hair and fatigue.",Scurvy
Feeling palpitations,Postural Orthostatic Tachycardia (POTS)
"Woke up today with watery diarrhea, nausea and mild fever.",Gastroenteritis
"Feeling headache, nausea, body ache",Malaria
"My main issues right now are sleep disturbances, cognitive brain fog and tender trigger points.",Fibromyalgia
"I'm experiencing muscle weakness, frequent infections and chronic fatigue.",Vitamin D Deficiency
"My main issues right now are persistent sad empty mood, loss of interest in hobbies, fatigue and changes in appetite or weight.",Major Depressive Disorder
I cannot sleep because of rapid heartbeat and confusion.,Hypoglycemia
Experiencing red swollen tender skin area,Cellulitis
"Patient presenting with facial pain, headache, pressure around eyes",Sinusitis
"Noticed severe sudden intense terror, pounding racing heart, sweating",Panic Disorder
Experiencing sudden severe headache,Stroke
"I feel terrible with racing heartbeat, slow heartbeat, dizziness and lightheadedness.",Arrhythmia
Clinical notes: Patient presenting with nausea and dehydration.,Gastroenteritis
I have mouth sores,Crohn's Disease
"I feel terrible with frequent sneezing, clear runny nose and nasal congestion.",Allergic Rhinitis
"Feeling rapid heart rate, sweating, anxiety",Hyperthyroidism
"Noticed severe gas, mucus in stool, food intolerance",Irritable Bowel Syndrome
"Been having chronic cough, excess sputum, chest tightness",COPD
"Noticed severe wheezing, shortness of breath, chest tightness",Asthma
"I have easy or excessive bruising, petechiae (superficial pinpoint purple spots on skin) and prolonged bleeding from small cuts, what could this be?",Thrombocytopenia
"Clinical notes: Patient presenting with numbness in limbs, vision loss in one eye and fatigue.",Multiple Sclerosis
"Doctor, I've had runny nose and sore throat for the past few days.",Common Cold
"Experiencing acute watery diarrhea, stomach cramps and body aches.",Gastroenteritis
"Noticed severe persistent sad empty mood, changes in appetite or weight, difficulty sleeping",Major Depressive Disorder
Experiencing wheezing,COPD
"Over the last 48 hours, I noticed sudden shortness of breath and coughing blood.",Pulmonary Embolism
Patient reports hyperpigmentation (darkened skin) and nausea with increasing discomfort.,Addison's Disease
"Experiencing bone pain, frequent infections, chronic fatigue",Vitamin D Deficiency
"I feel terrible with abrupt high fever, joint swelling and muscle pain.",Chikungunya
"Suffering from numbness in leg or foot and tingling in toes, need medical guidance.",Sciatica
Experiencing acute nasal congestion and mild headache.,Common Cold
"Feeling chronic fatigue, low mood, hair loss",Vitamin D Deficiency
My main issues right now are nausea and light sensitivity.,Migraine
"Lately I have been feeling burning localized pain, fluid-filled blisters on one side of body and itching.",Shingles
"Suffering from blackheads and whiteheads, tender red bumps (papules) and pimples with pus (pustules), need medical guidance.",Acne Vulgaris
"Noticed severe emotional exhaustion, cynicism and detachment, chronic physical fatigue",Chronic Stress / Burnout
"I have foamy urine, high blood pressure, facial puffiness in mornings",Glomerulonephritis
Feeling pain worse when sitting,Sciatica
"I have high fever, nausea and vomiting, what could this be?",Pyelonephritis
"My main issues right now are constant severe lower left abdominal pain, constipation and bloating.",Diverticulitis
"Doctor, I've had abdominal fullness and bloating for the past few days.",Constipation
Experiencing headache,Chikungunya
"Patient presenting with gradual numbness in feet, burning pain in hands, muscle weakness",Peripheral Neuropathy
"Patient presenting with high fever, shivering chills, vomiting",Pyelonephritis
I'm experiencing bloating and abdominal tenderness.,Diverticulitis
My main issues right now are changes in appetite or weight and difficulty sleeping.,Major Depressive Disorder
I cannot sleep because of wheezing and chest tightness.,COPD
"I've been dealing with irregular periods, excess facial hair, severe acne and weight gain and it is getting worse.",Polycystic Ovary Syndrome
"Doctor, I've had frequent painful urination, lower abdominal pressure, low-grade fever",Acute Cystitis
Feeling sharp shooting pain from lower back down leg,Sciatica
"Experiencing itchy eyes, watery discharge, crusty eyelids in morning",Conjunctivitis
"Been having loss of consciousness, staring spells, aura",Epilepsy
"Experiencing acute throbbing headache, sound sensitivity, visual aura and dizziness.",Migraine
Woke up today with tingling in toes and pain worse when sitting.,Sciatica
Experiencing shortness of breath,Heart Attack
"Noticed severe frequent painful urination, lower abdominal pressure, cloudy foul-smelling urine",Acute Cystitis
I have prolonged bleeding from small cuts,Thrombocytopenia
Clinical notes: Patient presenting with round moon face and muscle weakness.,Cushing's Syndrome
Experiencing exclamation point hairs,Alopecia Areata
Feeling cough,Measles
I have nausea,Hepatitis A
"My main issues right now are crushing chest pain, pain radiating to left arm neck or jaw, shortness of breath and severe nausea.",Heart Attack
"Experiencing frequent nighttime urination, slow-healing cuts, fatigue",Diabetes Type 2
I have tingling in toes,Sciatica
I feel terrible with unintended weight loss and fatigue.,Diabetes Type 1
"Suffering from cold sweat, shortness of breath, severe nausea",Heart Attack
I have burning sensation when urinating,Urinary Tract Infection
Clinical notes: Patient presenting with brief speech slurring and temporary dizziness.,Transient Ischemic Attack (TIA)
Feeling severe headache,Dengue Fever
Experiencing straining during bowel movements,Constipation
"Clinical notes: Patient presenting with joint aching or stiffness, pain with joint pressure and swelling and redness over shoulder elbow or hip.",Bursitis
I feel terrible with persistent cough for more than 3 weeks and chest pain.,Tuberculosis
Feeling urinary urgency,Benign Prostatic Hyperplasia
Feeling fever,Pleural Effusion
"I have sneezing, sore throat, nasal congestion",Common Cold
I have burning sensation on skin,Urticaria
"Over the last 48 hours, I noticed muscle stiffness, slow movement, soft voice and shuffling gait.",Parkinson's Disease
I have dizziness,Migraine
"Clinical notes: Patient presenting with severe upper abdominal pain radiating to back, rapid pulse and tenderness to touch.",Pancreatitis
"Experiencing fever, shortness of breath, sore throat",COVID-19
"Noticed severe resting tremor, soft voice, shuffling gait",Parkinson's Disease
"Lately I have been feeling persistent cough, chest discomfort, mild fever and wheezing.",Bronchitis
"Over the last 48 hours, I noticed slow heartbeat and dizziness.",Arrhythmia
"My main issues right now are constant severe lower left abdominal pain, nausea, constipation and bloating.",Diverticulitis
Feeling low-grade fever,Appendicitis
"I cannot sleep because of fatigue, dark urine and loss of appetite.",Hepatitis A
It started yesterday with persistent cough and mucus production.,Bronchitis
"Patient presenting with cough with phlegm, chest pain, fatigue",Pneumonia
Experiencing vomiting,Pyelonephritis
"Suffering from sharp lower right abdominal pain, nausea, vomiting and rebound tenderness, need medical guidance.",Appendicitis
"I'm experiencing high fever, runny nose and tiny white spots inside mouth.",Measles
"Noticed severe high fever, fatigue, rapid breathing",Pneumonia
My main issues right now are brain fog and trembling.,Postural Orthostatic Tachycardia (POTS)
"Over the last 48 hours, I noticed hyperpigmentation (darkened skin), salt cravings, nausea and dizziness.",Addison's Disease
"Patient reports chest pain on deep inhalation, dry persistent cough, fever and rapid shallow breathing with increasing discomfort.",Pleural Effusion
"Noticed severe dizziness on standing, brain fog, trembling",Postural Orthostatic Tachycardia (POTS)
"Doctor, I've had gritty feeling in eye, itchy eyes, watery discharge and crusty eyelids in morning for the past few days.",Conjunctivitis
"Woke up today with persistent cough for more than 3 weeks, night sweats, chest pain and fever.",Tuberculosis
"My main issues right now are persistent cough, mild fever, fatigue and wheezing.",Bronchitis
"I have burning sensation when urinating, frequent urge to urinate, pelvic pressure and strong smelling urine, what could this be?",Urinary Tract Infection
"My main issues right now are increased thirst, frequent nighttime urination, fatigue and darkened skin patches.",Diabetes Type 2
"Noticed severe extreme fatigue, hyperpigmentation (darkened skin), salt cravings",Addison's Disease
"Lately I have been feeling acid regurgitation, chronic dry cough and sour taste in mouth.",GERD
Clinical notes: Patient presenting with numbness in limbs and unsteady gait.,Multiple Sclerosis
Experiencing acute fatigue and cold intolerance.,Hypothyroidism
Experiencing acute nausea and body aches.,Gastroenteritis
I've been dealing with skin rash and mild bleeding and it is getting worse.,Dengue Fever
"Suffering from gas, fatigue, skin rash and iron deficiency, need medical guidance.",Celiac Disease
"Been having hoarseness, tickling sensation in throat, dry throat",Laryngitis
Feeling persistent urgent need to urinate,Interstitial Cystitis
"I've been dealing with sudden high fever, pain behind the eyes, joint and muscle ache and mild bleeding and it is getting worse.",Dengue Fever
"Been having headache, stomach pain, rose-colored rash",Typhoid Fever
It started yesterday with dry cracked skin patches and red to brownish-gray patches.,Eczema
"Suffering from low blood pressure, salt cravings and dizziness, need medical guidance.",Addison's Disease
"I have joint stiffness in mornings, grating sensation, bone spurs",Osteoarthritis
"I have stomach cramps and dehydration, what could this be?",Gastroenteritis
Feeling reduced personal accomplishment,Chronic Stress / Burnout
Feeling nausea,Diverticulitis
I'm experiencing unexplained weight gain and dry skin.,Hypothyroidism
"I have dark yellow urine, dry mouth, dizziness upon standing",Dehydration
I cannot sleep because of red to brownish-gray patches and small raised bumps.,Eczema
Feeling nausea,Addison's Disease
Experiencing morning headache,Sleep Apnea
I have swelling that changes shape and location,Urticaria
"My main issues right now are burning localized pain, fever and itching.",Shingles
Woke up today with dry cough and loss of taste or smell.,COVID-19
"It started yesterday with pain radiating to left arm neck or jaw, cold sweat, severe nausea and dizziness.",Heart Attack
"Doctor, I've had weight gain around abdomen, high blood pressure and muscle weakness for the past few days.",Cushing's Syndrome
"Woke up today with persistent diarrhea, fatigue and rectal bleeding.",Crohn's Disease
"Woke up today with nausea, vomiting, rapid pulse and fever.",Pancreatitis
"I have drooping mouth, inability to close one eye, drooling",Bell's Palsy
I feel terrible with slight liver enlargement and elevated liver enzymes.,Fatty Liver Disease
"Doctor, I've had shakiness, hunger, blurred vision",Hypoglycemia
"Suffering from hyperpigmentation (darkened skin), salt cravings, dizziness",Addison's Disease
Feeling restlessness,Cluster Headache
"Doctor, I've had bloody diarrhea, rectal pain, weight loss and fever for the past few days.",Ulcerative Colitis
"Noticed severe difficulty falling asleep, irritability, difficulty concentrating",Insomnia Disorder
"Suffering from increased thirst, frequent nighttime urination, fatigue",Diabetes Type 2
"Experiencing acute burning stomach pain between meals, feeling full too quickly and nausea.",Peptic Ulcer
"I cannot sleep because of muscle tension, difficulty concentrating, irritability and sleep disturbance.",Generalized Anxiety Disorder
"Feeling pink or cola-colored urine, facial puffiness in mornings, swollen ankles",Glomerulonephritis
"Suffering from runny nose, sneezing, sore throat and nasal congestion, need medical guidance.",Common Cold
My main issues right now are widespread musculoskeletal pain and chronic fatigue.,Fibromyalgia
"Lately I have been feeling fatigue, yellowing of skin and eyes, joint pain and nausea.",Hepatitis B
"Over the last 48 hours, I noticed extreme fatigue, pale skin, weakness and shortness of breath with mild exertion.",Iron Deficiency Anemia
Patient reports hyperpigmentation (darkened skin) and dizziness with increasing discomfort.,Addison's Disease
I have sunken eyes,Dehydration
"My main issues right now are muffled hearing, fluid draining from ear and irritability.",Otitis Media
"My main issues right now are persistent fatigue, nausea and loss of appetite.",Chronic Kidney Disease
I'm experiencing chronic fatigue and mild upper right abdominal discomfort.,Hepatitis C
It started yesterday with red swollen tonsils and fever.,Pharyngitis
I have dehydration,Gastroenteritis
"Clinical notes: Patient presenting with persistent excessive worry, restlessness, irritability and sleep disturbance.",Generalized Anxiety Disorder
"Patient presenting with body ache, fatigue, sore throat",Influenza
Feeling body aches,COVID-19
"I feel terrible with chest tightness during activity, fainting or dizziness upon standing and heart murmur.",Aortic Stenosis
Feeling itchy roof of mouth,Allergic Rhinitis
Feeling hoarseness,Laryngitis
Experiencing nasal congestion,Sinusitis
"Experiencing high fever, runny nose, red watery eyes",Measles
"Doctor, I've had chronic diarrhea and gas for the past few days.",Celiac Disease
"My main issues right now are tickling sensation in throat, dry throat and dry cough.",Laryngitis
Experiencing low blood pressure,Addison's Disease
Feeling fatigue,Vitamin B12 Deficiency
Lately I have been feeling severe itching and dry cracked scaly skin.,Contact Dermatitis
"Doctor, I've had high blood pressure and swollen ankles for the past few days.",Glomerulonephritis
Feeling rapid dehydration,Cholera
"Been having shortness of breath, fatigue, pain radiating to jaw or left arm",Coronary Artery Disease
Experiencing heartburn,GERD
"Suffering from fatigue and unexplained weight gain, need medical guidance.",Hypothyroidism
It started yesterday with high fever and runny nose.,Measles
"Woke up today with smooth red tongue, fatigue, memory problems and unsteady balance.",Vitamin B12 Deficiency
"Noticed severe frequent urination, fatigue, blurred vision",Diabetes Type 1
"Feeling circular red itchy rash with raised edges, scaly skin, clear skin in center of ring",Fungal Skin Infection
Experiencing difficulty concentrating,Generalized Anxiety Disorder
"Doctor, I've had salt cravings and dizziness for the past few days.",Addison's Disease
Feeling unintended weight loss,Diabetes Type 1
"Been having sharp lower right abdominal pain, nausea, vomiting",Appendicitis
"Lately I have been feeling electric shock sensations, fatigue and unsteady gait.",Multiple Sclerosis
Feeling pain with joint pressure,Bursitis
"Patient presenting with profuse watery diarrhea, vomiting, low blood pressure",Cholera
"I cannot sleep because of dull ache when moving affected tendon, tenderness to touch, mild swelling and joint stiffness near shoulder elbow or heel.",Tendinitis
"Suffering from facial redness across cheeks and nose and visible broken blood vessels, need medical guidance.",Rosacea
"Clinical notes: Patient presenting with pain radiating to right shoulder, vomiting and indigestion after fatty meals.",Gallstones
Feeling nausea,Pyelonephritis
"Been having fatigue, shortness of breath, sore throat",COVID-19
I cannot sleep because of dry cough and body aches.,COVID-19
"I cannot sleep because of increased thirst, frequent nighttime urination, slow-healing cuts and fatigue.",Diabetes Type 2
"I have red skin patches covered with thick silvery scales, itching or burning skin, pitted thickened nails",Psoriasis
Feeling excruciating pain around one eye,Cluster Headache
"I cannot sleep because of sneezing, nasal congestion and mild headache.",Common Cold
"I cannot sleep because of swelling in ankles and feet, nausea and metallic taste in mouth.",Chronic Kidney Disease
"Doctor, I've had constant severe lower left abdominal pain, fever, abdominal tenderness",Diverticulitis
I have blurred vision,Glaucoma
I feel terrible with nausea and body ache.,Malaria
"I have large waist circumference, high blood pressure and low HDL cholesterol, what could this be?",Metabolic Syndrome
"Patient presenting with chills, body ache, headache",Influenza
"Experiencing acute sudden shortness of breath, sharp chest pain on breathing, rapid heart rate and dizziness.",Pulmonary Embolism
Experiencing acute muscle stiffness and impaired balance.,Parkinson's Disease
I have low mood,Vitamin D Deficiency
"I cannot sleep because of excess facial hair, severe acne and thinning hair on scalp.",Polycystic Ovary Syndrome
"I feel terrible with chest pressure on exertion, shortness of breath, fatigue and lightheadedness.",Coronary Artery Disease
Experiencing reduced personal accomplishment,Chronic Stress / Burnout
I have dizziness,Electrolyte Imbalance
"Experiencing severe crippling joint pain, joint swelling, headache",Chikungunya
"I have fluttering in chest, racing heartbeat, lightheadedness and fainting episodes, what could this be?",Arrhythmia
"Experiencing acute blind spots, tingling in face or hands and throbbing head pain.",Migraine with Aura
Lately I have been feeling irregular periods and thinning hair on scalp.,Polycystic Ovary Syndrome
"Patient reports breathlessness with exercise, chest tightness during activity, fainting or dizziness upon standing and fatigue with increasing discomfort.",Aortic Stenosis
I feel terrible with severe acne and weight gain.,Polycystic Ovary Syndrome
"Patient reports chronic diarrhea, bloating and iron deficiency with increasing discomfort.",Celiac Disease
"I have stomach cramps and mild fever, what could this be?",Gastroenteritis
Experiencing severe eye pain with halo around lights,Glaucoma
"Suffering from burning stomach, bloating, belching",Gastritis
I feel terrible with circular red itchy rash with raised edges and scaly skin.,Fungal Skin Infection
"It started yesterday with fever, fatigue and swollen lymph nodes.",Lyme Disease
"It started yesterday with shortness of breath, blurred vision and chest tightness.",Hypertension
I have red sores around nose and mouth,Impetigo
"Feeling bleeding gums, bruising easily, joint and muscle aches",Scurvy
"Experiencing extreme fatigue, hyperpigmentation (darkened skin), nausea",Addison's Disease
"It started yesterday with fever, chills, stiff neck and swollen lymph nodes.",Lyme Disease
I've been dealing with dizziness when rolling over in bed and loss of balance and it is getting worse.,Benign Paroxysmal Positional Vertigo
"Patient presenting with cough with phlegm, shortness of breath, fatigue",Pneumonia
"It started yesterday with extreme thirst, dark yellow urine and sunken eyes.",Dehydration
I have bone fractures easily,Osteoporosis
Experiencing sores rupture and form honey-colored crusts,Impetigo
"Suffering from vision loss in one eye, fatigue, unsteady gait",Multiple Sclerosis
"Doctor, I've had temporary numbness on one side, brief speech slurring, temporary dizziness",Transient Ischemic Attack (TIA)
Experiencing abdominal pain,Hepatitis A
"Woke up today with nasal congestion, reduced smell and pressure around eyes.",Sinusitis
"It started yesterday with severe upper abdominal pain radiating to back, nausea, vomiting and fever.",Pancreatitis
"Experiencing acute stomach cramps, nausea and body aches.",Gastroenteritis
"Over the last 48 hours, I noticed symmetrical joint pain in both hands and morning joint stiffness lasting >1 hour.",Rheumatoid Arthritis
Feeling severe itching,Contact Dermatitis
"I've been dealing with visual flashes, tingling in face or hands and light sensitivity and it is getting worse.",Migraine with Aura
"Suffering from frequent nighttime urination, slow-healing cuts and fatigue, need medical guidance.",Diabetes Type 2
"Doctor, I've had upper abdominal pain, burning stomach, nausea and loss of appetite for the past few days.",Gastritis
"Patient presenting with increased thirst, fatigue, darkened skin patches",Diabetes Type 2
"Clinical notes: Patient presenting with straining during bowel movements, abdominal fullness and bloating.",Constipation
Feeling light sensitivity,Migraine
My main issues right now are irregular heartbeat and extreme fatigue.,Electrolyte Imbalance
Experiencing acute irregular periods and ovarian cysts.,Polycystic Ovary Syndrome
"Suffering from animal bite on skin and tingling around bite site, need medical guidance.",Rabies Exposure
Feeling tender red bumps (papules),Acne Vulgaris
"Lately I have been feeling corkscrew body hair, joint and muscle aches and fatigue.",Scurvy
Experiencing extreme thirst,Dehydration
"I have burning stomach, nausea and belching, what could this be?",Gastritis
Patient reports petechiae (superficial pinpoint purple spots on skin) and bleeding gums with increasing discomfort.,Thrombocytopenia
Lately I have been feeling abdominal cramping and gas.,Irritable Bowel Syndrome
I have tingling around bite site,Rabies Exposure
"Patient presenting with gradual numbness in feet, burning pain in hands, tingling sensations",Peripheral Neuropathy
Feeling constipation,Hypothyroidism
"I have facial redness across cheeks and nose and eye irritation, what could this be?",Rosacea
"Feeling bloating, weight loss, iron deficiency",Celiac Disease
"Suffering from shivering chills, profuse sweating, body ache",Malaria
"Suffering from arm weakness and sudden severe headache, need medical guidance.",Stroke
"Suffering from watery diarrhea, stomach cramps, dehydration",Gastroenteritis
"Suffering from severe sore throat, enlarged spleen, headache",Mononucleosis
"Over the last 48 hours, I noticed severe upper abdominal pain radiating to back, rapid pulse and fever.",Pancreatitis
Feeling nausea,Gastritis
I have throbbing headache,Migraine
"Experiencing high fever, shortness of breath, rapid breathing",Pneumonia
"Doctor, I've had feeling full too quickly and nausea for the past few days.",Peptic Ulcer
Feeling blurred vision after reading,Dry Eye Syndrome
Experiencing dizziness when rolling over in bed,Benign Paroxysmal Positional Vertigo
I feel terrible with throbbing calf pain and warmth in affected leg.,Deep Vein Thrombosis
Woke up today with hard dry stools and abdominal fullness.,Constipation
"Over the last 48 hours, I noticed recurrent abdominal cramps, persistent diarrhea, weight loss and mouth sores.",Crohn's Disease
Experiencing weak urine stream,Benign Prostatic Hyperplasia
"Patient presenting with breathlessness with exercise, chest tightness during activity, heart murmur",Aortic Stenosis
My main issues right now are chronic lower back pain and stiffness and fatigue.,Ankylosing Spondylitis
Feeling red to brownish-gray patches,Eczema
"I cannot sleep because of temporary confusion, loss of consciousness and aura.",Epilepsy
"Suffering from dizziness, numbness in fingers, extreme fatigue",Electrolyte Imbalance
"Experiencing acute bone pain, muscle weakness, frequent infections and hair loss.",Vitamin D Deficiency
"I have prolonged step-ladder fever, constipation or diarrhea, rose-colored rash and extreme fatigue, what could this be?",Typhoid Fever
Feeling abdominal cramping,Irritable Bowel Syndrome
"Experiencing dry cough, fatigue, body aches",COVID-19
Feeling joint stiffness near shoulder elbow or heel,Tendinitis
"I've been dealing with tiredness, loss of appetite, headache and red spots on skin and it is getting worse.",Chickenpox
"Doctor, I've had brief speech slurring, transient vision loss, arm weakness",Transient Ischemic Attack (TIA)
Clinical notes: Patient presenting with red watery eyes and blotchy skin rash.,Measles
Clinical notes: Patient presenting with loud snoring and gasping for air during sleep.,Sleep Apnea
Lately I have been feeling stinging eyes and blurred vision after reading.,Dry Eye Syndrome
Experiencing loss of appetite,Chickenpox
I have red swollen tonsils,Tonsillitis
"Suffering from headache and rose-colored rash, need medical guidance.",Typhoid Fever
"I have fatigue, dry skin, constipation",Hypothyroidism
"Noticed severe loss of interest in hobbies, fatigue, feelings of worthlessness",Major Depressive Disorder
"Over the last 48 hours, I noticed swelling in ankles and feet, persistent fatigue, foamy urine and loss of appetite.",Chronic Kidney Disease
Experiencing iron deficiency,Celiac Disease
"It started yesterday with prolonged step-ladder fever, stomach pain, constipation or diarrhea and rose-colored rash.",Typhoid Fever
Experiencing tunnel vision in advanced stages,Glaucoma
Experiencing bulging eyes,Hyperthyroidism
"I have chest burning, difficulty swallowing and sour taste in mouth, what could this be?",GERD
Experiencing mild bleeding,Dengue Fever
"I'm experiencing pink or red discoloration of eye, itchy eyes, watery discharge and crusty eyelids in morning.",Conjunctivitis
"Noticed severe emotional exhaustion, chronic physical fatigue, digestive upset",Chronic Stress / Burnout
"I cannot sleep because of sudden high fever, severe headache, pain behind the eyes and mild bleeding.",Dengue Fever
My main issues right now are tender warm swollen joints and morning joint stiffness lasting >1 hour.,Rheumatoid Arthritis
"My main issues right now are bullseye skin rash, fatigue, body aches and swollen lymph nodes.",Lyme Disease
"Over the last 48 hours, I noticed high fever, cough, runny nose and tiny white spots inside mouth.",Measles
"Experiencing acute cough with phlegm, shortness of breath and chills.",Pneumonia
Experiencing tearing,Cluster Headache
"It started yesterday with bullseye skin rash, fever, body aches and stiff neck.",Lyme Disease
"Feeling persistent cough for more than 3 weeks, coughing blood, chest pain",Tuberculosis
"My main issues right now are excess sputum, chest tightness and fatigue.",COPD
I have wheezing,Heart Failure
"Patient presenting with chest tightness, feeling of choking, fear of losing control",Panic Disorder
"Suffering from pink or cola-colored urine, foamy urine, high blood pressure and swollen ankles, need medical guidance.",Glomerulonephritis
"Been having weight gain around abdomen, purple stretch marks, easy bruising",Cushing's Syndrome
"Woke up today with intense skin itching, dry cracked skin patches and red to brownish-gray patches.",Eczema
I have brittle nails,Iron Deficiency Anemia
Feeling headache,Typhoid Fever
Lately I have been feeling loss of consciousness and aura.,Epilepsy
"Experiencing high fever, body ache, dry cough",Influenza
I cannot sleep because of dull aching head pain and shoulder tension.,Tension Headache
Patient reports profuse sweating and body ache with increasing discomfort.,Malaria
I have muscle pain,Chikungunya
"Woke up today with abdominal pain, dark urine, pale stools and yellowing of skin and eyes.",Hepatitis A
"I feel terrible with sharp ear pain, feeling of fullness in ear and irritability.",Otitis Media
"Over the last 48 hours, I noticed headache and sore throat.",Influenza
I have slurred speech,Stroke
"My main issues right now are dry skin, constipation and muscle weakness.",Hypothyroidism
Experiencing acute pain radiating to jaw or left arm and lightheadedness.,Coronary Artery Disease
Feeling burning sensation on skin,Urticaria
"I have tunnel vision in advanced stages, severe eye pain with halo around lights, blurred vision",Glaucoma
I have tiredness,Chickenpox
"Woke up today with burning stomach, nausea, bloating and belching.",Gastritis
"My main issues right now are bloating, gas and mucus in stool.",Irritable Bowel Syndrome
Experiencing chills,Pneumonia
"Over the last 48 hours, I noticed chronic diarrhea, bloating, weight loss and skin rash.",Celiac Disease
I cannot sleep because of cramping leg pain when walking (claudication) and weak pulse in legs.,Peripheral Artery Disease
I have swelling in one calf or leg,Deep Vein Thrombosis
Feeling white or yellow coating on tonsils,Tonsillitis
Experiencing waking up during the night,Insomnia Disorder
"Doctor, I've had dull aching head pain and scalp tenderness for the past few days.",Tension Headache
"I have constipation or diarrhea and extreme fatigue, what could this be?",Typhoid Fever
"Been having fatigue, body aches, swollen lymph nodes",Lyme Disease
"Suffering from sharp shooting pain from lower back down leg, numbness in leg or foot, pain worse when sitting",Sciatica
"I have heartburn, chest burning and difficulty swallowing, what could this be?",GERD
"I have heat intolerance, trembling hands, anxiety",Hyperthyroidism
Experiencing drooping mouth,Bell's Palsy
It started yesterday with severe sharp flank pain and blood in urine.,Kidney Stones
"Been having burning localized pain, skin sensitivity, itching",Shingles
I have muscle weakness,Hypothyroidism
I feel terrible with sharp chest pain worse when lying down and heart palpitations.,Pericarditis
"My main issues right now are sudden high fever, pain behind the eyes and joint and muscle ache.",Dengue Fever
"Been having difficulty falling asleep, waking up too early, irritability",Insomnia Disorder
"I have weight loss, fatigue, skin rash",Celiac Disease
Experiencing dizziness,Pulmonary Embolism
"Clinical notes: Patient presenting with weakness, cold hands and feet and shortness of breath with mild exertion.",Iron Deficiency Anemia
"Feeling gas, skin rash, iron deficiency",Celiac Disease
Feeling headache starting at back of neck,Cervical Spondylosis
"I have severe acne, weight gain, ovarian cysts",Polycystic Ovary Syndrome
"Suffering from extreme thirst, dark yellow urine, infrequent urination",Dehydration
Woke up today with pelvic pressure and strong smelling urine.,Urinary Tract Infection
"It started yesterday with recurrent abdominal cramps, persistent diarrhea, weight loss and fatigue.",Crohn's Disease
"I cannot sleep because of persistent cough, fatigue and wheezing.",Bronchitis
"I cannot sleep because of persistent sad empty mood, fatigue, changes in appetite or weight and difficulty sleeping.",Major Depressive Disorder
"I have circular red itchy rash with raised edges, skin peeling and cracked skin, what could this be?",Fungal Skin Infection
"Been having abrupt high fever, muscle pain, headache",Chikungunya
"Doctor, I've had slow movement, soft voice, shuffling gait",Parkinson's Disease
Lately I have been feeling extreme thirst and frequent urination.,Diabetes Type 1
I have sore throat,COVID-19
"Suffering from bone pain, muscle weakness and frequent infections, need medical guidance.",Vitamin D Deficiency
"Doctor, I've had high fever, chest pain, shortness of breath and rapid breathing for the past few days.",Pneumonia
I've been dealing with fatigue and body aches and it is getting worse.,Lyme Disease
"Noticed severe fluid-filled blisters on one side of body, fever, itching",Shingles
"Doctor, I've had high fever and headache for the past few days.",Influenza
It started yesterday with large waist circumference and high blood pressure.,Metabolic Syndrome
"I cannot sleep because of large waist circumference, high fasting blood glucose and high triglycerides.",Metabolic Syndrome
I have low HDL cholesterol,Metabolic Syndrome
It started yesterday with extreme fatigue and weakness.,Iron Deficiency Anemia
I have fainting or dizziness upon standing,Aortic Stenosis
"It started yesterday with burning sensation when urinating, cloudy urine, pelvic pressure and strong smelling urine.",Urinary Tract Infection
"It started yesterday with large waist circumference, high triglycerides and low HDL cholesterol.",Metabolic Syndrome
"I'm experiencing fatigue, poor appetite, dark urine and joint pain.",Hepatitis B
"Woke up today with headache, reduced smell and pressure around eyes.",Sinusitis
"My main issues right now are intense skin itching, red to brownish-gray patches and raw sensitive skin from scratching.",Eczema
"Doctor, I've had itchy fluid-filled blisters, fever and headache for the past few days.",Chickenpox
"I'm experiencing widespread musculoskeletal pain, sleep disturbances, cognitive brain fog and tender trigger points.",Fibromyalgia
"Experiencing weight loss, fatigue, iron deficiency",Celiac Disease
"Woke up today with scaly skin, clear skin in center of ring and cracked skin.",Fungal Skin Infection
I have rapid pulse,Pancreatitis
Experiencing dull ache when moving affected tendon,Tendinitis
I feel terrible with acid regurgitation and chronic dry cough.,GERD
"Over the last 48 hours, I noticed muscle weakness, frequent infections, low mood and hair loss.",Vitamin D Deficiency
"I'm experiencing brief speech slurring, transient vision loss and temporary dizziness.",Transient Ischemic Attack (TIA)
Feeling sore throat,Influenza
"Noticed severe persistent cough for more than 3 weeks, coughing blood, fever",Tuberculosis
I have round moon face,Cushing's Syndrome
"Over the last 48 hours, I noticed resting tremor and soft voice.",Parkinson's Disease
"Over the last 48 hours, I noticed extreme thirst and fatigue.",Diabetes Type 1
"Noticed severe joint and muscle ache, skin rash, mild bleeding",Dengue Fever
"Noticed severe watery diarrhea, mild fever, dehydration",Gastroenteritis
"Feeling scaly skin, clear skin in center of ring, skin peeling",Fungal Skin Infection
I have wheezing,Asthma
"Suffering from cold hands and feet and shortness of breath with mild exertion, need medical guidance.",Iron Deficiency Anemia
"Doctor, I've had sharp ear pain, muffled hearing, irritability",Otitis Media
"Suffering from irregular periods, excess facial hair and ovarian cysts, need medical guidance.",Polycystic Ovary Syndrome
"I have burning stomach pain between meals, bloating, dark stools",Peptic Ulcer
Woke up today with persistent cough for more than 3 weeks and night sweats.,Tuberculosis
"Doctor, I've had chronic pelvic pain, persistent urgent need to urinate, pain during intercourse",Interstitial Cystitis
"I cannot sleep because of cloudy or blurry vision, faded colors and glare and halos around headlights.",Cataract
I've been dealing with joint aches and mild upper right abdominal discomfort and it is getting worse.,Hepatitis C
Clinical notes: Patient presenting with weakness and brittle nails.,Iron Deficiency Anemia
Feeling fear of losing control,Panic Disorder
"Woke up today with numbness in limbs, electric shock sensations and vision loss in one eye.",Multiple Sclerosis
Feeling poor night vision,Cataract
Feeling frequent headaches,Chronic Stress / Burnout
Woke up today with pale skin and brittle nails.,Iron Deficiency Anemia
I cannot sleep because of difficulty swallowing and chronic dry cough.,GERD
Experiencing easy bruising,Cushing's Syndrome
Feeling sores rupture and form honey-colored crusts,Impetigo
"Been having abdominal cramping, bloating, alternating diarrhea and constipation",Irritable Bowel Syndrome
I have excruciating pain around one eye,Cluster Headache
"It started yesterday with profuse watery diarrhea, vomiting, rapid dehydration and sunken eyes.",Cholera
"Woke up today with high fever, chills, headache and sore throat.",Influenza
"I've been dealing with rapid heart rate upon standing, brain fog, trembling and extreme fatigue and it is getting worse.",Postural Orthostatic Tachycardia (POTS)
It started yesterday with cyclical high fever and body ache.,Malaria
Experiencing acute acid regurgitation and difficulty swallowing.,GERD
"Noticed severe fever, nausea, abdominal tenderness",Diverticulitis
Feeling chest tightness,Panic Disorder
Experiencing skin sensitivity,Shingles
"Feeling fluttering in chest, dizziness, lightheadedness",Arrhythmia
Feeling high blood pressure,Cushing's Syndrome
Lately I have been feeling tiredness and loss of appetite.,Chickenpox
Experiencing gradual loss of peripheral vision,Glaucoma
"Doctor, I've had profuse sweating, headache, nausea",Malaria
I'm experiencing dull ache when moving affected tendon and joint stiffness near shoulder elbow or heel.,Tendinitis
"Patient presenting with fever, chills, fatigue",Lyme Disease
Experiencing round moon face,Cushing's Syndrome
"Doctor, I've had faded colors and poor night vision for the past few days.",Cataract
"Woke up today with painful swallowing, fever, enlarged tender neck nodes and bad breath.",Tonsillitis
It started yesterday with electric shock sensations and unsteady gait.,Multiple Sclerosis
"Suffering from frequent sneezing, itchy watery eyes, nasal congestion",Allergic Rhinitis
Woke up today with muscle weakness and brittle hair.,Hypothyroidism
"I've been dealing with heat intolerance, trembling hands, sweating and bulging eyes and it is getting worse.",Hyperthyroidism
"I have pounding racing heart, sweating, feeling of choking",Panic Disorder
"Doctor, I've had dizziness on standing, brain fog and trembling for the past few days.",Postural Orthostatic Tachycardia (POTS)
It started yesterday with dull aching head pain and neck stiffness.,Tension Headache
Feeling heart murmur,Aortic Stenosis
"Woke up today with sharp chest pain worse when lying down, pain relieved by sitting up and leaning forward, fever and heart palpitations.",Pericarditis
"My main issues right now are corkscrew body hair, bruising easily, fatigue and slow wound healing.",Scurvy
It started yesterday with sudden facial drooping and arm weakness.,Stroke
Patient reports high fever and painful frequent urination with increasing discomfort.,Pyelonephritis
"Lately I have been feeling swelling and redness of big toe, lingering joint discomfort and limited range of motion.",Gout
"It started yesterday with thick nasal discharge, headache, reduced smell and pressure around eyes.",Sinusitis
"Clinical notes: Patient presenting with frequent painful urination, lower abdominal pressure and low-grade fever.",Acute Cystitis
"Noticed severe chest pain, shortness of breath, chills",Pneumonia
"Woke up today with extreme fatigue, pale skin, cold hands and feet and shortness of breath with mild exertion.",Iron Deficiency Anemia
"I feel terrible with round moon face, easy bruising and muscle weakness.",Cushing's Syndrome
"Over the last 48 hours, I noticed unintended weight loss, trembling hands and bulging eyes.",Hyperthyroidism
"It started yesterday with difficulty falling asleep, waking up during the night, daytime fatigue and irritability.",Insomnia Disorder
"Over the last 48 hours, I noticed constant severe lower left abdominal pain, fever, nausea and constipation.",Diverticulitis
"Experiencing acute burning stomach, bloating and belching.",Gastritis
"My main issues right now are fatigue, nausea, abdominal pain and loss of appetite.",Hepatitis A
"Clinical notes: Patient presenting with burning localized pain, skin sensitivity and fever.",Shingles
Experiencing painless sores,Impetigo
I'm experiencing swelling in ankles and feet and foamy urine.,Chronic Kidney Disease
Lately I have been feeling mild itching and painless sores.,Impetigo
"I cannot sleep because of sudden facial drooping, slurred speech, sudden severe headache and vision loss.",Stroke
"My main issues right now are visual flashes, nausea and light sensitivity.",Migraine with Aura
"Been having fever, loss of taste or smell, body aches",COVID-19
Feeling sudden facial drooping,Stroke
Experiencing red swollen tonsils,Pharyngitis
"Patient reports recurrent abdominal cramps, weight loss, mouth sores and rectal bleeding with increasing discomfort.",Crohn's Disease
"Suffering from chronic diarrhea, weight loss, fatigue",Celiac Disease
"Over the last 48 hours, I noticed extreme fatigue, hyperpigmentation (darkened skin) and salt cravings.",Addison's Disease
"Been having resting tremor, muscle stiffness, soft voice",Parkinson's Disease
Feeling crusty eyelids in morning,Conjunctivitis
I have low blood pressure,Cholera
"Over the last 48 hours, I noticed burning sensation in eyes and scratchy feeling.",Dry Eye Syndrome
"Experiencing acute fatigue, dark urine, pale stools and yellowing of skin and eyes.",Hepatitis A
Lately I have been feeling fluttering in chest and racing heartbeat.,Arrhythmia
Feeling swelling or lump near anus,Hemorrhoids
"Feeling loss of interest in hobbies, feelings of worthlessness, difficulty sleeping",Major Depressive Disorder
Feeling body aches,Lyme Disease
I have blotchy skin rash,Measles
I feel terrible with shortness of breath and nosebleeds.,Hypertension
I have severe sore throat,Pharyngitis
I have nausea,Malaria
"I'm experiencing sudden spinning sensation when turning head, dizziness when rolling over in bed and loss of balance.",Benign Paroxysmal Positional Vertigo
"Woke up today with dry cracked skin patches, small raised bumps and raw sensitive skin from scratching.",Eczema
"I've been dealing with nausea, fever and tenderness to touch and it is getting worse.",Pancreatitis
"Doctor, I've had joint pain during or after movement, joint stiffness in mornings, bone spurs",Osteoarthritis
"It started yesterday with mucus production, mild fever, fatigue and wheezing.",Bronchitis
"My main issues right now are feeling full too quickly, nausea and unexplained weight loss.",Peptic Ulcer
Experiencing brittle nails,Iron Deficiency Anemia
I cannot sleep because of increased thirst and darkened skin patches.,Diabetes Type 2
"I'm experiencing low blood pressure, salt cravings and nausea.",Addison's Disease
"Woke up today with sudden high fever, severe headache, pain behind the eyes and skin rash.",Dengue Fever
"Feeling burning sensation when urinating, frequent urge to urinate, strong smelling urine",Urinary Tract Infection
Experiencing food intolerance,Irritable Bowel Syndrome
"I feel terrible with flank pain on one side, shivering chills, vomiting and painful frequent urination.",Pyelonephritis
"Doctor, I've had hyperpigmentation (darkened skin) and salt cravings for the past few days.",Addison's Disease
"Patient reports loud snoring, gasping for air during sleep and morning headache with increasing discomfort.",Sleep Apnea
I have chronic physical fatigue,Chronic Stress / Burnout
"Suffering from red to brownish-gray patches, small raised bumps, raw sensitive skin from scratching",Eczema
"Experiencing muscle cramps and spasms, irregular heartbeat, dizziness",Electrolyte Imbalance
"Clinical notes: Patient presenting with bullseye skin rash, body aches and swollen lymph nodes.",Lyme Disease
"I cannot sleep because of chest pain on deep inhalation, shortness of breath, dry persistent cough and rapid shallow breathing.",Pleural Effusion
"Clinical notes: Patient presenting with unexplained weight loss, chest pain and fever.",Tuberculosis
"I have mild chronic anemia, pale appearance, microcytic red blood cells on lab work",Thalassemia Minor
"Been having sudden shortness of breath, sharp chest pain on breathing, coughing blood",Pulmonary Embolism
Experiencing nosebleeds,Hypertension
"Doctor, I've had excruciating pain around one eye, eye redness, nasal congestion on one side and restlessness for the past few days.",Cluster Headache
Lately I have been feeling tunnel vision in advanced stages and severe eye pain with halo around lights.,Glaucoma
"Lately I have been feeling cramping abdominal pain, rectal pain and weight loss.",Ulcerative Colitis
"Experiencing acute widespread musculoskeletal pain, chronic fatigue, sleep disturbances and cognitive brain fog.",Fibromyalgia
I have circular red itchy rash with raised edges,Fungal Skin Infection
"Over the last 48 hours, I noticed extreme thirst, dark yellow urine, dry mouth and dizziness upon standing.",Dehydration
Clinical notes: Patient presenting with hand weakness and pain radiating up forearm.,Carpal Tunnel Syndrome
"It started yesterday with emotional exhaustion, cynicism and detachment and reduced personal accomplishment.",Chronic Stress / Burnout
"My main issues right now are sneezing, sore throat, mild cough and nasal congestion.",Common Cold
I have excess facial hair,Polycystic Ovary Syndrome
"Clinical notes: Patient presenting with fatigue, cold intolerance, dry skin and constipation.",Hypothyroidism
"Doctor, I've had high fever, dry cough, sore throat",Influenza
"Patient presenting with restlessness, muscle tension, difficulty concentrating",Generalized Anxiety Disorder
"Over the last 48 hours, I noticed fever, dry cough, fatigue and sore throat.",COVID-19
"Feeling weight loss, fatigue, mouth sores",Crohn's Disease
"Patient presenting with shortness of breath, blurred vision, chest tightness",Hypertension
"I have fever, fatigue, body aches",COVID-19
"Clinical notes: Patient presenting with cold intolerance, dry skin, muscle weakness and brittle hair.",Hypothyroidism
"Suffering from sweating, feeling of choking and fear of losing control, need medical guidance.",Panic Disorder
"Over the last 48 hours, I noticed circular red itchy rash with raised edges, clear skin in center of ring and cracked skin.",Fungal Skin Infection
Experiencing acute burning localized pain and skin sensitivity.,Shingles
"Doctor, I've had rapid heart rate upon standing, dizziness on standing, extreme fatigue",Postural Orthostatic Tachycardia (POTS)
I have chest pain,Pneumonia
"I'm experiencing burning stomach pain between meals, bloating and unexplained weight loss.",Peptic Ulcer
"Been having pounding racing heart, chest tightness, fear of losing control",Panic Disorder
"Patient reports red swollen tonsils, white or yellow coating on tonsils, painful swallowing and bad breath with increasing discomfort.",Tonsillitis
I've been dealing with profuse sweating and headache and it is getting worse.,Malaria
"Been having nausea, body ache, fatigue",Malaria
"Patient reports red skin patches covered with thick silvery scales, dry cracked skin that may bleed and itching or burning skin with increasing discomfort.",Psoriasis
I've been dealing with loss of appetite and headache and it is getting worse.,Chickenpox
"Patient reports bloody diarrhea, rectal pain and weight loss with increasing discomfort.",Ulcerative Colitis
I have bloating,Irritable Bowel Syndrome
"Doctor, I've had pain radiating to left arm neck or jaw and cold sweat for the past few days.",Heart Attack
"It started yesterday with bullseye skin rash, chills, fatigue and stiff neck.",Lyme Disease
"I feel terrible with fatigue, dry skin and brittle hair.",Hypothyroidism
"Experiencing acute temporary confusion, staring spells and aura.",Epilepsy
Experiencing vision loss in one eye,Multiple Sclerosis
"Over the last 48 hours, I noticed dry mouth, dizziness upon standing and infrequent urination.",Dehydration
I have dizziness,Pulmonary Embolism
"Patient reports numbness in limbs, tremor, vision loss in one eye and fatigue with increasing discomfort.",Multiple Sclerosis
I have persistent cough,Bronchitis
"Doctor, I've had pain behind the eyes, joint and muscle ache, skin rash",Dengue Fever
"Experiencing acute severe sharp flank pain, pain radiating to lower abdomen and groin and nausea.",Kidney Stones
My main issues right now are red swollen tender skin area and skin warm to touch.,Cellulitis
I have intense itching,Urticaria
"Suffering from cough with phlegm and rapid breathing, need medical guidance.",Pneumonia
"I have fatigue, memory problems, pale or jaundiced skin",Vitamin B12 Deficiency
Experiencing resting tremor,Parkinson's Disease
"Feeling facial pain, thick nasal discharge, reduced smell",Sinusitis
My main issues right now are bloody diarrhea and weight loss.,Ulcerative Colitis
Feeling skin rash,Dengue Fever
"Been having circular red itchy rash with raised edges, clear skin in center of ring, cracked skin",Fungal Skin Infection
"Over the last 48 hours, I noticed cynicism and detachment and chronic physical fatigue.",Chronic Stress / Burnout
I cannot sleep because of shortness of breath and nausea.,Angina Pectoris
"Clinical notes: Patient presenting with frequent painful urination, lower abdominal pressure and blood in urine.",Acute Cystitis
"It started yesterday with excruciating pain around one eye, eye redness and tearing.",Cluster Headache
I've been dealing with chills and swollen lymph nodes and it is getting worse.,Lyme Disease
"Woke up today with frequent nighttime urination, tingling in hands and feet, fatigue and darkened skin patches.",Diabetes Type 2
"Experiencing blackheads and whiteheads, tender red bumps (papules), deep painful cystic lumps",Acne Vulgaris
"I feel terrible with blood in urine, nausea and painful urination.",Kidney Stones
Clinical notes: Patient presenting with animal bite on skin and anxiety.,Rabies Exposure
"Doctor, I've had headache, nausea, fatigue",Malaria
"I'm experiencing weight gain around abdomen, purple stretch marks, high blood pressure and muscle weakness.",Cushing's Syndrome
"Doctor, I've had cramping leg pain when walking (claudication), weak pulse in legs, slow-healing sores on toes",Peripheral Artery Disease
Lately I have been feeling large waist circumference and low HDL cholesterol.,Metabolic Syndrome
Experiencing muscle tension,Generalized Anxiety Disorder
"I've been dealing with dry cough, shortness of breath and body aches and it is getting worse.",COVID-19
"Over the last 48 hours, I noticed excess sputum and fatigue.",COPD
"Suffering from sores rupture and form honey-colored crusts, mild itching and painless sores, need medical guidance.",Impetigo
"Feeling high fever, cough, runny nose",Measles
"Noticed severe bleeding gums, bruising easily, slow wound healing",Scurvy
"Noticed severe vomiting, sunken eyes, low blood pressure",Cholera
I feel terrible with shortness of breath and chest tightness.,Hypertension
Feeling loss of consciousness,Epilepsy
I have gasping for air during sleep,Sleep Apnea
I feel terrible with pressure in chest relieved by rest and shortness of breath.,Angina Pectoris
I have easy or excessive bruising,Thrombocytopenia
"Patient presenting with unexplained weight loss, chest pain, fever",Tuberculosis
Experiencing dizziness,Heart Attack
"Suffering from shortness of breath, fatigue and lightheadedness, need medical guidance.",Coronary Artery Disease
"Over the last 48 hours, I noticed runny nose, sneezing and mild cough.",Common Cold
My main issues right now are loud snoring and morning headache.,Sleep Apnea
"Doctor, I've had cough, runny nose, red watery eyes",Measles
I have burning sensation in eyes,Dry Eye Syndrome
Experiencing swelling that changes shape and location,Urticaria
"I have severe sore throat, swollen lymph nodes in neck and headache, what could this be?",Mononucleosis
"I've been dealing with corkscrew body hair, joint and muscle aches and slow wound healing and it is getting worse.",Scurvy
"I have hand weakness, dropping objects and pain radiating up forearm, what could this be?",Carpal Tunnel Syndrome
"Doctor, I've had high fever, fatigue and headache for the past few days.",Influenza
I have dry cough,Laryngitis
"Doctor, I've had red swollen tonsils, fever and enlarged tender neck nodes for the past few days.",Tonsillitis
I have chest tightness during activity,Aortic Stenosis
"Experiencing fever, dry cough, loss of taste or smell",COVID-19
Feeling nausea,Gallstones
"I cannot sleep because of weight gain around abdomen, purple stretch marks and muscle weakness.",Cushing's Syndrome
Feeling darkened skin patches,Diabetes Type 2
Feeling chronic cough,COPD
"Clinical notes: Patient presenting with muscle cramps and spasms, dizziness, numbness in fingers and extreme fatigue.",Electrolyte Imbalance
"Suffering from weakness, brittle nails and shortness of breath with mild exertion, need medical guidance.",Iron Deficiency Anemia
"Woke up today with visual flashes, blind spots and throbbing head pain.",Migraine with Aura
Feeling sharp chest pain worse when lying down,Pericarditis
Lately I have been feeling severe crippling joint pain and muscle pain.,Chikungunya
Feeling bloating,Diverticulitis
"Suffering from chest pressure on exertion, fatigue, pain radiating to jaw or left arm",Coronary Artery Disease
"Over the last 48 hours, I noticed arm weakness, slurred speech and loss of balance.",Stroke
"Suffering from swelling in one calf or leg and redness of skin on leg, need medical guidance.",Deep Vein Thrombosis
It started yesterday with extreme fatigue and fever.,Mononucleosis
I have light sensitivity,Migraine
"Patient presenting with intense fear of social interactions, fear of being judged or embarrassed, blushing and sweating around people",Social Anxiety Disorder
I have muscle weakness,Vitamin D Deficiency
"Doctor, I've had temporary confusion and staring spells for the past few days.",Epilepsy
"Experiencing acute arm weakness, sudden severe headache and loss of balance.",Stroke
"Experiencing nasal congestion, headache, reduced smell",Sinusitis
"Doctor, I've had increased thirst, slow-healing cuts, tingling in hands and feet",Diabetes Type 2
"Suffering from waking up too early, daytime fatigue, difficulty concentrating",Insomnia Disorder
I have bleeding gums,Scurvy
Experiencing high fever,Pneumonia
I feel terrible with sudden intense terror and pounding racing heart.,Panic Disorder
"My main issues right now are fatigue, dull discomfort in upper right abdomen and elevated liver enzymes.",Fatty Liver Disease
"Experiencing chronic fatigue, joint aches, loss of appetite",Hepatitis C
"I have straining during bowel movements and bloating, what could this be?",Constipation
Experiencing acute muscle tension and difficulty concentrating.,Generalized Anxiety Disorder
I'm experiencing chronic diarrhea and iron deficiency.,Celiac Disease
"I have scaly skin, clear skin in center of ring, cracked skin",Fungal Skin Infection
Feeling red swollen tender skin area,Cellulitis
Experiencing joint and muscle ache,Dengue Fever
Feeling joint aches,Hepatitis C
Experiencing swelling in legs and ankles,Heart Failure
"Over the last 48 hours, I noticed persistent cough for more than 3 weeks, coughing blood, unexplained weight loss and fever.",Tuberculosis
"I feel terrible with animal bite on skin, headache and agitation.",Rabies Exposure
"Suffering from joint pain during or after movement and bone spurs, need medical guidance.",Osteoarthritis
Woke up today with dizziness and hunger.,Hypoglycemia
"I've been dealing with red swollen tonsils, painful swallowing and bad breath and it is getting worse.",Tonsillitis
I'm experiencing brittle nails and shortness of breath with mild exertion.,Iron Deficiency Anemia
"Noticed severe burning pain in hands, tingling sensations, muscle weakness",Peripheral Neuropathy
"Experiencing hand weakness, dropping objects, pain radiating up forearm",Carpal Tunnel Syndrome
"Experiencing acute difficulty falling asleep, waking up too early, daytime fatigue and difficulty concentrating.",Insomnia Disorder
I have chest burning,GERD
"Clinical notes: Patient presenting with circular red itchy rash with raised edges, clear skin in center of ring, skin peeling and cracked skin.",Fungal Skin Infection
"Noticed severe round coin-sized smooth bald patches on scalp, sudden hair loss, pitted fingernails",Alopecia Areata
I have pelvic pressure,Urinary Tract Infection
"Woke up today with chronic diarrhea, bloating, fatigue and iron deficiency.",Celiac Disease
"Doctor, I've had bullseye skin rash, chills, swollen lymph nodes",Lyme Disease
"Been having flank pain on one side, shivering chills, vomiting",Pyelonephritis
"I'm experiencing foamy urine, high blood pressure and facial puffiness in mornings.",Glomerulonephritis
"Over the last 48 hours, I noticed shortness of breath and chest tightness.",Asthma
Experiencing mild chronic anemia,Thalassemia Minor
Feeling vomiting,Gastroenteritis
Experiencing nausea,Chronic Kidney Disease
"Lately I have been feeling high fever, flank pain on one side, nausea and painful frequent urination.",Pyelonephritis
"Patient presenting with chest pain, shortness of breath, fatigue",Pneumonia
I have headache,Chikungunya
"Noticed severe temporary confusion, loss of consciousness, aura",Epilepsy
"Experiencing extreme thirst, fatigue, blurred vision",Diabetes Type 1
Feeling memory problems,Vitamin B12 Deficiency
"I have irregular heartbeat, confusion, dizziness",Electrolyte Imbalance
"Feeling severe sore throat, red swollen tonsils, swollen neck lymph nodes",Pharyngitis
"I have swelling in ankles and feet, persistent fatigue and foamy urine, what could this be?",Chronic Kidney Disease
"Feeling muscle weakness, frequent infections, hair loss",Vitamin D Deficiency
Experiencing easy or excessive bruising,Thrombocytopenia
Woke up today with sharp lower right abdominal pain and vomiting.,Appendicitis
Patient reports extreme hunger and fatigue with increasing discomfort.,Diabetes Type 1
I've been dealing with extreme thirst and sunken eyes and it is getting worse.,Dehydration
"Suffering from pink or cola-colored urine, high blood pressure, facial puffiness in mornings and swollen ankles, need medical guidance.",Glomerulonephritis
"I feel terrible with muffled hearing, feeling of fullness in ear and irritability.",Otitis Media
"Doctor, I've had extreme fatigue, cold hands and feet, brittle nails",Iron Deficiency Anemia
"Patient reports sneezing, mild cough, nasal congestion and mild headache with increasing discomfort.",Common Cold
"I've been dealing with severe sore throat, swollen lymph nodes in neck, enlarged spleen and headache and it is getting worse.",Mononucleosis
"Been having sudden shortness of breath, rapid heart rate, dizziness",Pulmonary Embolism
"Woke up today with cough with phlegm, fatigue and rapid breathing.",Pneumonia
"Noticed severe abdominal cramping, mucus in stool, food intolerance",Irritable Bowel Syndrome
I have pink or red discoloration of eye,Conjunctivitis
Experiencing chest tightness during activity,Aortic Stenosis
"I cannot sleep because of fluttering in chest, dizziness, lightheadedness and fainting episodes.",Arrhythmia
"Feeling sudden high fever, severe headache, joint and muscle ache",Dengue Fever
Feeling bleeding gums,Scurvy
I have severe acne,Polycystic Ovary Syndrome
Patient reports nausea and vomiting with increasing discomfort.,Pyelonephritis
"Doctor, I've had cyclical high fever, profuse sweating, nausea",Malaria
I've been dealing with frequent urination and blurred vision and it is getting worse.,Diabetes Type 1
I have small raised bumps,Eczema
"Experiencing acute bone pain, chronic fatigue, low mood and hair loss.",Vitamin D Deficiency
"I cannot sleep because of red swollen tonsils, white or yellow coating on tonsils, fever and bad breath.",Tonsillitis
"Suffering from dry cough, shortness of breath, sore throat and body aches, need medical guidance.",COVID-19
Experiencing dizziness,Addison's Disease
"Been having round coin-sized smooth bald patches on scalp, sudden hair loss, exclamation point hairs",Alopecia Areata
"It started yesterday with fatigue, abdominal pain, yellowing of skin and eyes and loss of appetite.",Hepatitis A
"Noticed severe corkscrew body hair, fatigue, slow wound healing",Scurvy
"Noticed severe muscle weakness, chronic fatigue, hair loss",Vitamin D Deficiency
"Woke up today with high fever, runny nose and red watery eyes.",Measles
Feeling slow movement,Parkinson's Disease
"Patient reports stomach pain, rose-colored rash and extreme fatigue with increasing discomfort.",Typhoid Fever
"Feeling chest discomfort, fatigue, wheezing",Bronchitis
I have sore throat,Influenza
"I've been dealing with pain behind the eyes, joint and muscle ache, skin rash and mild bleeding and it is getting worse.",Dengue Fever
"Lately I have been feeling facial pain, thick nasal discharge and pressure around eyes.",Sinusitis
"Over the last 48 hours, I noticed red swollen tonsils, painful swallowing and enlarged tender neck nodes.",Tonsillitis
I feel terrible with morning joint stiffness lasting >1 hour and fever.,Rheumatoid Arthritis
"I have constant severe lower left abdominal pain, constipation and abdominal tenderness, what could this be?",Diverticulitis
"Experiencing acute skin warm to touch, rapidly expanding redness, fever and blisters over red area.",Cellulitis
"I have extreme fatigue, swollen lymph nodes in neck, headache",Mononucleosis
I have unexplained weight loss,Tuberculosis
"I have profuse watery diarrhea, rapid dehydration, muscle cramps",Cholera
I'm experiencing muscle cramps and spasms and confusion.,Electrolyte Imbalance
"Suffering from nasal congestion, reduced smell, pressure around eyes",Sinusitis
"Suffering from sudden facial drooping, arm weakness, slurred speech and sudden severe headache, need medical guidance.",Stroke
Feeling smooth red tongue,Vitamin B12 Deficiency
"Suffering from blind spots, throbbing head pain, light sensitivity",Migraine with Aura
My main issues right now are itchy watery eyes and clear runny nose.,Allergic Rhinitis
"Woke up today with shivering chills, headache, nausea and body ache.",Malaria
"Patient presenting with burning stomach, nausea, bloating",Gastritis
Clinical notes: Patient presenting with chronic cough and excess sputum.,COPD
Feeling red swollen tonsils,Tonsillitis
"Suffering from infrequent urination and sunken eyes, need medical guidance.",Dehydration
"Woke up today with sudden intense terror, chest tightness and sweating.",Panic Disorder
Feeling muscle weakness,Peripheral Neuropathy
"Noticed severe bullseye skin rash, chills, fatigue",Lyme Disease
"Patient presenting with joint aching or stiffness, pain with joint pressure, swelling and redness over shoulder elbow or hip",Bursitis
I'm experiencing rapid heart rate upon standing and extreme fatigue.,Postural Orthostatic Tachycardia (POTS)
I have mucus in stool,Irritable Bowel Syndrome
"Experiencing acute lower abdominal pressure, cloudy foul-smelling urine and low-grade fever.",Acute Cystitis
"Experiencing acute sudden intense terror, trembling and feeling of choking.",Panic Disorder
Feeling fatigue,Lyme Disease
Experiencing bone fractures easily,Osteoporosis
"Over the last 48 hours, I noticed itchy watery eyes, itchy roof of mouth and nasal congestion.",Allergic Rhinitis
"I've been dealing with pale skin, cold hands and feet and shortness of breath with mild exertion and it is getting worse.",Iron Deficiency Anemia
"Suffering from persistent fatigue, rapid weight gain from fluid, wheezing",Heart Failure
"Experiencing high fever, body ache, headache",Influenza
Feeling poor appetite,Hepatitis B
"Over the last 48 hours, I noticed red swollen tonsils and enlarged tender neck nodes.",Tonsillitis
Experiencing chest pain,Pneumonia
"Doctor, I've had prolonged step-ladder fever, headache, rose-colored rash and extreme fatigue for the past few days.",Typhoid Fever
"I have squeezing chest pain with physical exertion, shortness of breath and nausea, what could this be?",Angina Pectoris
Experiencing body ache,Malaria
I'm experiencing vomiting and fever.,Pancreatitis
"I've been dealing with muscle cramps and spasms, irregular heartbeat and numbness in fingers and it is getting worse.",Electrolyte Imbalance
"My main issues right now are excruciating pain around one eye, nasal congestion on one side and restlessness.",Cluster Headache
"Noticed severe pounding racing heart, chest tightness, feeling of choking",Panic Disorder
Experiencing facial pain,Sinusitis
Experiencing stooped posture,Osteoporosis
"Patient presenting with sore throat, mild cough, mild headache",Common Cold
"I'm experiencing low-grade fever, loss of appetite and rebound tenderness.",Appendicitis
"Clinical notes: Patient presenting with joint aches, mild upper right abdominal discomfort and loss of appetite.",Hepatitis C
"Woke up today with bleeding gums, bruising easily, joint and muscle aches and fatigue.",Scurvy
"Doctor, I've had fever, swollen lymph nodes in neck, headache",Mononucleosis
Experiencing dry cracked skin that may bleed,Psoriasis
Woke up today with breathlessness with exercise and fainting or dizziness upon standing.,Aortic Stenosis
"Feeling extreme thirst, dark yellow urine, dry mouth",Dehydration
I have thin wavy burrow tracks on skin,Scabies
"Noticed severe chest tightness, trembling, fear of losing control",Panic Disorder
Woke up today with irritability and difficulty concentrating.,Insomnia Disorder
"I cannot sleep because of sharp chest pain on breathing, coughing blood and dizziness.",Pulmonary Embolism
"Woke up today with fluttering in chest, racing heartbeat, slow heartbeat and lightheadedness.",Arrhythmia
"Experiencing heartburn, acid regurgitation, sour taste in mouth",GERD
I have persistent fatigue,Heart Failure
I've been dealing with high fever and chest pain and it is getting worse.,Pneumonia
"Feeling extreme thirst, dizziness upon standing, sunken eyes",Dehydration
Feeling brief speech slurring,Transient Ischemic Attack (TIA)
"Suffering from muscle stiffness, slow movement and impaired balance, need medical guidance.",Parkinson's Disease
My main issues right now are foamy urine and high blood pressure.,Glomerulonephritis
I'm experiencing burning localized pain and itching.,Shingles
Clinical notes: Patient presenting with eye redness and restlessness.,Cluster Headache
Feeling trembling,Panic Disorder
"Doctor, I've had chronic cough, chest tightness, fatigue",COPD
Feeling rectal bleeding,Crohn's Disease
"Suffering from chest pressure on exertion, fatigue, lightheadedness",Coronary Artery Disease
My main issues right now are red swollen tonsils and fever.,Tonsillitis
I have emotional exhaustion,Chronic Stress / Burnout
"Experiencing acute extreme fatigue, low blood pressure and dizziness.",Addison's Disease
Feeling joint pain during or after movement,Osteoarthritis
I have throbbing head pain,Migraine with Aura
Feeling bloating,Celiac Disease
"I have trembling hands, anxiety, bulging eyes",Hyperthyroidism
It started yesterday with shortness of breath with exertion and wheezing.,COPD
Experiencing fever,Tuberculosis
Clinical notes: Patient presenting with shortness of breath and sore throat.,COVID-19
"Suffering from vomiting, rapid pulse, tenderness to touch",Pancreatitis
Lately I have been feeling nausea and light sensitivity.,Migraine with Aura
"Clinical notes: Patient presenting with heartburn, acid regurgitation, chronic dry cough and sour taste in mouth.",GERD
"Experiencing itchy fluid-filled blisters, tiredness, headache",Chickenpox
"Suffering from trembling, extreme fatigue, palpitations",Postural Orthostatic Tachycardia (POTS)
"Patient reports extreme thirst, extreme hunger, fatigue and blurred vision with increasing discomfort.",Diabetes Type 1
I have constipation,Diverticulitis
"I have watery diarrhea, nausea, dehydration",Gastroenteritis
"Doctor, I've had faded colors, glare and halos around headlights, poor night vision",Cataract
Lately I have been feeling sudden hair loss and pitted fingernails.,Alopecia Areata
"I feel terrible with fever, chills, body aches and stiff neck.",Lyme Disease
"Doctor, I've had irregular periods, excess facial hair and severe acne for the past few days.",Polycystic Ovary Syndrome
"Doctor, I've had muscle cramps and spasms, confusion, dizziness and numbness in fingers for the past few days.",Electrolyte Imbalance
Feeling widespread musculoskeletal pain,Fibromyalgia
"Been having muscle stiffness, soft voice, shuffling gait",Parkinson's Disease
Lately I have been feeling high fever and rapid breathing.,Pneumonia
"Over the last 48 hours, I noticed tender warm swollen joints, morning joint stiffness lasting >1 hour and fatigue.",Rheumatoid Arthritis
"I've been dealing with red rash localized to area of contact, severe itching and bumps and blisters and it is getting worse.",Contact Dermatitis
"I have chronic fatigue, jaundice, loss of appetite",Hepatitis C
"I have prolonged step-ladder fever and stomach pain, what could this be?",Typhoid Fever
Lately I have been feeling mild chronic anemia and slight fatigue.,Thalassemia Minor
"Patient presenting with blind spots, throbbing head pain, nausea",Migraine with Aura
"I'm experiencing shivering chills, profuse sweating and nausea.",Malaria
Experiencing numbness in fingers,Electrolyte Imbalance
My main issues right now are trembling and fear of losing control.,Panic Disorder
Experiencing transient vision loss,Transient Ischemic Attack (TIA)
"Over the last 48 hours, I noticed sharp lower right abdominal pain, loss of appetite and rebound tenderness.",Appendicitis
"Experiencing acute visual flashes, tingling in face or hands and nausea.",Migraine with Aura
I have electric shock sensation in cheek,Trigeminal Neuralgia
"Suffering from severe crippling joint pain, rash, muscle pain",Chikungunya
"Doctor, I've had skin sensitivity, fever and itching for the past few days.",Shingles
Feeling visual flashes,Migraine with Aura
"Been having numbness in limbs, tremor, vision loss in one eye",Multiple Sclerosis
Feeling round coin-sized smooth bald patches on scalp,Alopecia Areata
"My main issues right now are pink or red discoloration of eye, watery discharge and crusty eyelids in morning.",Conjunctivitis
"Clinical notes: Patient presenting with chronic pelvic pain, persistent urgent need to urinate and pain when bladder fills.",Interstitial Cystitis
It started yesterday with feeling of incomplete evacuation and abdominal fullness.,Constipation
"Experiencing acute round moon face, weight gain around abdomen, purple stretch marks and muscle weakness.",Cushing's Syndrome
"Experiencing swelling and redness of big toe, lingering joint discomfort, limited range of motion",Gout
Experiencing eye redness,Cluster Headache
"Doctor, I've had tremor and unsteady gait for the past few days.",Multiple Sclerosis
Experiencing acute white or yellow coating on tonsils and bad breath.,Tonsillitis
"Been having round moon face, high blood pressure, muscle weakness",Cushing's Syndrome
"Experiencing acute chronic diarrhea, gas, fatigue and iron deficiency.",Celiac Disease
It started yesterday with morning headache and nosebleeds.,Hypertension
"I have watery diarrhea and body aches, what could this be?",Gastroenteritis
I have fever,Cellulitis
"Experiencing round moon face, weight gain around abdomen, high blood pressure",Cushing's Syndrome
"Over the last 48 hours, I noticed breathlessness with exercise and heart murmur.",Aortic Stenosis
I have palpitations,Postural Orthostatic Tachycardia (POTS)
"Suffering from chronic fatigue, mild upper right abdominal discomfort, jaundice and loss of appetite, need medical guidance.",Hepatitis C
"Suffering from chest pressure on exertion, shortness of breath, pain radiating to jaw or left arm and lightheadedness, need medical guidance.",Coronary Artery Disease
Feeling nasal congestion,Sinusitis
"Doctor, I've had stomach pain and constipation or diarrhea for the past few days.",Typhoid Fever
My main issues right now are numbness and tingling in thumb index and middle fingers and hand weakness.,Carpal Tunnel Syndrome
"Experiencing acute heartburn, acid regurgitation, chest burning and sour taste in mouth.",GERD
"Lately I have been feeling gradual loss of height over time, stooped posture, back pain caused by collapsed vertebra and bone fractures easily.",Osteoporosis
"Doctor, I've had chronic pelvic pain, persistent urgent need to urinate, pain when bladder fills",Interstitial Cystitis
"Lately I have been feeling animal bite on skin, tingling around bite site, fever and anxiety.",Rabies Exposure
Experiencing tenderness to touch,Pancreatitis
"Over the last 48 hours, I noticed gas, alternating diarrhea and constipation, mucus in stool and food intolerance.",Irritable Bowel Syndrome
"Experiencing fatigue, pain radiating to jaw or left arm, lightheadedness",Coronary Artery Disease
I have sound sensitivity,Migraine
"I'm experiencing cough, red watery eyes and blotchy skin rash.",Measles
I have fatigue,Bronchitis
Experiencing wheezing,Bronchitis
"Over the last 48 hours, I noticed flank pain on one side, shivering chills and vomiting.",Pyelonephritis
"Experiencing cold sweat, shortness of breath, dizziness",Heart Attack
"Experiencing acute joint pain during or after movement, joint stiffness in mornings, loss of joint flexibility and grating sensation.",Osteoarthritis
"Lately I have been feeling profuse watery diarrhea, vomiting, muscle cramps and low blood pressure.",Cholera
"I have severe headache, pain behind the eyes, skin rash",Dengue Fever
"Patient presenting with tingling in hands and feet, memory problems, unsteady balance",Vitamin B12 Deficiency
"I cannot sleep because of fatigue, dry skin, constipation and brittle hair.",Hypothyroidism
"Patient presenting with straining during bowel movements, abdominal fullness, bloating",Constipation
Feeling fever,Cellulitis
"Patient presenting with extreme thirst, extreme hunger, blurred vision",Diabetes Type 1
"Woke up today with throbbing headache, light sensitivity, sound sensitivity and dizziness.",Migraine
"I have unexplained weight gain, dry skin, constipation and muscle weakness, what could this be?",Hypothyroidism
"Woke up today with muscle stiffness, impaired balance and shuffling gait.",Parkinson's Disease
I'm experiencing sudden high fever and severe headache.,Dengue Fever
Experiencing rapid heart rate upon standing,Postural Orthostatic Tachycardia (POTS)
Patient reports pale skin and cold hands and feet with increasing discomfort.,Iron Deficiency Anemia
"Noticed severe abdominal cramping, gas, alternating diarrhea and constipation",Irritable Bowel Syndrome
"Patient reports prolonged step-ladder fever, headache, stomach pain and extreme fatigue with increasing discomfort.",Typhoid Fever
Experiencing pain radiating to left arm neck or jaw,Heart Attack
Feeling pain radiating to left arm neck or jaw,Heart Attack
"Patient presenting with bloating, mucus in stool, food intolerance",Irritable Bowel Syndrome
Feeling temporary numbness on one side,Transient Ischemic Attack (TIA)
I've been dealing with muscle tension and sleep disturbance and it is getting worse.,Generalized Anxiety Disorder
"Clinical notes: Patient presenting with throbbing headache, sound sensitivity and dizziness.",Migraine
"I've been dealing with bright red rectal bleeding, pain during bowel movements and swelling or lump near anus and it is getting worse.",Hemorrhoids
"It started yesterday with cold intolerance, muscle weakness and brittle hair.",Hypothyroidism
"Doctor, I've had pain radiating to lower abdomen and groin, blood in urine, painful urination",Kidney Stones
"Doctor, I've had shakiness, sweating and confusion for the past few days.",Hypoglycemia
I have salt cravings,Addison's Disease
I feel terrible with blackheads and whiteheads and deep painful cystic lumps.,Acne Vulgaris
I have swollen lymph nodes,Lyme Disease
"Clinical notes: Patient presenting with arm weakness, loss of balance and vision loss.",Stroke
I have headache,Influenza
"It started yesterday with drooping mouth, inability to close one eye and loss of taste.",Bell's Palsy
"Suffering from hoarseness, tickling sensation in throat and dry cough, need medical guidance.",Laryngitis
Feeling chest tightness during activity,Aortic Stenosis
I'm experiencing fatigue and loss of appetite.,Hepatitis A
"It started yesterday with sudden facial drooping, sudden severe headache, loss of balance and vision loss.",Stroke
"Patient presenting with high fever, cough, red watery eyes",Measles
Patient reports stomach cramps and body aches with increasing discomfort.,Gastroenteritis
"I cannot sleep because of pink or cola-colored urine, foamy urine, high blood pressure and facial puffiness in mornings.",Glomerulonephritis
Feeling pink or red discoloration of eye,Conjunctivitis
Experiencing gradual loss of height over time,Osteoporosis
Experiencing loss of appetite,Gastritis
Feeling vision loss in one eye,Multiple Sclerosis
"Patient presenting with sharp stabbing facial pain, electric shock sensation in cheek, pain triggered by chewing or brushing teeth",Trigeminal Neuralgia
"Feeling fever, loss of appetite, headache",Chickenpox
Experiencing abdominal tenderness,Diverticulitis
"I feel terrible with scaly skin, clear skin in center of ring and skin peeling.",Fungal Skin Infection
"Doctor, I've had muscle cramps and spasms, irregular heartbeat, extreme fatigue",Electrolyte Imbalance
Feeling wheezing,COPD
Feeling corkscrew body hair,Scurvy
"Lately I have been feeling extreme fatigue, low blood pressure, nausea and dizziness.",Addison's Disease
I'm experiencing intense fear of social interactions and blushing and sweating around people.,Social Anxiety Disorder
Experiencing nausea,Hepatitis A
"Lately I have been feeling extreme thirst, unintended weight loss, extreme hunger and fatigue.",Diabetes Type 1
"Doctor, I've had weight gain around abdomen and purple stretch marks for the past few days.",Cushing's Syndrome
"Experiencing urgent need to defecate, rectal pain, fever",Ulcerative Colitis
"Experiencing acute extreme fatigue, hyperpigmentation (darkened skin), low blood pressure and nausea.",Addison's Disease
"I have shakiness, dizziness, hunger",Hypoglycemia
"Doctor, I've had sudden one-sided facial paralysis, drooling, loss of taste",Bell's Palsy
Feeling severe upper abdominal pain radiating to back,Pancreatitis
"Clinical notes: Patient presenting with foamy urine, high blood pressure and swollen ankles.",Glomerulonephritis
"Patient presenting with skin warm to touch, rapidly expanding redness, fever",Cellulitis
"Suffering from waking up too early and daytime fatigue, need medical guidance.",Insomnia Disorder
I have sunken eyes,Cholera
"Doctor, I've had gas, alternating diarrhea and constipation, mucus in stool",Irritable Bowel Syndrome
"Patient reports nasal congestion, headache, reduced smell and pressure around eyes with increasing discomfort.",Sinusitis
Experiencing tingling around bite site,Rabies Exposure
"Patient presenting with rapid heart rate upon standing, brain fog, palpitations",Postural Orthostatic Tachycardia (POTS)
Feeling fatigue,Bronchitis
Experiencing acute gritty feeling in eye and watery discharge.,Conjunctivitis
"Been having gradual loss of height over time, stooped posture, bone fractures easily",Osteoporosis
I have pain when bladder fills,Interstitial Cystitis
I cannot sleep because of bleeding gums and fatigue.,Scurvy
Feeling headache,Influenza
"It started yesterday with neck pain and stiffness, tingling or numbness in arms or fingers and headache starting at back of neck.",Cervical Spondylosis
"Feeling rapid heart rate upon standing, extreme fatigue, palpitations",Postural Orthostatic Tachycardia (POTS)
"It started yesterday with difficulty falling asleep, waking up during the night and irritability.",Insomnia Disorder
I'm experiencing swelling in ankles and feet and loss of appetite.,Chronic Kidney Disease
"Doctor, I've had persistent excessive worry, difficulty concentrating, irritability",Generalized Anxiety Disorder
"I feel terrible with tingling in hands and feet, smooth red tongue, memory problems and pale or jaundiced skin.",Vitamin B12 Deficiency
"Patient presenting with bloody diarrhea, urgent need to defecate, fever",Ulcerative Colitis
"I'm experiencing cynicism and detachment, reduced personal accomplishment, chronic physical fatigue and frequent headaches.",Chronic Stress / Burnout
Feeling scalp tenderness,Tension Headache
"Been having rapid heartbeat, confusion, blurred vision",Hypoglycemia
"It started yesterday with stinging eyes, scratchy feeling and stringy mucus in eyes.",Dry Eye Syndrome
I feel terrible with profuse watery diarrhea and vomiting.,Cholera
"Doctor, I've had mucus production and chest discomfort for the past few days.",Bronchitis
I'm experiencing visual flashes and nausea.,Migraine with Aura
"Doctor, I've had severe headache, pain behind the eyes and skin rash for the past few days.",Dengue Fever
I have indigestion after fatty meals,Gallstones
"Woke up today with waking up during the night, daytime fatigue, irritability and difficulty concentrating.",Insomnia Disorder
"I have tremor and fatigue, what could this be?",Multiple Sclerosis
I have rapid weight gain from fluid,Heart Failure
"I cannot sleep because of frequent sneezing, itchy watery eyes and nasal congestion.",Allergic Rhinitis
"I feel terrible with poor appetite, yellowing of skin and eyes, joint pain and nausea.",Hepatitis B
"I feel terrible with abdominal cramping, bloating, gas and mucus in stool.",Irritable Bowel Syndrome
Experiencing cramping abdominal pain,Ulcerative Colitis
"Experiencing acute shortness of breath, dry persistent cough and rapid shallow breathing.",Pleural Effusion
"Doctor, I've had body ache, fatigue, dry cough",Influenza
"Experiencing acute persistent diarrhea, weight loss, fatigue and mouth sores.",Crohn's Disease
Experiencing smooth red tongue,Vitamin B12 Deficiency
"I feel terrible with visual flashes, blind spots and light sensitivity.",Migraine with Aura
"Doctor, I've had wheezing, chest tightness and difficulty breathing for the past few days.",Asthma
"Woke up today with weight loss, fatigue, mouth sores and rectal bleeding.",Crohn's Disease
Experiencing fatigue,Fatty Liver Disease
Experiencing dark urine,Hepatitis B
It started yesterday with sudden shortness of breath and dizziness.,Pulmonary Embolism
I have raw sensitive skin from scratching,Eczema
Experiencing acute frequent urination and unintended weight loss.,Diabetes Type 1
I've been dealing with tingling in face or hands and throbbing head pain and it is getting worse.,Migraine with Aura
Experiencing loss of balance,Benign Paroxysmal Positional Vertigo
I have cold intolerance,Hypothyroidism
Experiencing fatigue,Hepatitis B
"Doctor, I've had excruciating pain around one eye and restlessness for the past few days.",Cluster Headache
"I'm experiencing uncontrolled jerking movements, temporary confusion and staring spells.",Epilepsy
I've been dealing with bone pain and frequent infections and it is getting worse.,Vitamin D Deficiency
Feeling raised red itchy welts,Urticaria
Experiencing severe acne,Polycystic Ovary Syndrome
Feeling red swollen tonsils,Pharyngitis
I have headache starting at back of neck,Cervical Spondylosis
"Over the last 48 hours, I noticed sudden spinning sensation when turning head and dizziness when rolling over in bed.",Benign Paroxysmal Positional Vertigo
Clinical notes: Patient presenting with rapid dehydration and muscle cramps.,Cholera
"Experiencing cloudy or blurry vision, faded colors, poor night vision",Cataract
Feeling pain radiating to right shoulder,Gallstones
"I've been dealing with chronic fatigue, cognitive brain fog and tender trigger points and it is getting worse.",Fibromyalgia
"Feeling extreme fatigue, fever, headache",Mononucleosis
"I'm experiencing restlessness, irritability and sleep disturbance.",Generalized Anxiety Disorder
I feel terrible with cough with phlegm and chills.,Pneumonia
"I've been dealing with high fever, cough, runny nose and blotchy skin rash and it is getting worse.",Measles
Experiencing heart murmur,Aortic Stenosis
"I cannot sleep because of cold intolerance, constipation and muscle weakness.",Hypothyroidism
"Suffering from crushing chest pain, pain radiating to left arm neck or jaw, shortness of breath",Heart Attack
"Doctor, I've had throbbing headache, nausea, visual aura",Migraine
Experiencing acute severe upper abdominal pain radiating to back and fever.,Pancreatitis
"Feeling dry cough, shortness of breath, body aches",COVID-19
"I have pounding racing heart, sweating, trembling",Panic Disorder
"I have dry cracked skin patches and raw sensitive skin from scratching, what could this be?",Eczema
I've been dealing with electric shock sensation in cheek and pain triggered by chewing or brushing teeth and it is getting worse.,Trigeminal Neuralgia
"Suffering from vomiting, muscle cramps, sunken eyes",Cholera
"Experiencing chills, fatigue, dry cough",Influenza
Feeling sharp lower right abdominal pain,Appendicitis
"Lately I have been feeling runny nose, sneezing, mild cough and nasal congestion.",Common Cold
It started yesterday with blood in urine and nausea.,Kidney Stones
Feeling sneezing,Common Cold
I have morning joint stiffness lasting >1 hour,Rheumatoid Arthritis
"Suffering from feeling full too quickly, bloating, unexplained weight loss",Peptic Ulcer
"Noticed severe frequent infections, chronic fatigue, hair loss",Vitamin D Deficiency
"I cannot sleep because of trembling hands, sweating and bulging eyes.",Hyperthyroidism
"Suffering from widespread musculoskeletal pain and cognitive brain fog, need medical guidance.",Fibromyalgia
"Experiencing acute tender warm swollen joints, morning joint stiffness lasting >1 hour, fatigue and fever.",Rheumatoid Arthritis
"Woke up today with tremor, vision loss in one eye and fatigue.",Multiple Sclerosis
"Noticed severe persistent diarrhea, mouth sores, rectal bleeding",Crohn's Disease
"Suffering from nausea, rapid pulse, fever",Pancreatitis
"Doctor, I've had raised red itchy welts, intense itching, burning sensation on skin",Urticaria
Experiencing pressure around eyes,Sinusitis
"Been having runny nose, sore throat, mild cough",Common Cold
Experiencing persistent sad empty mood,Major Depressive Disorder
"I feel terrible with muscle tension, irritability and sleep disturbance.",Generalized Anxiety Disorder
Feeling high blood pressure,Metabolic Syndrome
"Been having muscle weakness, frequent infections, low mood",Vitamin D Deficiency
I'm experiencing stinging eyes and stringy mucus in eyes.,Dry Eye Syndrome
"Patient reports dull aching head pain, scalp tenderness and neck stiffness with increasing discomfort.",Tension Headache
"Suffering from crushing chest pain, pain radiating to left arm neck or jaw, cold sweat",Heart Attack
I have extreme thirst,Dehydration
Experiencing sharp stabbing facial pain,Trigeminal Neuralgia
"I have morning headache, dizziness and blurred vision, what could this be?",Hypertension
"It started yesterday with easy or excessive bruising, petechiae (superficial pinpoint purple spots on skin), bleeding gums and nosebleeds.",Thrombocytopenia
"I have body ache, fatigue, headache",Influenza
"Suffering from upper abdominal pain, nausea and belching, need medical guidance.",Gastritis
Feeling nausea,Pancreatitis
Clinical notes: Patient presenting with resting tremor and shuffling gait.,Parkinson's Disease
"It started yesterday with brain fog, trembling, extreme fatigue and palpitations.",Postural Orthostatic Tachycardia (POTS)
Patient reports sudden severe pain in upper right abdomen and nausea with increasing discomfort.,Gallstones
Experiencing joint swelling,Chikungunya
"Experiencing acute tightness across forehead, neck stiffness and shoulder tension.",Tension Headache
"Woke up today with high fever, chest pain and fatigue.",Pneumonia
I cannot sleep because of fatigue and lightheadedness.,Coronary Artery Disease
"Over the last 48 hours, I noticed large waist circumference, high fasting blood glucose, high triglycerides and low HDL cholesterol.",Metabolic Syndrome
I have bloody diarrhea,Ulcerative Colitis
Feeling numbness in leg or foot,Sciatica
Experiencing uncontrolled jerking movements,Epilepsy
"I have extreme fatigue, hyperpigmentation (darkened skin) and dizziness, what could this be?",Addison's Disease
I have nosebleeds,Hypertension
Feeling deep painful cystic lumps,Acne Vulgaris
Feeling intense itching,Urticaria
"I have chills, stiff neck, swollen lymph nodes",Lyme Disease
Experiencing acute nosebleeds and chest tightness.,Hypertension
"I have prolonged step-ladder fever, constipation or diarrhea, rose-colored rash",Typhoid Fever
I've been dealing with cynicism and detachment and reduced personal accomplishment and it is getting worse.,Chronic Stress / Burnout
Experiencing nausea with head movement,Benign Paroxysmal Positional Vertigo
"Doctor, I've had electric shock sensations, tremor, vision loss in one eye and unsteady gait for the past few days.",Multiple Sclerosis
"Doctor, I've had weight loss and iron deficiency for the past few days.",Celiac Disease
"Suffering from swelling in ankles and feet, loss of appetite, metallic taste in mouth",Chronic Kidney Disease
Experiencing fever,Lyme Disease
"Over the last 48 hours, I noticed straining during bowel movements and abdominal fullness.",Constipation
Experiencing weakness,Iron Deficiency Anemia
"Been having extreme thirst, frequent urination, unintended weight loss",Diabetes Type 1
"Doctor, I've had excess facial hair, thinning hair on scalp, weight gain",Polycystic Ovary Syndrome
I'm experiencing dizziness and fainting episodes.,Arrhythmia
"Woke up today with fluttering in chest, slow heartbeat and dizziness.",Arrhythmia
"Experiencing cramping abdominal pain, weight loss, fever",Ulcerative Colitis
Feeling wheezing,Asthma
Clinical notes: Patient presenting with feeling full too quickly and dark stools.,Peptic Ulcer
"Over the last 48 hours, I noticed chronic diarrhea, fatigue, skin rash and iron deficiency.",Celiac Disease
"Suffering from urgent need to defecate, weight loss and fever, need medical guidance.",Ulcerative Colitis
"I'm experiencing cynicism and detachment, chronic physical fatigue, frequent headaches and digestive upset.",Chronic Stress / Burnout
"Patient reports shivering chills, profuse sweating, headache and nausea with increasing discomfort.",Malaria
Clinical notes: Patient presenting with excess facial hair and ovarian cysts.,Polycystic Ovary Syndrome
"Experiencing acute waking up too early, daytime fatigue and difficulty concentrating.",Insomnia Disorder
Patient reports facial pain and nasal congestion with increasing discomfort.,Sinusitis
"Over the last 48 hours, I noticed fatigue, poor appetite, yellowing of skin and eyes and dark urine.",Hepatitis B
"My main issues right now are sudden one-sided facial paralysis, inability to close one eye and loss of taste.",Bell's Palsy
"My main issues right now are pain radiating to left arm neck or jaw, cold sweat and dizziness.",Heart Attack
"Experiencing acute frequent urination, unintended weight loss and fatigue.",Diabetes Type 1
Feeling dark stools,Peptic Ulcer
"Over the last 48 hours, I noticed high fever, cough with phlegm, fatigue and rapid breathing.",Pneumonia
"I have severe sharp flank pain, pain radiating to lower abdomen and groin, nausea and painful urination, what could this be?",Kidney Stones
I have frequent painful urination,Acute Cystitis
"I have abrupt high fever, severe crippling joint pain, headache",Chikungunya
"Doctor, I've had chills, dry cough, headache",Influenza
"Been having sharp chest pain worse when lying down, pain relieved by sitting up and leaning forward, heart palpitations",Pericarditis
Experiencing frequent nighttime urination,Benign Prostatic Hyperplasia
I have fever,Tonsillitis
"Doctor, I've had thick nasal discharge, headache, pressure around eyes",Sinusitis
It started yesterday with persistent excessive worry and restlessness.,Generalized Anxiety Disorder
"Doctor, I've had fever, nausea, bloating",Diverticulitis
"Patient presenting with joint swelling, rash, muscle pain",Chikungunya
"Doctor, I've had cold intolerance, constipation, brittle hair",Hypothyroidism
Feeling skin rash,Celiac Disease
Experiencing acute unintended weight loss and trembling hands.,Hyperthyroidism
Lately I have been feeling dizziness on standing and trembling.,Postural Orthostatic Tachycardia (POTS)
"Patient presenting with fatigue, cold intolerance, dry skin",Hypothyroidism
Woke up today with tingling in face or hands and light sensitivity.,Migraine with Aura
I'm experiencing fever and chills.,Lyme Disease
"Experiencing joint aches, mild upper right abdominal discomfort, jaundice",Hepatitis C
Feeling rebound tenderness,Appendicitis
"Experiencing persistent cough, fatigue, wheezing",Bronchitis
I cannot sleep because of arm weakness and vision loss.,Stroke
My main issues right now are difficulty falling asleep and irritability.,Insomnia Disorder
I've been dealing with waking up too early and difficulty concentrating and it is getting worse.,Insomnia Disorder
"Over the last 48 hours, I noticed muscle weakness, frequent infections, chronic fatigue and hair loss.",Vitamin D Deficiency
Experiencing cramping leg pain when walking (claudication),Peripheral Artery Disease
I have severe nausea,Heart Attack
"Woke up today with loss of consciousness, staring spells and aura.",Epilepsy
"Woke up today with fluttering in chest, racing heartbeat and lightheadedness.",Arrhythmia
Feeling dizziness,Pulmonary Embolism
Lately I have been feeling red sores around nose and mouth and mild itching.,Impetigo
"I've been dealing with pink or cola-colored urine, foamy urine and facial puffiness in mornings and it is getting worse.",Glomerulonephritis
"Patient presenting with cloudy or blurry vision, glare and halos around headlights, poor night vision",Cataract
"Suffering from difficulty falling asleep and daytime fatigue, need medical guidance.",Insomnia Disorder
"Doctor, I've had mild chronic anemia, slight fatigue, pale appearance and microcytic red blood cells on lab work for the past few days.",Thalassemia Minor
"I cannot sleep because of burning sensation when urinating, frequent urge to urinate and pelvic pressure.",Urinary Tract Infection
"My main issues right now are muffled hearing, fluid draining from ear, fever and irritability.",Otitis Media
"Patient presenting with nausea, pale stools, loss of appetite",Hepatitis A
"I'm experiencing weak urine stream, difficulty starting urination and urinary urgency.",Benign Prostatic Hyperplasia
"Suffering from chest pressure on exertion, pain radiating to jaw or left arm, lightheadedness",Coronary Artery Disease
I have abdominal fullness,Constipation
Woke up today with headache and constipation or diarrhea.,Typhoid Fever
Lately I have been feeling rapidly expanding redness and fever.,Cellulitis
"Over the last 48 hours, I noticed extreme fatigue and enlarged spleen.",Mononucleosis
"Experiencing acute rapid heart rate upon standing, brain fog, extreme fatigue and palpitations.",Postural Orthostatic Tachycardia (POTS)
"Over the last 48 hours, I noticed pain behind the eyes and skin rash.",Dengue Fever
Feeling fever,Rabies Exposure
"Feeling increased thirst, frequent nighttime urination, slow-healing cuts",Diabetes Type 2
Feeling skin warm to touch,Cellulitis
Experiencing anxiety,Hyperthyroidism
I have sudden shortness of breath,Pulmonary Embolism
I cannot sleep because of unintended weight loss and anxiety.,Hyperthyroidism
"I've been dealing with vomiting, muscle cramps and low blood pressure and it is getting worse.",Cholera
Lately I have been feeling fluid-filled blisters on one side of body and fever.,Shingles
Experiencing acute excruciating pain around one eye and tearing.,Cluster Headache
Feeling feeling of incomplete evacuation,Constipation
Feeling bone fractures easily,Osteoporosis
"I have chronic lower back pain and stiffness, pain worse in mornings and improves with exercise and reduced spine flexibility, what could this be?",Ankylosing Spondylitis
"Clinical notes: Patient presenting with fatigue, nausea, dark urine and pale stools.",Hepatitis A
"Noticed severe facial redness across cheeks and nose, visible broken blood vessels, swollen red bumps resembling acne",Rosacea
"I have severe upper abdominal pain radiating to back, nausea, vomiting",Pancreatitis
"Over the last 48 hours, I noticed weight gain around abdomen and high blood pressure.",Cushing's Syndrome
Lately I have been feeling hand weakness and dropping objects.,Carpal Tunnel Syndrome
"Feeling dull aching head pain, tightness across forehead, neck stiffness",Tension Headache
"Been having pain radiating to left arm neck or jaw, shortness of breath, dizziness",Heart Attack
"Patient presenting with sharp chest pain on breathing, coughing blood, dizziness",Pulmonary Embolism
"I have facial pain, thick nasal discharge, headache and reduced smell, what could this be?",Sinusitis
"Clinical notes: Patient presenting with gas, alternating diarrhea and constipation and food intolerance.",Irritable Bowel Syndrome
"Woke up today with frequent sneezing, itchy watery eyes and clear runny nose.",Allergic Rhinitis
"Noticed severe high fever, chest pain, shortness of breath",Pneumonia
Experiencing chest pain,Tuberculosis
"My main issues right now are sharp lower right abdominal pain, low-grade fever and loss of appetite.",Appendicitis
Feeling mild headache,Common Cold
"Suffering from rapid heart rate, heat intolerance, trembling hands",Hyperthyroidism
"Been having nausea, vomiting, loss of appetite",Appendicitis
Experiencing burning sensation,Contact Dermatitis
"Feeling facial pain, nasal congestion, reduced smell",Sinusitis
I feel terrible with chronic fatigue and jaundice.,Hepatitis C
Experiencing unsteady balance,Vitamin B12 Deficiency
Experiencing chronic physical fatigue,Chronic Stress / Burnout
"I feel terrible with tingling in hands and feet, fatigue, memory problems and pale or jaundiced skin.",Vitamin B12 Deficiency
Woke up today with chronic fatigue and hair loss.,Vitamin D Deficiency
Experiencing severe nausea,Heart Attack
"Over the last 48 hours, I noticed chronic fatigue, joint aches and mild upper right abdominal discomfort.",Hepatitis C
"I'm experiencing tingling in face or hands, throbbing head pain and light sensitivity.",Migraine with Aura
"Patient reports chest tightness during activity, fainting or dizziness upon standing, heart murmur and fatigue with increasing discomfort.",Aortic Stenosis
"Woke up today with irregular heartbeat, confusion, dizziness and extreme fatigue.",Electrolyte Imbalance
"I cannot sleep because of yellowing of skin and eyes, dark urine and nausea.",Hepatitis B
Feeling cloudy urine,Urinary Tract Infection
I've been dealing with joint swelling and muscle pain and it is getting worse.,Chikungunya
I cannot sleep because of itchy fluid-filled blisters and loss of appetite.,Chickenpox
"Suffering from tender warm swollen joints, symmetrical joint pain in both hands and fever, need medical guidance.",Rheumatoid Arthritis
Feeling frequent infections,Vitamin D Deficiency
"Doctor, I've had chills, body ache, dry cough",Influenza
"My main issues right now are abrupt high fever, rash and headache.",Chikungunya
"Woke up today with upper abdominal pain, burning stomach and bloating.",Gastritis
It started yesterday with extreme fatigue and dizziness.,Addison's Disease
"I have nasal congestion, headache and reduced smell, what could this be?",Sinusitis
Experiencing body ache,Influenza
"My main issues right now are loss of interest in hobbies, changes in appetite or weight, feelings of worthlessness and difficulty sleeping.",Major Depressive Disorder
"Noticed severe flank pain on one side, shivering chills, nausea",Pyelonephritis
"I have rapid dehydration, muscle cramps and low blood pressure, what could this be?",Cholera
I have unintended weight loss,Diabetes Type 1
"Doctor, I've had cyclical high fever, profuse sweating, fatigue",Malaria
Woke up today with loss of appetite and rebound tenderness.,Appendicitis
It started yesterday with chest pressure on exertion and pain radiating to jaw or left arm.,Coronary Artery Disease
Woke up today with dizziness and blurred vision.,Hypertension
"Feeling persistent cough, mild fever, fatigue",Bronchitis
I cannot sleep because of sound sensitivity and visual aura.,Migraine
"I've been dealing with high fever, chest pain and chills and it is getting worse.",Pneumonia
I have iron deficiency,Celiac Disease
"Woke up today with red skin patches covered with thick silvery scales, dry cracked skin that may bleed, itching or burning skin and pitted thickened nails.",Psoriasis
"Experiencing acute vomiting, muscle cramps and sunken eyes.",Cholera
"Suffering from hoarseness, loss of voice and dry cough, need medical guidance.",Laryngitis
"I'm experiencing dry cough, shortness of breath and sore throat.",COVID-19
I have shortness of breath with exertion,COPD
"Lately I have been feeling headache, body ache and fatigue.",Malaria
"Doctor, I've had persistent cough, chest discomfort, fatigue",Bronchitis
"Noticed severe fluttering in chest, racing heartbeat, dizziness",Arrhythmia
"I have extreme thirst, frequent urination, blurred vision",Diabetes Type 1
Clinical notes: Patient presenting with watery diarrhea and vomiting.,Gastroenteritis
Patient reports shortness of breath with exertion and excess sputum with increasing discomfort.,COPD
"Feeling recurrent abdominal cramps, mouth sores, rectal bleeding",Crohn's Disease
Feeling shortness of breath,Angina Pectoris
I have unsteady balance,Vitamin B12 Deficiency
"Noticed severe nasal congestion, headache, pressure around eyes",Sinusitis
Woke up today with rectal pain and fever.,Ulcerative Colitis
"Been having upper abdominal pain, nausea, loss of appetite",Gastritis
"Clinical notes: Patient presenting with chronic diarrhea, fatigue and skin rash.",Celiac Disease
"Noticed severe dry cough, loss of taste or smell, sore throat",COVID-19
"Lately I have been feeling bloody diarrhea, cramping abdominal pain, rectal pain and fever.",Ulcerative Colitis
"Lately I have been feeling persistent cough, mucus production and mild fever.",Bronchitis
Experiencing acute heat intolerance and anxiety.,Hyperthyroidism
"I cannot sleep because of chronic diarrhea, weight loss, skin rash and iron deficiency.",Celiac Disease
"Clinical notes: Patient presenting with high fever, cough, runny nose and red watery eyes.",Measles
"Clinical notes: Patient presenting with purple stretch marks, easy bruising and muscle weakness.",Cushing's Syndrome
"Woke up today with facial pain, nasal congestion, thick nasal discharge and pressure around eyes.",Sinusitis
"Been having irregular periods, excess facial hair, ovarian cysts",Polycystic Ovary Syndrome
"Over the last 48 hours, I noticed fatigue, dark urine and yellowing of skin and eyes.",Hepatitis A
"Lately I have been feeling numbness in leg or foot, tingling in toes and pain worse when sitting.",Sciatica
"I have crushing chest pain, pain radiating to left arm neck or jaw, cold sweat and severe nausea, what could this be?",Heart Attack
"Doctor, I've had watery diarrhea, stomach cramps, mild fever",Gastroenteritis
"Been having cold intolerance, constipation, muscle weakness",Hypothyroidism
"I feel terrible with extreme thirst, unintended weight loss and extreme hunger.",Diabetes Type 1
"Feeling waking up during the night, waking up too early, irritability",Insomnia Disorder
"Experiencing chronic cough, shortness of breath with exertion, excess sputum",COPD
Feeling difficulty falling asleep,Insomnia Disorder
I have weight gain around abdomen,Cushing's Syndrome
"Been having breathlessness with exercise, chest tightness during activity, fainting or dizziness upon standing",Aortic Stenosis
"Over the last 48 hours, I noticed extreme fatigue, hyperpigmentation (darkened skin), salt cravings and dizziness.",Addison's Disease
"My main issues right now are widespread musculoskeletal pain, sleep disturbances and tender trigger points.",Fibromyalgia
Experiencing headache,Influenza
"Been having fatigue, mouth sores, rectal bleeding",Crohn's Disease
Feeling fatigue,Pneumonia
"Clinical notes: Patient presenting with nausea, vomiting, low-grade fever and loss of appetite.",Appendicitis
I have blurred vision after reading,Dry Eye Syndrome
"I'm experiencing visual flashes, blind spots, throbbing head pain and nausea.",Migraine with Aura
"Been having gasping for air during sleep, morning headache, dry mouth on waking",Sleep Apnea
Feeling reduced spine flexibility,Ankylosing Spondylitis
"I have easy bruising, high blood pressure, muscle weakness",Cushing's Syndrome
"Suffering from dull aching head pain, scalp tenderness, shoulder tension",Tension Headache
"Experiencing corkscrew body hair, bruising easily, slow wound healing",Scurvy
Feeling shortness of breath with exertion,COPD
Experiencing rose-colored rash,Typhoid Fever
I'm experiencing poor appetite and nausea.,Hepatitis B
"Feeling intense skin itching, red to brownish-gray patches, small raised bumps",Eczema
"Experiencing hyperpigmentation (darkened skin), low blood pressure, nausea",Addison's Disease
"Doctor, I've had persistent sad empty mood, changes in appetite or weight and feelings of worthlessness for the past few days.",Major Depressive Disorder
"I have severe headache and skin rash, what could this be?",Dengue Fever
Experiencing trembling,Postural Orthostatic Tachycardia (POTS)
"Doctor, I've had dizziness, shortness of breath, nosebleeds and chest tightness for the past few days.",Hypertension
"Noticed severe itchy watery eyes, clear runny nose, itchy roof of mouth",Allergic Rhinitis
I have bumps and blisters,Contact Dermatitis
"Suffering from extreme thirst, dry mouth, dizziness upon standing",Dehydration
Experiencing agitation,Rabies Exposure
"Suffering from sudden one-sided facial paralysis, drooping mouth, loss of taste",Bell's Palsy
"Noticed severe cramping abdominal pain, rectal pain, weight loss",Ulcerative Colitis
I have bleeding gums,Thrombocytopenia
"I've been dealing with night sweats, unexplained weight loss, chest pain and fever and it is getting worse.",Tuberculosis
"I'm experiencing bruising easily, joint and muscle aches, fatigue and slow wound healing.",Scurvy
"Over the last 48 hours, I noticed chronic lower back pain and stiffness, reduced spine flexibility and fatigue.",Ankylosing Spondylitis
"Feeling red sores around nose and mouth, sores rupture and form honey-colored crusts, painless sores",Impetigo
"Patient reports persistent cough, mucus production, chest discomfort and mild fever with increasing discomfort.",Bronchitis
I have scratchy feeling,Dry Eye Syndrome
I have fever,Pleural Effusion
"Patient reports wheezing, persistent cough and difficulty breathing with increasing discomfort.",Asthma
Feeling red rash localized to area of contact,Contact Dermatitis
"Noticed severe tingling sensations, extreme sensitivity to touch, muscle weakness",Peripheral Neuropathy
Feeling mild swelling,Tendinitis
"Clinical notes: Patient presenting with numbness in limbs, tremor, vision loss in one eye and unsteady gait.",Multiple Sclerosis
I've been dealing with emotional exhaustion and digestive upset and it is getting worse.,Chronic Stress / Burnout
"I feel terrible with restlessness, muscle tension and difficulty concentrating.",Generalized Anxiety Disorder
Experiencing vomiting,Pancreatitis
It started yesterday with chronic fatigue and joint aches.,Hepatitis C
"I've been dealing with animal bite on skin, tingling around bite site, fever and headache and it is getting worse.",Rabies Exposure
Patient reports joint pain during or after movement and grating sensation with increasing discomfort.,Osteoarthritis
Feeling petechiae (superficial pinpoint purple spots on skin),Thrombocytopenia
"My main issues right now are cloudy or blurry vision, poor night vision and frequent eyeglasses changes.",Cataract
"Suffering from excruciating pain around one eye, tearing, restlessness",Cluster Headache
"I have severe crippling joint pain and headache, what could this be?",Chikungunya
"Patient presenting with fever, severe sore throat, enlarged spleen",Mononucleosis
"Doctor, I've had frequent urge to urinate, pelvic pressure, strong smelling urine",Urinary Tract Infection
I have abdominal pain,Hepatitis A
"Noticed severe extreme thirst, unintended weight loss, extreme hunger",Diabetes Type 1
Experiencing fatigue,Diabetes Type 1
"Doctor, I've had numbness and tingling in thumb index and middle fingers, hand weakness and dropping objects for the past few days.",Carpal Tunnel Syndrome
Feeling mild upper right abdominal discomfort,Hepatitis C
"Been having irregular periods, excess facial hair, weight gain",Polycystic Ovary Syndrome
Feeling scaly skin,Fungal Skin Infection
"Lately I have been feeling hyperpigmentation (darkened skin), nausea and dizziness.",Addison's Disease
"Suffering from abdominal cramping, alternating diarrhea and constipation and food intolerance, need medical guidance.",Irritable Bowel Syndrome
I have pressure around eyes,Sinusitis
"Over the last 48 hours, I noticed chronic cough, wheezing and fatigue.",COPD
"I have fever, loss of taste or smell, shortness of breath",COVID-19
Experiencing nausea,Pyelonephritis
"I feel terrible with muscle stiffness, slow movement, impaired balance and soft voice.",Parkinson's Disease
"Patient reports throbbing headache, light sensitivity and dizziness with increasing discomfort.",Migraine
I feel terrible with vomiting and mild fever.,Gastroenteritis
"Feeling sharp lower right abdominal pain, low-grade fever, loss of appetite",Appendicitis
My main issues right now are recurrent abdominal cramps and persistent diarrhea.,Crohn's Disease
My main issues right now are profuse watery diarrhea and low blood pressure.,Cholera
I have blurred vision,Hypoglycemia
"Lately I have been feeling light sensitivity, visual aura and dizziness.",Migraine
Experiencing fever,Pleural Effusion
"Suffering from foamy urine, facial puffiness in mornings, swollen ankles",Glomerulonephritis
I feel terrible with vision loss in one eye and fatigue.,Multiple Sclerosis
"Experiencing unintended weight loss, heat intolerance, trembling hands",Hyperthyroidism
"I'm experiencing cough with phlegm, chills, fatigue and rapid breathing.",Pneumonia
"Suffering from sharp ear pain, fluid draining from ear, irritability",Otitis Media
"Doctor, I've had coughing blood and chest pain for the past few days.",Tuberculosis
"I'm experiencing bone pain, frequent infections, chronic fatigue and low mood.",Vitamin D Deficiency
"Doctor, I've had persistent diarrhea and rectal bleeding for the past few days.",Crohn's Disease
Feeling shoulder tension,Tension Headache
I've been dealing with chronic diarrhea and fatigue and it is getting worse.,Celiac Disease
"Patient reports pounding racing heart, trembling, feeling of choking and fear of losing control with increasing discomfort.",Panic Disorder
"Doctor, I've had shortness of breath and pain radiating to jaw or left arm for the past few days.",Coronary Artery Disease
"Suffering from high blood pressure, facial puffiness in mornings and swollen ankles, need medical guidance.",Glomerulonephritis
"Feeling high fever, runny nose, tiny white spots inside mouth",Measles
"Over the last 48 hours, I noticed mild chronic anemia, pale appearance and microcytic red blood cells on lab work.",Thalassemia Minor
"Noticed severe squeezing chest pain with physical exertion, pressure in chest relieved by rest, shortness of breath",Angina Pectoris
Clinical notes: Patient presenting with shakiness and confusion.,Hypoglycemia
"Patient presenting with fever, tiredness, red spots on skin",Chickenpox
I have bloating,Diverticulitis
"I cannot sleep because of irregular periods, thinning hair on scalp and weight gain.",Polycystic Ovary Syndrome
"Doctor, I've had severe sharp flank pain, pain radiating to lower abdomen and groin, painful urination",Kidney Stones
"Experiencing bullseye skin rash, chills, stiff neck",Lyme Disease
"Feeling bloody diarrhea, cramping abdominal pain, rectal pain",Ulcerative Colitis
"Suffering from shivering chills, headache, fatigue",Malaria
I have loss of balance,Stroke
"Experiencing resting tremor, muscle stiffness, shuffling gait",Parkinson's Disease
I've been dealing with chronic cough and shortness of breath with exertion and it is getting worse.,COPD
Experiencing acute crushing chest pain and cold sweat.,Heart Attack
"I'm experiencing cynicism and detachment, chronic physical fatigue and digestive upset.",Chronic Stress / Burnout
"Experiencing flank pain on one side, shivering chills, painful frequent urination",Pyelonephritis
"My main issues right now are dizziness on standing, extreme fatigue and palpitations.",Postural Orthostatic Tachycardia (POTS)
"Over the last 48 hours, I noticed persistent fatigue and loss of appetite.",Chronic Kidney Disease
"I feel terrible with extreme thirst, extreme hunger and fatigue.",Diabetes Type 1
"Experiencing acute muscle cramps and spasms, irregular heartbeat and extreme fatigue.",Electrolyte Imbalance
"I have rapid heart rate and heat intolerance, what could this be?",Hyperthyroidism
"I have irregular periods, severe acne, weight gain",Polycystic Ovary Syndrome
I have red swollen tender skin area,Cellulitis
Experiencing indigestion after fatty meals,Gallstones
"Woke up today with bullseye skin rash, fever, fatigue and body aches.",Lyme Disease
"I cannot sleep because of cough, runny nose and tiny white spots inside mouth.",Measles
"It started yesterday with nausea, loss of appetite and metallic taste in mouth.",Chronic Kidney Disease
Lately I have been feeling fainting or dizziness upon standing and heart murmur.,Aortic Stenosis
"Feeling severe acne, thinning hair on scalp, weight gain",Polycystic Ovary Syndrome
Woke up today with sweating and fear of losing control.,Panic Disorder
"Clinical notes: Patient presenting with persistent cough, chest discomfort, mild fever and fatigue.",Bronchitis
Experiencing constipation,Diverticulitis
"Patient presenting with faded colors, poor night vision, frequent eyeglasses changes",Cataract
"I have tiredness, headache and red spots on skin, what could this be?",Chickenpox
"Feeling blind spots, tingling in face or hands, throbbing head pain",Migraine with Aura
"I've been dealing with fever, fatigue, body aches and swollen lymph nodes and it is getting worse.",Lyme Disease
Experiencing irregular heartbeat,Electrolyte Imbalance
"Doctor, I've had burning sensation when urinating, cloudy urine and strong smelling urine for the past few days.",Urinary Tract Infection
Feeling digestive upset,Chronic Stress / Burnout
Feeling fatigue,COVID-19
"I have dry cough, loss of taste or smell and body aches, what could this be?",COVID-19
"Patient reports low blood pressure, nausea and dizziness with increasing discomfort.",Addison's Disease
"I've been dealing with throbbing headache, light sensitivity, sound sensitivity and visual aura and it is getting worse.",Migraine
I have rash,Chikungunya
"I'm experiencing fever, tiredness, loss of appetite and headache.",Chickenpox
Feeling pitted fingernails,Alopecia Areata
I have exclamation point hairs,Alopecia Areata
"Patient presenting with tingling around bite site, fever, anxiety",Rabies Exposure
"Noticed severe dizziness on standing, extreme fatigue, palpitations",Postural Orthostatic Tachycardia (POTS)
I have cognitive brain fog,Fibromyalgia
"Woke up today with hard dry stools, feeling of incomplete evacuation, abdominal fullness and bloating.",Constipation
"I cannot sleep because of weak urine stream, frequent nighttime urination, dribbling after urination and urinary urgency.",Benign Prostatic Hyperplasia
"Doctor, I've had smooth red tongue, memory problems and pale or jaundiced skin for the past few days.",Vitamin B12 Deficiency
"I have emotional exhaustion, reduced personal accomplishment and frequent headaches, what could this be?",Chronic Stress / Burnout
I cannot sleep because of weak urine stream and difficulty starting urination.,Benign Prostatic Hyperplasia
I've been dealing with severe acne and thinning hair on scalp and it is getting worse.,Polycystic Ovary Syndrome
"Lately I have been feeling watery diarrhea, stomach cramps, body aches and dehydration.",Gastroenteritis
"My main issues right now are rapid heart rate upon standing, dizziness on standing, trembling and extreme fatigue.",Postural Orthostatic Tachycardia (POTS)
"I'm experiencing sudden one-sided facial paralysis, drooping mouth, drooling and loss of taste.",Bell's Palsy
Feeling fatigue,Influenza
I have tender red bumps (papules),Acne Vulgaris
"Suffering from fatigue, yellowing of skin and eyes, dark urine",Hepatitis B
I have light sensitivity,Migraine with Aura
"Lately I have been feeling chronic fatigue, joint aches, mild upper right abdominal discomfort and loss of appetite.",Hepatitis C
"I've been dealing with gas, fatigue and skin rash and it is getting worse.",Celiac Disease
I have rebound tenderness,Appendicitis
"Noticed severe high blood pressure, high fasting blood glucose, high triglycerides",Metabolic Syndrome
"Experiencing muscle cramps, sunken eyes, low blood pressure",Cholera
"It started yesterday with tingling in hands and feet, memory problems and unsteady balance.",Vitamin B12 Deficiency
"Been having constant severe lower left abdominal pain, constipation, bloating",Diverticulitis
I have blind spots,Migraine with Aura
"Woke up today with nasal congestion, thick nasal discharge and headache.",Sinusitis
"Suffering from dizziness, confusion, hunger",Hypoglycemia
I've been dealing with fluid draining from ear and irritability and it is getting worse.,Otitis Media
I have blurred vision,Hypertension
"It started yesterday with shortness of breath, persistent cough and difficulty breathing.",Asthma
Feeling high fever,Measles
I've been dealing with throbbing headache and sound sensitivity and it is getting worse.,Migraine
Feeling belching,Gastritis
I have body aches,Gastroenteritis
Clinical notes: Patient presenting with tender warm swollen joints and fatigue.,Rheumatoid Arthritis
"Been having pain radiating to left arm neck or jaw, shortness of breath, severe nausea",Heart Attack
"Patient presenting with tingling in face or hands, throbbing head pain, light sensitivity",Migraine with Aura
"It started yesterday with purple stretch marks, easy bruising, high blood pressure and muscle weakness.",Cushing's Syndrome
"Doctor, I've had emotional exhaustion and frequent headaches for the past few days.",Chronic Stress / Burnout
"I have shortness of breath with exertion, excess sputum, chest tightness and fatigue, what could this be?",COPD
Clinical notes: Patient presenting with rapid heart rate and trembling hands.,Hyperthyroidism
"Been having upper abdominal pain, bloating, loss of appetite",Gastritis
I have muscle cramps,Cholera
"I have confusion and numbness in fingers, what could this be?",Electrolyte Imbalance
Feeling brittle nails,Iron Deficiency Anemia
"Feeling fever, bloating, abdominal tenderness",Diverticulitis
I have petechiae (superficial pinpoint purple spots on skin),Thrombocytopenia
"Doctor, I've had bone pain, frequent infections and low mood for the past few days.",Vitamin D Deficiency
Feeling tingling or numbness in arms or fingers,Cervical Spondylosis
Feeling headache,Rabies Exposure
"Over the last 48 hours, I noticed persistent fatigue and nausea.",Chronic Kidney Disease
"I have difficulty falling asleep and waking up during the night, what could this be?",Insomnia Disorder
"Over the last 48 hours, I noticed heartburn and acid regurgitation.",GERD
"Doctor, I've had thick nasal discharge and headache for the past few days.",Sinusitis
I have chest pressure on exertion,Coronary Artery Disease
"Feeling circular red itchy rash with raised edges, scaly skin, cracked skin",Fungal Skin Infection
"Experiencing bone pain, frequent infections, hair loss",Vitamin D Deficiency
"Patient presenting with rapid heartbeat, dizziness, blurred vision",Hypoglycemia
"I have profuse watery diarrhea, vomiting, muscle cramps",Cholera
"Doctor, I've had waking up too early, daytime fatigue, irritability",Insomnia Disorder
I feel terrible with restlessness and sleep disturbance.,Generalized Anxiety Disorder
"Been having swelling in ankles and feet, foamy urine, nausea",Chronic Kidney Disease
"I cannot sleep because of throbbing headache, light sensitivity, visual aura and dizziness.",Migraine
I have skin rash,Celiac Disease
"Woke up today with nasal congestion, thick nasal discharge and pressure around eyes.",Sinusitis
"I cannot sleep because of red rash localized to area of contact, severe itching, bumps and blisters and burning sensation.",Contact Dermatitis
"I've been dealing with facial pain, headache and reduced smell and it is getting worse.",Sinusitis
"Been having bullseye skin rash, body aches, swollen lymph nodes",Lyme Disease
"Feeling unintended weight loss, sweating, anxiety",Hyperthyroidism
"Been having body aches, stiff neck, swollen lymph nodes",Lyme Disease
"I feel terrible with extreme thirst, dizziness upon standing and infrequent urination.",Dehydration
I have itching,Shingles
"Suffering from dull aching head pain, tightness across forehead and neck stiffness, need medical guidance.",Tension Headache
"Patient presenting with itchy fluid-filled blisters, fever, loss of appetite",Chickenpox
Experiencing acute facial pain and headache.,Sinusitis
Lately I have been feeling dry cracked scaly skin and burning sensation.,Contact Dermatitis
"Clinical notes: Patient presenting with sharp chest pain worse when lying down, fever and heart palpitations.",Pericarditis
"I have dull aching head pain, neck stiffness, shoulder tension",Tension Headache
"Suffering from low blood pressure, salt cravings, nausea",Addison's Disease
Experiencing pain radiating to jaw or left arm,Coronary Artery Disease
"Suffering from watery diarrhea, mild fever, body aches",Gastroenteritis
Experiencing nausea,Diverticulitis
Feeling temporary confusion,Epilepsy
"Noticed severe severe sore throat, fever, swollen neck lymph nodes",Pharyngitis
I have cynicism and detachment,Chronic Stress / Burnout
"Experiencing wheezing, chest tightness, persistent cough",Asthma
I have shortness of breath,Asthma
"Noticed severe fever, fatigue, swollen lymph nodes",Lyme Disease
"Noticed severe coughing blood, night sweats, chest pain",Tuberculosis
"Suffering from fever, fatigue, shortness of breath",COVID-19
Experiencing acute fear of being judged or embarrassed and blushing and sweating around people.,Social Anxiety Disorder
Clinical notes: Patient presenting with poor appetite and joint pain.,Hepatitis B
Experiencing shivering chills,Malaria
"I've been dealing with cough, tiny white spots inside mouth and blotchy skin rash and it is getting worse.",Measles
It started yesterday with sudden high fever and skin rash.,Dengue Fever
"I feel terrible with sudden intense terror, chest tightness, sweating and trembling.",Panic Disorder
"Over the last 48 hours, I noticed abdominal pain, dark urine and pale stools.",Hepatitis A
Feeling jaundice,Hepatitis C
"I've been dealing with racing heartbeat, slow heartbeat and lightheadedness and it is getting worse.",Arrhythmia
"I've been dealing with bleeding gums, bruising easily and fatigue and it is getting worse.",Scurvy
"I've been dealing with red swollen tender skin area, skin warm to touch, fever and blisters over red area and it is getting worse.",Cellulitis
"My main issues right now are chronic fatigue, low mood and hair loss.",Vitamin D Deficiency
Feeling daytime fatigue,Insomnia Disorder
"Doctor, I've had burning sensation in eyes, stinging eyes, scratchy feeling and stringy mucus in eyes for the past few days.",Dry Eye Syndrome
Woke up today with swelling in one calf or leg and throbbing calf pain.,Deep Vein Thrombosis
"Noticed severe fever, fatigue, stiff neck",Lyme Disease
"Suffering from constant severe lower left abdominal pain, fever, bloating and abdominal tenderness, need medical guidance.",Diverticulitis
My main issues right now are severe sore throat and swollen neck lymph nodes.,Pharyngitis
"Experiencing bright red rectal bleeding, itching around anus, pain during bowel movements",Hemorrhoids
"Doctor, I've had rapid heart rate upon standing, dizziness on standing, trembling",Postural Orthostatic Tachycardia (POTS)
Experiencing weak pulse in legs,Peripheral Artery Disease
"My main issues right now are dry cough, loss of taste or smell and shortness of breath.",COVID-19
Experiencing restlessness,Cluster Headache
Feeling shivering chills,Pyelonephritis
"Over the last 48 hours, I noticed irregular periods, thinning hair on scalp, weight gain and ovarian cysts.",Polycystic Ovary Syndrome
"Clinical notes: Patient presenting with difficulty starting urination, frequent nighttime urination, dribbling after urination and urinary urgency.",Benign Prostatic Hyperplasia
"Patient presenting with round moon face, purple stretch marks, muscle weakness",Cushing's Syndrome
"Suffering from hyperpigmentation (darkened skin), low blood pressure, salt cravings",Addison's Disease
"Patient reports resting tremor, muscle stiffness, impaired balance and shuffling gait with increasing discomfort.",Parkinson's Disease
"Doctor, I've had abdominal pain and dark urine for the past few days.",Hepatitis A
Experiencing fever,Diverticulitis
"Noticed severe irregular heartbeat, numbness in fingers, extreme fatigue",Electrolyte Imbalance
"Over the last 48 hours, I noticed gasping for air during sleep and excessive daytime sleepiness.",Sleep Apnea
"Suffering from burning localized pain, fluid-filled blisters on one side of body and fever, need medical guidance.",Shingles
"Feeling fatigue, unexplained weight gain, constipation",Hypothyroidism
Feeling muscle pain,Chikungunya
Lately I have been feeling abdominal cramping and food intolerance.,Irritable Bowel Syndrome
"My main issues right now are high blood pressure, high fasting blood glucose and low HDL cholesterol.",Metabolic Syndrome
Woke up today with emotional exhaustion and cynicism and detachment.,Chronic Stress / Burnout
"I'm experiencing severe sharp flank pain, nausea and painful urination.",Kidney Stones
"I cannot sleep because of frequent nighttime urination, tingling in hands and feet and darkened skin patches.",Diabetes Type 2
"I have rapid heartbeat, dizziness, confusion and blurred vision, what could this be?",Hypoglycemia
"Suffering from hoarseness, dry throat and dry cough, need medical guidance.",Laryngitis
"Experiencing burning sensation in eyes, stinging eyes, blurred vision after reading",Dry Eye Syndrome
"Doctor, I've had burning stomach, nausea and bloating for the past few days.",Gastritis
"I cannot sleep because of sweating, hunger and blurred vision.",Hypoglycemia
Feeling iron deficiency,Celiac Disease
"Doctor, I've had severe sore throat, pain with swallowing and red swollen tonsils for the past few days.",Pharyngitis
"Woke up today with temporary numbness on one side, brief speech slurring, temporary dizziness and arm weakness.",Transient Ischemic Attack (TIA)
"Suffering from morning headache, dizziness, nosebleeds",Hypertension
"Suffering from waking up during the night, daytime fatigue, irritability",Insomnia Disorder
"Noticed severe cyclical high fever, profuse sweating, body ache",Malaria
Experiencing slow-healing cuts,Diabetes Type 2
"Clinical notes: Patient presenting with gas, mucus in stool and food intolerance.",Irritable Bowel Syndrome
"I cannot sleep because of frequent urination, extreme hunger, fatigue and blurred vision.",Diabetes Type 1
Clinical notes: Patient presenting with runny nose and nasal congestion.,Common Cold
I'm experiencing dark yellow urine and infrequent urination.,Dehydration
"Doctor, I've had fatigue, poor appetite, joint pain and nausea for the past few days.",Hepatitis B
"Experiencing trembling hands, sweating, bulging eyes",Hyperthyroidism
"I have bruising easily and joint and muscle aches, what could this be?",Scurvy
Experiencing red to brownish-gray patches,Eczema
"Suffering from extreme thirst, frequent urination, unintended weight loss and extreme hunger, need medical guidance.",Diabetes Type 1
"Doctor, I've had blackheads and whiteheads, tender red bumps (papules) and deep painful cystic lumps for the past few days.",Acne Vulgaris
Experiencing red sores around nose and mouth,Impetigo
"I've been dealing with burning stomach pain between meals, bloating and nausea and it is getting worse.",Peptic Ulcer
It started yesterday with high fever and shortness of breath.,Pneumonia
It started yesterday with chills and body aches.,Lyme Disease
I've been dealing with extreme fatigue and salt cravings and it is getting worse.,Addison's Disease
I cannot sleep because of loss of appetite and metallic taste in mouth.,Chronic Kidney Disease
"Experiencing acute bone pain, muscle weakness, chronic fatigue and hair loss.",Vitamin D Deficiency
Clinical notes: Patient presenting with straining during bowel movements and feeling of incomplete evacuation.,Constipation
I'm experiencing tingling around bite site and anxiety.,Rabies Exposure
I feel terrible with itching around anus and pain during bowel movements.,Hemorrhoids
"Suffering from hyperpigmentation (darkened skin), low blood pressure, dizziness",Addison's Disease
"Over the last 48 hours, I noticed hard dry stools, straining during bowel movements, feeling of incomplete evacuation and bloating.",Constipation
Experiencing extreme fatigue,Addison's Disease
"Noticed severe sweating, confusion, hunger",Hypoglycemia
I cannot sleep because of high fever and tiny white spots inside mouth.,Measles
"Lately I have been feeling arm weakness, slurred speech, loss of balance and vision loss.",Stroke
"I feel terrible with rapid heartbeat, confusion and hunger.",Hypoglycemia
Experiencing runny nose,Common Cold
Patient reports slow-healing cuts and tingling in hands and feet with increasing discomfort.,Diabetes Type 2
Experiencing dry mouth,Dehydration
"Patient reports cyclical high fever, shivering chills and fatigue with increasing discomfort.",Malaria
"Suffering from tingling or numbness in arms or fingers and headache starting at back of neck, need medical guidance.",Cervical Spondylosis
"Clinical notes: Patient presenting with rapid heart rate, anxiety and bulging eyes.",Hyperthyroidism
"Doctor, I've had severe itching, bumps and blisters, burning sensation",Contact Dermatitis
Experiencing fever,Ulcerative Colitis
Experiencing acute memory problems and pale or jaundiced skin.,Vitamin B12 Deficiency
"Been having joint pain during or after movement, joint stiffness in mornings, loss of joint flexibility",Osteoarthritis
"Suffering from persistent sad empty mood, loss of interest in hobbies and feelings of worthlessness, need medical guidance.",Major Depressive Disorder
Feeling dull discomfort in upper right abdomen,Fatty Liver Disease
I have vomiting,Gallstones
"It started yesterday with fever, loss of taste or smell and shortness of breath.",COVID-19
I have mild itching,Impetigo
I have grating sensation,Osteoarthritis
"Suffering from cyclical high fever, shivering chills, profuse sweating and body ache, need medical guidance.",Malaria
"Noticed severe chronic diarrhea, weight loss, skin rash",Celiac Disease
"Feeling resting tremor, impaired balance, soft voice",Parkinson's Disease
"Suffering from persistent fatigue, nausea, loss of appetite and metallic taste in mouth, need medical guidance.",Chronic Kidney Disease
Feeling sudden intense joint pain in big toe,Gout
Feeling pain relieved by sitting up and leaning forward,Pericarditis
Experiencing high blood pressure,Metabolic Syndrome
"Woke up today with throbbing headache, nausea, light sensitivity and visual aura.",Migraine
"I cannot sleep because of waking up too early, daytime fatigue, irritability and difficulty concentrating.",Insomnia Disorder
"Clinical notes: Patient presenting with weight gain around abdomen, purple stretch marks and high blood pressure.",Cushing's Syndrome
Experiencing severe sore throat,Pharyngitis
"Suffering from acid regurgitation, difficulty swallowing and sour taste in mouth, need medical guidance.",GERD
"It started yesterday with pain behind the eyes, joint and muscle ache and mild bleeding.",Dengue Fever
"Over the last 48 hours, I noticed fatigue, dark urine, joint pain and nausea.",Hepatitis B
"Noticed severe nausea, vomiting, body aches",Gastroenteritis
"I feel terrible with mild fever, fatigue and wheezing.",Bronchitis
I've been dealing with sharp ear pain and feeling of fullness in ear and it is getting worse.,Otitis Media
Lately I have been feeling joint and muscle ache and skin rash.,Dengue Fever
"Patient presenting with clear skin in center of ring, skin peeling, cracked skin",Fungal Skin Infection
"Feeling high fever, vomiting, painful frequent urination",Pyelonephritis
Feeling low blood pressure,Addison's Disease
"Been having confusion, dizziness, numbness in fingers",Electrolyte Imbalance
Feeling frequent nighttime urination,Benign Prostatic Hyperplasia
"I have crushing chest pain, severe nausea, dizziness",Heart Attack
"Lately I have been feeling easy or excessive bruising, prolonged bleeding from small cuts and nosebleeds.",Thrombocytopenia
Feeling visual aura,Migraine
Feeling vomiting,Cholera
"I'm experiencing pain radiating to left arm neck or jaw, cold sweat, shortness of breath and dizziness.",Heart Attack
"Doctor, I've had extreme hunger, fatigue, blurred vision",Diabetes Type 1
"Feeling nausea, constipation, abdominal tenderness",Diverticulitis
"Doctor, I've had persistent fatigue, foamy urine, metallic taste in mouth",Chronic Kidney Disease
"Doctor, I've had widespread musculoskeletal pain, sleep disturbances, tender trigger points",Fibromyalgia
"Patient presenting with low blood pressure, nausea, dizziness",Addison's Disease
Feeling sudden high fever,Dengue Fever
"I'm experiencing abdominal cramping, bloating, mucus in stool and food intolerance.",Irritable Bowel Syndrome
I have bulging eyes,Hyperthyroidism
Experiencing swollen ankles,Glomerulonephritis
Experiencing heart palpitations,Pericarditis
"Suffering from cyclical high fever, nausea, body ache",Malaria
"Doctor, I've had tingling around bite site, fever, headache and agitation for the past few days.",Rabies Exposure
Feeling headache,Mononucleosis
I have avoidance of social situations,Social Anxiety Disorder
"Patient presenting with sudden spinning sensation when turning head, dizziness when rolling over in bed, nausea with head movement",Benign Paroxysmal Positional Vertigo
"Been having loud snoring, gasping for air during sleep, morning headache",Sleep Apnea
"Been having chest pain on deep inhalation, shortness of breath, dry persistent cough",Pleural Effusion
I have nausea,Chronic Kidney Disease
"I've been dealing with unintended weight loss, sweating and anxiety and it is getting worse.",Hyperthyroidism
"Noticed severe dizziness, shortness of breath, nosebleeds",Hypertension
"I have slow heartbeat, dizziness and lightheadedness, what could this be?",Arrhythmia
"Clinical notes: Patient presenting with sharp lower right abdominal pain, nausea and rebound tenderness.",Appendicitis
"Experiencing irregular periods, thinning hair on scalp, weight gain",Polycystic Ovary Syndrome
"Patient presenting with high fever, fatigue, headache",Influenza
"Feeling high fever, cough with phlegm, chest pain",Pneumonia
"I have throbbing headache, light sensitivity, dizziness",Migraine
"Been having cough, runny nose, blotchy skin rash",Measles
"Suffering from raised red itchy welts, swelling that changes shape and location and burning sensation on skin, need medical guidance.",Urticaria
"Lately I have been feeling animal bite on skin, tingling around bite site and fever.",Rabies Exposure
"I have sneezing and sore throat, what could this be?",Common Cold
"Lately I have been feeling red swollen tender skin area, rapidly expanding redness, fever and blisters over red area.",Cellulitis
Experiencing skin peeling,Fungal Skin Infection
"My main issues right now are persistent excessive worry, muscle tension, irritability and sleep disturbance.",Generalized Anxiety Disorder
I have dry cracked skin that may bleed,Psoriasis
Feeling sudden shortness of breath,Pulmonary Embolism
"Been having increased thirst, slow-healing cuts, darkened skin patches",Diabetes Type 2
Experiencing slow movement,Parkinson's Disease
I have chills,Influenza
Lately I have been feeling cramping abdominal pain and weight loss.,Ulcerative Colitis
"Over the last 48 hours, I noticed tingling in hands and feet, fatigue and pale or jaundiced skin.",Vitamin B12 Deficiency
Experiencing runny nose,Measles
"I've been dealing with chills, fatigue and sore throat and it is getting worse.",Influenza
Experiencing blushing and sweating around people,Social Anxiety Disorder
"Suffering from fever, fatigue and body aches, need medical guidance.",Lyme Disease
Feeling fatigue,Crohn's Disease
Experiencing inability to close one eye,Bell's Palsy
I have electric shock sensations,Multiple Sclerosis
Feeling blood in urine,Kidney Stones
"Clinical notes: Patient presenting with fatigue, nausea, pale stools and loss of appetite.",Hepatitis A
"Doctor, I've had dry skin and brittle hair for the past few days.",Hypothyroidism
"Over the last 48 hours, I noticed white or yellow coating on tonsils, enlarged tender neck nodes and bad breath.",Tonsillitis
"I have itching around anus, pain during bowel movements, swelling or lump near anus",Hemorrhoids
It started yesterday with vomiting and rapid dehydration.,Cholera
"Woke up today with sudden spinning sensation when turning head, dizziness when rolling over in bed and nausea with head movement.",Benign Paroxysmal Positional Vertigo
"Experiencing sudden one-sided facial paralysis, drooping mouth, inability to close one eye",Bell's Palsy
"I have chest pain on deep inhalation, dry persistent cough, fever",Pleural Effusion
"Clinical notes: Patient presenting with tingling in hands and feet, smooth red tongue, memory problems and unsteady balance.",Vitamin B12 Deficiency
"Lately I have been feeling extreme thirst, frequent urination and fatigue.",Diabetes Type 1
Clinical notes: Patient presenting with hard dry stools and straining during bowel movements.,Constipation
"Patient reports profuse sweating, headache, body ache and fatigue with increasing discomfort.",Malaria
Feeling bloating,Gastritis
"Suffering from fatigue, dry skin, brittle hair",Hypothyroidism
Lately I have been feeling heartburn and chest burning.,GERD
I have headache,Rabies Exposure
"Doctor, I've had fatigue, skin rash, iron deficiency",Celiac Disease
"Lately I have been feeling burning stomach pain between meals, feeling full too quickly, bloating and dark stools.",Peptic Ulcer
I have loud snoring,Sleep Apnea
"I have bruising easily, joint and muscle aches, slow wound healing",Scurvy
"Lately I have been feeling itchy fluid-filled blisters, loss of appetite, headache and red spots on skin.",Chickenpox
"Patient presenting with easy or excessive bruising, prolonged bleeding from small cuts, bleeding gums",Thrombocytopenia
Experiencing acute sharp lower right abdominal pain and loss of appetite.,Appendicitis
"It started yesterday with intense fear of social interactions, fear of being judged or embarrassed, blushing and sweating around people and avoidance of social situations.",Social Anxiety Disorder
"Suffering from sweating, hunger, blurred vision",Hypoglycemia
Feeling dizziness,Arrhythmia
"I'm experiencing chronic cough, excess sputum and wheezing.",COPD
"I feel terrible with stomach cramps, vomiting and body aches.",Gastroenteritis
"Patient presenting with bloating, gas, skin rash",Celiac Disease
"Feeling persistent cough, mild fever, wheezing",Bronchitis
"Feeling unintended weight loss, fatigue, blurred vision",Diabetes Type 1
"Doctor, I've had waking up too early, irritability, difficulty concentrating",Insomnia Disorder
"Patient reports pounding racing heart, chest tightness and trembling with increasing discomfort.",Panic Disorder
"I've been dealing with waking up during the night, waking up too early and difficulty concentrating and it is getting worse.",Insomnia Disorder
Feeling feeling of fullness in ear,Otitis Media
I have cough with phlegm,Pneumonia
"I have dark yellow urine, dry mouth, dizziness upon standing and infrequent urination, what could this be?",Dehydration
"Been having poor appetite, dark urine, nausea",Hepatitis B
"Suffering from crushing chest pain, pain radiating to left arm neck or jaw, dizziness",Heart Attack
"Feeling fever, headache, anxiety",Rabies Exposure
"Patient presenting with fluttering in chest, lightheadedness, fainting episodes",Arrhythmia
I have joint pain during or after movement,Osteoarthritis
Lately I have been feeling high fever and shivering chills.,Pyelonephritis
"Woke up today with dry cracked skin that may bleed, itching or burning skin and pitted thickened nails.",Psoriasis
"I have chronic physical fatigue and digestive upset, what could this be?",Chronic Stress / Burnout
"Over the last 48 hours, I noticed fever and bloating.",Diverticulitis
I have muscle weakness,Peripheral Neuropathy
"I have loss of taste or smell, fatigue, sore throat",COVID-19
"Been having abrupt high fever, severe crippling joint pain, muscle pain",Chikungunya
"Noticed severe shortness of breath, chills, rapid breathing",Pneumonia
My main issues right now are loud snoring and excessive daytime sleepiness.,Sleep Apnea
"Over the last 48 hours, I noticed headache, stomach pain and constipation or diarrhea.",Typhoid Fever
"Clinical notes: Patient presenting with sudden severe pain in upper right abdomen, pain radiating to right shoulder and indigestion after fatty meals.",Gallstones
"Clinical notes: Patient presenting with bleeding gums, corkscrew body hair and bruising easily.",Scurvy
It started yesterday with headache and pressure around eyes.,Sinusitis
"Experiencing acute lower abdominal pressure, cloudy foul-smelling urine, blood in urine and low-grade fever.",Acute Cystitis
"Woke up today with chest pressure on exertion, shortness of breath and fatigue.",Coronary Artery Disease
Experiencing faded colors,Cataract
Feeling dizziness,Electrolyte Imbalance
Lately I have been feeling fatigue and unsteady balance.,Vitamin B12 Deficiency
Experiencing arm weakness,Stroke
"Suffering from chest burning, difficulty swallowing, chronic dry cough",GERD
"It started yesterday with fatigue, poor appetite, yellowing of skin and eyes and nausea.",Hepatitis B
Feeling profuse sweating,Malaria
"I have feeling of choking and fear of losing control, what could this be?",Panic Disorder
"Lately I have been feeling cramping leg pain when walking (claudication), coldness in lower leg or foot, weak pulse in legs and slow-healing sores on toes.",Peripheral Artery Disease
"Patient presenting with weight gain around abdomen, purple stretch marks, muscle weakness",Cushing's Syndrome
"I have loss of interest in hobbies, changes in appetite or weight, feelings of worthlessness",Major Depressive Disorder
"Patient presenting with shivering chills, nausea, body ache",Malaria
Experiencing headache,Mononucleosis
I have fluttering in chest,Arrhythmia
"Experiencing acute excess facial hair, severe acne and weight gain.",Polycystic Ovary Syndrome
Experiencing persistent cough,Asthma
"Noticed severe bloating, fatigue, skin rash",Celiac Disease
I have inability to close one eye,Bell's Palsy
"I have fever, chills, swollen lymph nodes",Lyme Disease
"Suffering from high fever, chills, headache",Influenza
"Woke up today with emotional exhaustion, reduced personal accomplishment, chronic physical fatigue and digestive upset.",Chronic Stress / Burnout
"My main issues right now are swelling in ankles and feet, loss of appetite and metallic taste in mouth.",Chronic Kidney Disease
"Experiencing acute hyperpigmentation (darkened skin), low blood pressure, nausea and dizziness.",Addison's Disease
"Doctor, I've had fever, fatigue, body aches",Lyme Disease
"Clinical notes: Patient presenting with sudden facial drooping, slurred speech, sudden severe headache and loss of balance.",Stroke
Feeling morning headache,Sleep Apnea
Feeling blisters over red area,Cellulitis
"I have fatigue and elevated liver enzymes, what could this be?",Fatty Liver Disease
"I have numbness in limbs, electric shock sensations, unsteady gait",Multiple Sclerosis
"Been having red swollen tender skin area, rapidly expanding redness, blisters over red area",Cellulitis
I'm experiencing vomiting and rapid pulse.,Pancreatitis
"Feeling chronic cough, excess sputum, fatigue",COPD
Feeling slow-healing cuts,Diabetes Type 2
"My main issues right now are tingling in hands and feet, fatigue and memory problems.",Vitamin B12 Deficiency
I have nausea,Gastritis
Feeling painful frequent urination,Pyelonephritis
I have headache,Mononucleosis
Feeling sweating,Panic Disorder
Woke up today with tender warm swollen joints and fever.,Rheumatoid Arthritis
"My main issues right now are burning stomach pain between meals, feeling full too quickly, nausea and unexplained weight loss.",Peptic Ulcer
My main issues right now are tearing and restlessness.,Cluster Headache
"Clinical notes: Patient presenting with throbbing headache, visual aura and dizziness.",Migraine
"Doctor, I've had cynicism and detachment, reduced personal accomplishment and chronic physical fatigue for the past few days.",Chronic Stress / Burnout
"Suffering from brief speech slurring, temporary dizziness and arm weakness, need medical guidance.",Transient Ischemic Attack (TIA)
Lately I have been feeling fever and fatigue.,Lyme Disease
Experiencing acute dark urine and pale stools.,Hepatitis A
Lately I have been feeling frequent infections and chronic fatigue.,Vitamin D Deficiency
It started yesterday with crushing chest pain and shortness of breath.,Heart Attack
"I've been dealing with joint stiffness in mornings, loss of joint flexibility, grating sensation and bone spurs and it is getting worse.",Osteoarthritis
"Woke up today with heartburn, chest burning, chronic dry cough and sour taste in mouth.",GERD
"Patient presenting with urgent need to defecate, rectal pain, weight loss",Ulcerative Colitis
My main issues right now are nausea and sound sensitivity.,Migraine
Woke up today with animal bite on skin and fever.,Rabies Exposure
"Over the last 48 hours, I noticed tingling in hands and feet, memory problems, unsteady balance and pale or jaundiced skin.",Vitamin B12 Deficiency
"Patient presenting with persistent fatigue, nausea, loss of appetite",Chronic Kidney Disease
"I feel terrible with high fever, cough and red watery eyes.",Measles
"Over the last 48 hours, I noticed sudden intense joint pain in big toe and limited range of motion.",Gout
"I feel terrible with body ache, headache and sore throat.",Influenza
"Patient presenting with difficulty swallowing, chronic dry cough, sour taste in mouth",GERD
Feeling facial pain,Sinusitis
Feeling tingling around bite site,Rabies Exposure
"Experiencing gradual loss of height over time, stooped posture, back pain caused by collapsed vertebra",Osteoporosis
Feeling coughing blood,Pulmonary Embolism
Experiencing bleeding gums,Thrombocytopenia
Experiencing confusion,Electrolyte Imbalance
"I have trembling and palpitations, what could this be?",Postural Orthostatic Tachycardia (POTS)
Experiencing white or yellow coating on tonsils,Tonsillitis
"Experiencing tickling sensation in throat, dry throat, dry cough",Laryngitis
"Clinical notes: Patient presenting with constant severe lower left abdominal pain, fever and bloating.",Diverticulitis
"Woke up today with chronic diarrhea, gas, skin rash and iron deficiency.",Celiac Disease
I cannot sleep because of chest pain on deep inhalation and fever.,Pleural Effusion
"Over the last 48 hours, I noticed clear skin in center of ring and cracked skin.",Fungal Skin Infection
"Suffering from vomiting, rapid dehydration, sunken eyes",Cholera
Feeling pale stools,Hepatitis A
"Noticed severe tender warm swollen joints, symmetrical joint pain in both hands, fever",Rheumatoid Arthritis
"I'm experiencing animal bite on skin, fever, headache and anxiety.",Rabies Exposure
"Woke up today with rapid dehydration, muscle cramps and sunken eyes.",Cholera
I have extreme hunger,Diabetes Type 1
"I've been dealing with watery diarrhea, stomach cramps, vomiting and body aches and it is getting worse.",Gastroenteritis
"Doctor, I've had fluttering in chest, racing heartbeat, dizziness and lightheadedness for the past few days.",Arrhythmia
"Over the last 48 hours, I noticed high fever, nausea and painful frequent urination.",Pyelonephritis
Experiencing tingling in face or hands,Migraine with Aura
"Lately I have been feeling extreme fatigue, severe sore throat, enlarged spleen and headache.",Mononucleosis
Feeling fever,Tuberculosis
"Experiencing acute increased thirst, frequent nighttime urination, slow-healing cuts and tingling in hands and feet.",Diabetes Type 2
"Doctor, I've had sudden facial drooping, slurred speech, sudden severe headache",Stroke
"I have cloudy foul-smelling urine, blood in urine, low-grade fever",Acute Cystitis
"Experiencing weight gain around abdomen, easy bruising, muscle weakness",Cushing's Syndrome
"Doctor, I've had visual flashes, throbbing head pain, light sensitivity",Migraine with Aura
I cannot sleep because of sweating and blurred vision.,Hypoglycemia
"I have increased thirst, slow-healing cuts, tingling in hands and feet and darkened skin patches, what could this be?",Diabetes Type 2
Experiencing acute swelling in ankles and feet and metallic taste in mouth.,Chronic Kidney Disease
"Suffering from resting tremor, muscle stiffness and soft voice, need medical guidance.",Parkinson's Disease
"Suffering from burning sensation when urinating, pelvic pressure and strong smelling urine, need medical guidance.",Urinary Tract Infection
"Suffering from abrupt high fever, joint swelling and headache, need medical guidance.",Chikungunya
"I'm experiencing persistent sad empty mood, changes in appetite or weight, feelings of worthlessness and difficulty sleeping.",Major Depressive Disorder
"Lately I have been feeling bloating, weight loss, skin rash and iron deficiency.",Celiac Disease
"My main issues right now are rapid heartbeat, confusion, hunger and blurred vision.",Hypoglycemia
"Doctor, I've had symmetrical joint pain in both hands, morning joint stiffness lasting >1 hour, fatigue",Rheumatoid Arthritis
Feeling rapid heartbeat,Hypoglycemia
"I have cloudy or blurry vision, faded colors, glare and halos around headlights",Cataract
"Patient reports cough with phlegm, shortness of breath and rapid breathing with increasing discomfort.",Pneumonia
"I have chronic diarrhea and weight loss, what could this be?",Celiac Disease
"Been having extreme thirst, dry mouth, infrequent urination",Dehydration
"Experiencing acute runny nose, sore throat, nasal congestion and mild headache.",Common Cold
"Patient presenting with visible broken blood vessels, swollen red bumps resembling acne, eye irritation",Rosacea
"Clinical notes: Patient presenting with cynicism and detachment, reduced personal accomplishment, chronic physical fatigue and digestive upset.",Chronic Stress / Burnout
Woke up today with sudden intense joint pain in big toe and swelling and redness of big toe.,Gout
"Been having severe sore throat, pain with swallowing, swollen neck lymph nodes",Pharyngitis
I cannot sleep because of impaired balance and soft voice.,Parkinson's Disease
Patient reports vomiting and rebound tenderness with increasing discomfort.,Appendicitis
I have joint pain,Hepatitis B
Experiencing loss of appetite,Hepatitis A
Experiencing gritty feeling in eye,Conjunctivitis
"Doctor, I've had temporary confusion, loss of consciousness, staring spells and aura for the past few days.",Epilepsy
Lately I have been feeling high fever and nausea.,Pyelonephritis
"Experiencing acute red swollen tonsils, white or yellow coating on tonsils, fever and enlarged tender neck nodes.",Tonsillitis
Feeling nausea,Peptic Ulcer
"Feeling muscle weakness, chronic fatigue, low mood",Vitamin D Deficiency
I have dry mouth on waking,Sleep Apnea
"I feel terrible with irregular periods, excess facial hair and thinning hair on scalp.",Polycystic Ovary Syndrome
I have visual flashes,Migraine with Aura
"Feeling tingling around bite site, headache, agitation",Rabies Exposure
"Doctor, I've had irregular periods, severe acne and weight gain for the past few days.",Polycystic Ovary Syndrome
"Doctor, I've had sudden intense terror, chest tightness, sweating",Panic Disorder
Experiencing purple stretch marks,Cushing's Syndrome
"I have cough with phlegm, chest pain, shortness of breath",Pneumonia
"Noticed severe fever, anxiety, agitation",Rabies Exposure
"Doctor, I've had burning sensation when urinating, cloudy urine, strong smelling urine",Urinary Tract Infection
"Patient presenting with chest tightness during activity, heart murmur, fatigue",Aortic Stenosis
"Experiencing acute extreme thirst, dry mouth, dizziness upon standing and sunken eyes.",Dehydration
Experiencing waking up too early,Insomnia Disorder
"Experiencing acute cyclical high fever, profuse sweating and body ache.",Malaria
"Suffering from fatigue, dark urine, pale stools",Hepatitis A
"Suffering from pain radiating to right shoulder, nausea, vomiting",Gallstones
"Experiencing nausea, constipation, bloating",Diverticulitis
"Feeling stinging eyes, stringy mucus in eyes, blurred vision after reading",Dry Eye Syndrome
I have chest pain on deep inhalation,Pleural Effusion
"I cannot sleep because of excess facial hair, thinning hair on scalp and weight gain.",Polycystic Ovary Syndrome
I cannot sleep because of pink or cola-colored urine and swollen ankles.,Glomerulonephritis
"Suffering from high fever, chills, fatigue",Influenza
"Patient reports severe sharp flank pain, blood in urine, nausea and painful urination with increasing discomfort.",Kidney Stones
Experiencing enlarged tender neck nodes,Tonsillitis
"I feel terrible with fluttering in chest, racing heartbeat, dizziness and fainting episodes.",Arrhythmia
"I have high fever, flank pain on one side, shivering chills",Pyelonephritis
"I have mild fever, fatigue, wheezing",Bronchitis
Experiencing fever,Shingles
"Patient reports eye redness, tearing and restlessness with increasing discomfort.",Cluster Headache
"Noticed severe nausea, rapid pulse, tenderness to touch",Pancreatitis
"Feeling chills, fatigue, body aches",Lyme Disease
"I feel terrible with white or yellow coating on tonsils, fever and enlarged tender neck nodes.",Tonsillitis
"Noticed severe frequent urination, unintended weight loss, fatigue",Diabetes Type 1
"Experiencing high fever, headache, sore throat",Influenza
I have severe upper abdominal pain radiating to back,Pancreatitis
Feeling body ache,Influenza
"Noticed severe unintended weight loss, extreme hunger, fatigue",Diabetes Type 1
"Over the last 48 hours, I noticed white or yellow coating on tonsils and painful swallowing.",Tonsillitis
"I have abrupt high fever, joint swelling, muscle pain",Chikungunya
Experiencing acute unexplained weight gain and muscle weakness.,Hypothyroidism
"Patient reports recurrent abdominal cramps, persistent diarrhea, weight loss and rectal bleeding with increasing discomfort.",Crohn's Disease
Feeling tingling in toes,Sciatica
Experiencing acute chills and fatigue.,Lyme Disease
I have burning sensation,Contact Dermatitis
"Experiencing visual flashes, blind spots, nausea",Migraine with Aura
"Feeling dry cough, loss of taste or smell, fatigue",COVID-19
"Patient reports persistent sad empty mood, changes in appetite or weight and difficulty sleeping with increasing discomfort.",Major Depressive Disorder
"I have high fever, chills, rapid breathing",Pneumonia
"My main issues right now are chest tightness, sweating, feeling of choking and fear of losing control.",Panic Disorder
"Noticed severe headache, anxiety, agitation",Rabies Exposure
Feeling high fever,Pneumonia
"Experiencing acute nausea, loss of appetite and belching.",Gastritis
"I feel terrible with upper abdominal pain, nausea, bloating and belching.",Gastritis
I cannot sleep because of irregular periods and excess facial hair.,Polycystic Ovary Syndrome
"Noticed severe fatigue, yellowing of skin and eyes, loss of appetite",Hepatitis A
Experiencing yellowing of skin and eyes,Hepatitis B
Experiencing acute red swollen tonsils and white or yellow coating on tonsils.,Tonsillitis
"Lately I have been feeling pale skin, weakness, brittle nails and shortness of breath with mild exertion.",Iron Deficiency Anemia
"I have sudden shortness of breath, rapid heart rate and dizziness, what could this be?",Pulmonary Embolism
Clinical notes: Patient presenting with nausea and rapid pulse.,Pancreatitis
"Suffering from rapid heart rate upon standing, brain fog and trembling, need medical guidance.",Postural Orthostatic Tachycardia (POTS)
Experiencing dry mouth on waking,Sleep Apnea
"Woke up today with dark yellow urine, infrequent urination and sunken eyes.",Dehydration
"I'm experiencing fluttering in chest, slow heartbeat, dizziness and lightheadedness.",Arrhythmia
"Patient presenting with chest burning, difficulty swallowing, sour taste in mouth",GERD
I have frequent sneezing,Allergic Rhinitis
Feeling joint swelling,Chikungunya
"I have chronic cough, shortness of breath with exertion, chest tightness and fatigue, what could this be?",COPD
"I feel terrible with rapid heart rate upon standing, dizziness on standing and trembling.",Postural Orthostatic Tachycardia (POTS)
"My main issues right now are sharp ear pain, muffled hearing, fluid draining from ear and irritability.",Otitis Media
"Experiencing acute tender warm swollen joints, fatigue and fever.",Rheumatoid Arthritis
Feeling brain fog,Postural Orthostatic Tachycardia (POTS)
Experiencing swollen lymph nodes,Lyme Disease
"Feeling frequent sneezing, itchy watery eyes, itchy roof of mouth",Allergic Rhinitis
"My main issues right now are gradual loss of peripheral vision, tunnel vision in advanced stages, severe eye pain with halo around lights and blurred vision.",Glaucoma
Experiencing acute cloudy urine and pelvic pressure.,Urinary Tract Infection
"Feeling nausea, dark urine, yellowing of skin and eyes",Hepatitis A
I have nasal congestion,Common Cold
Feeling tingling in face or hands,Migraine with Aura
"Clinical notes: Patient presenting with fatigue, abdominal pain, dark urine and yellowing of skin and eyes.",Hepatitis A
"Patient reports arm weakness, slurred speech and sudden severe headache with increasing discomfort.",Stroke
"Been having prolonged step-ladder fever, headache, stomach pain",Typhoid Fever
Experiencing painful urination,Kidney Stones
"Over the last 48 hours, I noticed feeling full too quickly and bloating.",Peptic Ulcer
I feel terrible with sharp chest pain on breathing and rapid heart rate.,Pulmonary Embolism
"Experiencing acute round moon face, weight gain around abdomen and muscle weakness.",Cushing's Syndrome
"Noticed severe emotional exhaustion, reduced personal accomplishment, chronic physical fatigue",Chronic Stress / Burnout
"Doctor, I've had reduced personal accomplishment, frequent headaches, digestive upset",Chronic Stress / Burnout
"I have poor appetite, dark urine and joint pain, what could this be?",Hepatitis B
Experiencing frequent sneezing,Allergic Rhinitis
"I have electric shock sensation in cheek, pain triggered by chewing or brushing teeth and spontaneous facial spasms, what could this be?",Trigeminal Neuralgia
"Lately I have been feeling gritty feeling in eye, watery discharge and crusty eyelids in morning.",Conjunctivitis
I have difficulty falling asleep,Insomnia Disorder
"Doctor, I've had bleeding gums, bruising easily, joint and muscle aches and slow wound healing for the past few days.",Scurvy
"Lately I have been feeling muscle weakness, frequent infections, chronic fatigue and low mood.",Vitamin D Deficiency
"My main issues right now are cloudy foul-smelling urine, blood in urine and low-grade fever.",Acute Cystitis
I have joint aching or stiffness,Bursitis
"Feeling persistent cough for more than 3 weeks, unexplained weight loss, fever",Tuberculosis
"It started yesterday with sudden hair loss, exclamation point hairs and pitted fingernails.",Alopecia Areata
"I cannot sleep because of bloating, gas, alternating diarrhea and constipation and mucus in stool.",Irritable Bowel Syndrome
Experiencing raised red itchy welts,Urticaria
"I feel terrible with persistent cough, chest discomfort, fatigue and wheezing.",Bronchitis
Experiencing tremor,Multiple Sclerosis
"Patient presenting with fever, severe sore throat, swollen lymph nodes in neck",Mononucleosis
"Doctor, I've had pounding racing heart and sweating for the past few days.",Panic Disorder
"Patient presenting with stomach pain, constipation or diarrhea, rose-colored rash",Typhoid Fever
"Doctor, I've had profuse sweating, body ache, fatigue",Malaria
Experiencing dizziness on standing,Postural Orthostatic Tachycardia (POTS)
"I cannot sleep because of upper abdominal pain, nausea, bloating and loss of appetite.",Gastritis
"Doctor, I've had poor appetite, yellowing of skin and eyes and nausea for the past few days.",Hepatitis B
"Experiencing abrupt high fever, joint swelling, headache",Chikungunya
"Over the last 48 hours, I noticed light sensitivity, sound sensitivity, visual aura and dizziness.",Migraine
"Suffering from nausea, pale stools, yellowing of skin and eyes",Hepatitis A
I feel terrible with sudden severe pain in upper right abdomen and vomiting.,Gallstones
"Suffering from fatigue, dry skin, muscle weakness",Hypothyroidism
Feeling fever,COVID-19
"I have high blood pressure, facial puffiness in mornings, swollen ankles",Glomerulonephritis
"I'm experiencing corkscrew body hair, bruising easily and slow wound healing.",Scurvy
"Suffering from tingling around bite site, fever and agitation, need medical guidance.",Rabies Exposure
"I have mild chronic anemia, slight fatigue, microcytic red blood cells on lab work",Thalassemia Minor
"I have electric shock sensations, fatigue, unsteady gait",Multiple Sclerosis
It started yesterday with yellowing of skin and eyes and loss of appetite.,Hepatitis A
Feeling frequent nighttime urination,Diabetes Type 2
"Noticed severe emotional exhaustion, cynicism and detachment, frequent headaches",Chronic Stress / Burnout
"Over the last 48 hours, I noticed weak urine stream and dribbling after urination.",Benign Prostatic Hyperplasia
"Doctor, I've had itchy fluid-filled blisters, fever, red spots on skin",Chickenpox
"I cannot sleep because of severe upper abdominal pain radiating to back, rapid pulse, fever and tenderness to touch.",Pancreatitis
"Lately I have been feeling upper abdominal pain, nausea and bloating.",Gastritis
"I have resting tremor, muscle stiffness, slow movement and impaired balance, what could this be?",Parkinson's Disease
"It started yesterday with loss of interest in hobbies, fatigue, feelings of worthlessness and difficulty sleeping.",Major Depressive Disorder
Experiencing burning pain in hands,Peripheral Neuropathy
"Patient reports fluid-filled blisters on one side of body, skin sensitivity, fever and itching with increasing discomfort.",Shingles
Experiencing irritability,Generalized Anxiety Disorder
Experiencing persistent urgent need to urinate,Interstitial Cystitis
Experiencing anxiety,Rabies Exposure
"Experiencing bleeding gums, fatigue, slow wound healing",Scurvy
I cannot sleep because of constant severe lower left abdominal pain and fever.,Diverticulitis
"Patient presenting with irregular heartbeat, confusion, extreme fatigue",Electrolyte Imbalance
Experiencing acute easy or excessive bruising and bleeding gums.,Thrombocytopenia
Feeling low mood,Vitamin D Deficiency
"My main issues right now are nausea, bloating, loss of appetite and belching.",Gastritis
"Patient reports easy or excessive bruising, prolonged bleeding from small cuts, bleeding gums and nosebleeds with increasing discomfort.",Thrombocytopenia
Feeling blackheads and whiteheads,Acne Vulgaris
I've been dealing with extreme fatigue and nausea and it is getting worse.,Addison's Disease
"Doctor, I've had dull aching head pain, tightness across forehead, neck stiffness and shoulder tension for the past few days.",Tension Headache
I have tiny blisters between fingers wrists and waistline,Scabies
"Doctor, I've had feeling full too quickly, bloating, dark stools and unexplained weight loss for the past few days.",Peptic Ulcer
"My main issues right now are uncontrolled jerking movements, temporary confusion, staring spells and aura.",Epilepsy
"Doctor, I've had recurrent abdominal cramps, persistent diarrhea, mouth sores and rectal bleeding for the past few days.",Crohn's Disease
My main issues right now are mucus production and fatigue.,Bronchitis
"Patient reports feeling full too quickly, dark stools and unexplained weight loss with increasing discomfort.",Peptic Ulcer
"Over the last 48 hours, I noticed visual flashes and throbbing head pain.",Migraine with Aura
I have pain behind the eyes,Dengue Fever
"Suffering from dark stools and unexplained weight loss, need medical guidance.",Peptic Ulcer
Experiencing dry cracked scaly skin,Contact Dermatitis
Experiencing fatigue,Coronary Artery Disease
"Lately I have been feeling cold sweat, shortness of breath, severe nausea and dizziness.",Heart Attack
"I have round coin-sized smooth bald patches on scalp, sudden hair loss, exclamation point hairs and pitted fingernails, what could this be?",Alopecia Areata
I'm experiencing skin peeling and cracked skin.,Fungal Skin Infection
I feel terrible with fatigue and wheezing.,Bronchitis
It started yesterday with loss of interest in hobbies and fatigue.,Major Depressive Disorder
I have burning pain in hands,Peripheral Neuropathy
Experiencing visual flashes,Migraine with Aura
"Noticed severe abdominal cramping, alternating diarrhea and constipation, mucus in stool",Irritable Bowel Syndrome
I have shortness of breath,Heart Attack
"Suffering from purple stretch marks, high blood pressure, muscle weakness",Cushing's Syndrome
"Patient reports runny nose, sneezing, sore throat and mild headache with increasing discomfort.",Common Cold
I feel terrible with throbbing calf pain and redness of skin on leg.,Deep Vein Thrombosis
Experiencing unexplained weight gain,Hypothyroidism
Feeling profuse watery diarrhea,Cholera
Feeling stringy mucus in eyes,Dry Eye Syndrome
Feeling weight loss,Ulcerative Colitis
I've been dealing with nausea and loss of appetite and it is getting worse.,Chronic Kidney Disease
"I have persistent cough, mucus production and wheezing, what could this be?",Bronchitis
"It started yesterday with unintended weight loss, sweating, anxiety and bulging eyes.",Hyperthyroidism
I have brain fog,Postural Orthostatic Tachycardia (POTS)
Experiencing shuffling gait,Parkinson's Disease
Experiencing mild headache,Common Cold
"Suffering from constant severe lower left abdominal pain, fever, nausea and abdominal tenderness, need medical guidance.",Diverticulitis
"Suffering from sharp stabbing facial pain, electric shock sensation in cheek and spontaneous facial spasms, need medical guidance.",Trigeminal Neuralgia
Experiencing back pain caused by collapsed vertebra,Osteoporosis
Experiencing extreme fatigue,Mononucleosis
"I cannot sleep because of nausea, dark urine and yellowing of skin and eyes.",Hepatitis A
Feeling stomach pain,Typhoid Fever
"Feeling fever, dry cough, body aches",COVID-19
"Doctor, I've had difficulty falling asleep, irritability and difficulty concentrating for the past few days.",Insomnia Disorder
Feeling loss of appetite,Chronic Kidney Disease
"Noticed severe dry mouth, infrequent urination, sunken eyes",Dehydration
My main issues right now are rapid heart rate and coughing blood.,Pulmonary Embolism
"Over the last 48 hours, I noticed dry cough and sore throat.",COVID-19
"Suffering from persistent urgent need to urinate, pain when bladder fills, pain during intercourse",Interstitial Cystitis
"I have animal bite on skin, fever, headache and agitation, what could this be?",Rabies Exposure
"Suffering from loud snoring, excessive daytime sleepiness, dry mouth on waking",Sleep Apnea
"Noticed severe painful swallowing, fever, enlarged tender neck nodes",Tonsillitis
"I feel terrible with heartburn, difficulty swallowing and chronic dry cough.",GERD
Feeling loss of joint flexibility,Osteoarthritis
"Been having persistent fatigue, foamy urine, nausea",Chronic Kidney Disease
Feeling sharp chest pain on breathing,Pulmonary Embolism
"Doctor, I've had shortness of breath, fever and rapid shallow breathing for the past few days.",Pleural Effusion
I have sharp stabbing facial pain,Trigeminal Neuralgia
"Experiencing difficulty falling asleep, waking up during the night, waking up too early",Insomnia Disorder
I have memory problems,Vitamin B12 Deficiency
I'm experiencing muffled hearing and fluid draining from ear.,Otitis Media
"Patient reports chronic lower back pain and stiffness, pain worse in mornings and improves with exercise and fatigue with increasing discomfort.",Ankylosing Spondylitis
Experiencing throbbing head pain,Migraine with Aura
"Doctor, I've had fatigue, cold intolerance, constipation",Hypothyroidism
"Experiencing bullseye skin rash, fever, swollen lymph nodes",Lyme Disease
"Patient presenting with light sensitivity, visual aura, dizziness",Migraine
My main issues right now are throbbing headache and visual aura.,Migraine
My main issues right now are frequent nighttime urination and darkened skin patches.,Diabetes Type 2
It started yesterday with chest tightness and persistent cough.,Asthma
"Suffering from sudden facial drooping, arm weakness and loss of balance, need medical guidance.",Stroke
I have hoarseness,Laryngitis
"Been having pain radiating to right shoulder, vomiting, indigestion after fatty meals",Gallstones
"Been having symmetrical joint pain in both hands, morning joint stiffness lasting >1 hour, fever",Rheumatoid Arthritis
"I cannot sleep because of chronic diarrhea, bloating and skin rash.",Celiac Disease
Woke up today with joint swelling and headache.,Chikungunya
Experiencing swollen red bumps resembling acne,Rosacea
"Over the last 48 hours, I noticed high fasting blood glucose, high triglycerides and low HDL cholesterol.",Metabolic Syndrome
Experiencing extreme sensitivity to touch,Peripheral Neuropathy
"Doctor, I've had large waist circumference, high blood pressure, high triglycerides",Metabolic Syndrome
Feeling mild chronic anemia,Thalassemia Minor
"Over the last 48 hours, I noticed burning sensation in eyes, stinging eyes and stringy mucus in eyes.",Dry Eye Syndrome
Experiencing sudden one-sided facial paralysis,Bell's Palsy
"Doctor, I've had red swollen tonsils, painful swallowing, bad breath",Tonsillitis
I cannot sleep because of bullseye skin rash and chills.,Lyme Disease
I'm experiencing eye redness and tearing.,Cluster Headache
"It started yesterday with wheezing, shortness of breath and difficulty breathing.",Asthma
"Suffering from sharp ear pain, muffled hearing, fluid draining from ear",Otitis Media
Feeling high fever,Pyelonephritis
"Experiencing shakiness, dizziness, blurred vision",Hypoglycemia
Lately I have been feeling frequent nighttime urination and dribbling after urination.,Benign Prostatic Hyperplasia
"I've been dealing with purple stretch marks, easy bruising and high blood pressure and it is getting worse.",Cushing's Syndrome
Feeling shortness of breath,Asthma
My main issues right now are temporary numbness on one side and transient vision loss.,Transient Ischemic Attack (TIA)
"It started yesterday with fatigue, unexplained weight gain, dry skin and constipation.",Hypothyroidism
Woke up today with chills and headache.,Influenza
"Been having purple stretch marks, easy bruising, muscle weakness",Cushing's Syndrome
"Patient presenting with smooth red tongue, memory problems, unsteady balance",Vitamin B12 Deficiency
"Experiencing shakiness, dizziness, confusion",Hypoglycemia
Experiencing sweating,Hypoglycemia
Experiencing acute clear skin in center of ring and skin peeling.,Fungal Skin Infection
Experiencing yellowing of skin and eyes,Hepatitis A
"Over the last 48 hours, I noticed numbness in limbs and tremor.",Multiple Sclerosis
"Lately I have been feeling sudden spinning sensation when turning head, loss of balance and nausea with head movement.",Benign Paroxysmal Positional Vertigo
"It started yesterday with chronic diarrhea, bloating and fatigue.",Celiac Disease
"I've been dealing with itchy fluid-filled blisters, fever, loss of appetite and red spots on skin and it is getting worse.",Chickenpox
Feeling shortness of breath with mild exertion,Iron Deficiency Anemia
"I've been dealing with frequent painful urination, lower abdominal pressure, cloudy foul-smelling urine and blood in urine and it is getting worse.",Acute Cystitis
"Feeling nosebleeds, blurred vision, chest tightness",Hypertension
Feeling itchy watery eyes,Allergic Rhinitis
"I'm experiencing loud snoring, gasping for air during sleep, morning headache and excessive daytime sleepiness.",Sleep Apnea
"Feeling sharp lower right abdominal pain, nausea, rebound tenderness",Appendicitis
"Been having extreme fatigue, salt cravings, nausea",Addison's Disease
It started yesterday with electric shock sensations and vision loss in one eye.,Multiple Sclerosis
"Experiencing acute crushing chest pain, pain radiating to left arm neck or jaw, severe nausea and dizziness.",Heart Attack
"Suffering from nausea, abdominal pain, yellowing of skin and eyes",Hepatitis A
Experiencing itching,Shingles
"My main issues right now are resting tremor, impaired balance, soft voice and shuffling gait.",Parkinson's Disease
"I cannot sleep because of fever, headache and red spots on skin.",Chickenpox
"I have severe itching, dry cracked scaly skin, bumps and blisters",Contact Dermatitis
Experiencing acute tunnel vision in advanced stages and blurred vision.,Glaucoma
"My main issues right now are persistent sad empty mood, loss of interest in hobbies and changes in appetite or weight.",Major Depressive Disorder
"Patient reports high fever, shivering chills, nausea and painful frequent urination with increasing discomfort.",Pyelonephritis
"Been having itchy fluid-filled blisters, loss of appetite, headache",Chickenpox
"Experiencing acute extreme fatigue, salt cravings, nausea and dizziness.",Addison's Disease
Experiencing intense itching,Urticaria
Feeling mild itching,Impetigo
"Patient presenting with breathlessness with exercise, chest tightness during activity, fatigue",Aortic Stenosis
"Feeling watery diarrhea, nausea, mild fever",Gastroenteritis
"I've been dealing with fatigue, poor appetite, dark urine and nausea and it is getting worse.",Hepatitis B
Feeling pitted thickened nails,Psoriasis
"I have gradual loss of height over time and bone fractures easily, what could this be?",Osteoporosis
"Feeling sharp ear pain, fluid draining from ear, feeling of fullness in ear",Otitis Media
"Noticed severe fatigue, dark urine, loss of appetite",Hepatitis A
Experiencing muffled hearing,Otitis Media
"Feeling crushing chest pain, cold sweat, dizziness",Heart Attack
I have prolonged step-ladder fever,Typhoid Fever
"Woke up today with temporary numbness on one side, transient vision loss and arm weakness.",Transient Ischemic Attack (TIA)
Lately I have been feeling persistent fatigue and metallic taste in mouth.,Chronic Kidney Disease
"I cannot sleep because of high fever, body ache, fatigue and dry cough.",Influenza
"Experiencing acute extreme fatigue, hyperpigmentation (darkened skin), salt cravings and nausea.",Addison's Disease
I've been dealing with fever and loss of taste or smell and it is getting worse.,COVID-19
"Patient reports sudden intense terror, trembling and fear of losing control with increasing discomfort.",Panic Disorder
"Patient presenting with watery diarrhea, stomach cramps, body aches",Gastroenteritis
It started yesterday with fever and shortness of breath.,COVID-19
"Experiencing fatigue, unsteady balance, pale or jaundiced skin",Vitamin B12 Deficiency
"Feeling chronic diarrhea, bloating, skin rash",Celiac Disease
I have stringy mucus in eyes,Dry Eye Syndrome
"I have severe upper abdominal pain radiating to back, rapid pulse, tenderness to touch",Pancreatitis
I'm experiencing chest pressure on exertion and lightheadedness.,Coronary Artery Disease
Woke up today with bleeding gums and joint and muscle aches.,Scurvy
I have dark yellow urine,Dehydration
"Experiencing sore throat, mild cough, nasal congestion",Common Cold
Feeling tiredness,Chickenpox
Feeling chest pain,Tuberculosis
Experiencing chills,Lyme Disease
"Feeling cyclical high fever, headache, fatigue",Malaria
"Patient reports easy or excessive bruising, bleeding gums and nosebleeds with increasing discomfort.",Thrombocytopenia
"Experiencing acute emotional exhaustion, cynicism and detachment, reduced personal accomplishment and digestive upset.",Chronic Stress / Burnout
I have skin warm to touch,Cellulitis
Patient reports throbbing head pain and nausea with increasing discomfort.,Migraine with Aura
"Suffering from severe crippling joint pain, rash, muscle pain and headache, need medical guidance.",Chikungunya
Experiencing itching or burning skin,Psoriasis
Experiencing cloudy or blurry vision,Cataract
I have burning stomach pain between meals,Peptic Ulcer
Woke up today with burning sensation when urinating and strong smelling urine.,Urinary Tract Infection
"Suffering from fever, fatigue, sore throat",COVID-19
"I cannot sleep because of hard dry stools, straining during bowel movements, feeling of incomplete evacuation and abdominal fullness.",Constipation
"Patient reports persistent cough, chest discomfort and mild fever with increasing discomfort.",Bronchitis
"I have sudden intense terror, pounding racing heart, chest tightness and fear of losing control, what could this be?",Panic Disorder
"Patient presenting with dizziness, shortness of breath, chest tightness",Hypertension
I cannot sleep because of fever and swollen lymph nodes in neck.,Mononucleosis
Feeling dribbling after urination,Benign Prostatic Hyperplasia
I have pain relieved by sitting up and leaning forward,Pericarditis
I have easy bruising,Cushing's Syndrome
I've been dealing with shortness of breath and blurred vision and it is getting worse.,Hypertension
I cannot sleep because of throbbing headache and dizziness.,Migraine
"My main issues right now are burning sensation in eyes, stinging eyes, scratchy feeling and blurred vision after reading.",Dry Eye Syndrome
"My main issues right now are tingling or numbness in arms or fingers, headache starting at back of neck and grinding noise when turning neck.",Cervical Spondylosis
"Been having high fever, chills, dry cough",Influenza
Feeling hair loss,Vitamin D Deficiency
Patient reports nausea and dizziness with increasing discomfort.,Migraine
"Woke up today with severe sore throat, red swollen tonsils, fever and swollen neck lymph nodes.",Pharyngitis
"Suffering from gasping for air during sleep, excessive daytime sleepiness and dry mouth on waking, need medical guidance.",Sleep Apnea
"I have round moon face, weight gain around abdomen, easy bruising",Cushing's Syndrome
Experiencing nosebleeds,Thrombocytopenia
Woke up today with mild upper right abdominal discomfort and loss of appetite.,Hepatitis C
"Noticed severe rapid pulse, fever, tenderness to touch",Pancreatitis
"Doctor, I've had mild chronic anemia and pale appearance for the past few days.",Thalassemia Minor
"Been having emotional exhaustion, frequent headaches, digestive upset",Chronic Stress / Burnout
Woke up today with sharp chest pain worse when lying down and pain relieved by sitting up and leaning forward.,Pericarditis
"Patient reports electric shock sensations, tremor, fatigue and unsteady gait with increasing discomfort.",Multiple Sclerosis
"I feel terrible with fatigue, unexplained weight gain, dry skin and muscle weakness.",Hypothyroidism
"Doctor, I've had joint and muscle aches and fatigue for the past few days.",Scurvy
I have muscle stiffness,Parkinson's Disease
"Woke up today with easy or excessive bruising, petechiae (superficial pinpoint purple spots on skin), prolonged bleeding from small cuts and bleeding gums.",Thrombocytopenia
"Woke up today with poor appetite, joint pain and nausea.",Hepatitis B
"Doctor, I've had clear runny nose, itchy roof of mouth and nasal congestion for the past few days.",Allergic Rhinitis
"I have muscle stiffness, impaired balance, shuffling gait",Parkinson's Disease
Lately I have been feeling throbbing head pain and light sensitivity.,Migraine with Aura
"Suffering from bloody diarrhea, urgent need to defecate and weight loss, need medical guidance.",Ulcerative Colitis
Lately I have been feeling lightheadedness and fainting episodes.,Arrhythmia
I have body aches,COVID-19
"Been having weak urine stream, difficulty starting urination, urinary urgency",Benign Prostatic Hyperplasia
"Feeling shivering chills, body ache, fatigue",Malaria
"Feeling shivering chills, headache, body ache",Malaria
"I have coughing blood, night sweats, fever",Tuberculosis
"Patient presenting with tingling in hands and feet, smooth red tongue, memory problems",Vitamin B12 Deficiency
"Woke up today with bullseye skin rash, fever and swollen lymph nodes.",Lyme Disease
"Clinical notes: Patient presenting with shortness of breath, nosebleeds and chest tightness.",Hypertension
"Patient presenting with neck pain and stiffness, tingling or numbness in arms or fingers, headache starting at back of neck",Cervical Spondylosis
"Doctor, I've had sudden intense terror, sweating, fear of losing control",Panic Disorder
"Doctor, I've had dull discomfort in upper right abdomen and elevated liver enzymes for the past few days.",Fatty Liver Disease
Feeling fever,Diverticulitis
"Suffering from high fever, chills, body ache",Influenza
"Doctor, I've had pain behind the eyes, joint and muscle ache, mild bleeding",Dengue Fever
"Experiencing acute headache, stomach pain, constipation or diarrhea and extreme fatigue.",Typhoid Fever
"It started yesterday with high fever, body ache, fatigue and sore throat.",Influenza
I have extreme thirst,Diabetes Type 1
"Patient reports gradual numbness in feet, burning pain in hands, tingling sensations and extreme sensitivity to touch with increasing discomfort.",Peripheral Neuropathy
I have rapidly expanding redness,Cellulitis
"I feel terrible with cyclical high fever, headache, nausea and body ache.",Malaria
"Woke up today with white or yellow coating on tonsils, painful swallowing, enlarged tender neck nodes and bad breath.",Tonsillitis
Experiencing painful swallowing,Tonsillitis
I have constipation,Hypothyroidism
"I feel terrible with extreme thirst, dry mouth, infrequent urination and sunken eyes.",Dehydration
"Clinical notes: Patient presenting with persistent sad empty mood, loss of interest in hobbies, changes in appetite or weight and feelings of worthlessness.",Major Depressive Disorder
"I have fever, loss of taste or smell, sore throat",COVID-19
"I have cloudy urine and strong smelling urine, what could this be?",Urinary Tract Infection
Experiencing acute itchy watery eyes and itchy roof of mouth.,Allergic Rhinitis
"Feeling mucus production, mild fever, wheezing",Bronchitis
It started yesterday with morning headache and dry mouth on waking.,Sleep Apnea
"I have high blood pressure and high fasting blood glucose, what could this be?",Metabolic Syndrome
"Feeling extreme fatigue, enlarged spleen, headache",Mononucleosis
I have swollen ankles,Glomerulonephritis
"It started yesterday with tightness across forehead, scalp tenderness and shoulder tension.",Tension Headache
"Patient presenting with swollen lymph nodes in neck, enlarged spleen, headache",Mononucleosis
"Experiencing acute intense fear of social interactions, fear of being judged or embarrassed and blushing and sweating around people.",Social Anxiety Disorder
I have crushing chest pain,Heart Attack
"I feel terrible with chronic diarrhea, bloating, gas and fatigue.",Celiac Disease
"It started yesterday with persistent cough for more than 3 weeks, chest pain and fever.",Tuberculosis
Patient reports visual flashes and blind spots with increasing discomfort.,Migraine with Aura
"Suffering from dizziness when rolling over in bed, loss of balance, nausea with head movement",Benign Paroxysmal Positional Vertigo
"It started yesterday with morning headache, shortness of breath and chest tightness.",Hypertension
"Noticed severe sudden facial drooping, arm weakness, slurred speech",Stroke
"Experiencing bullseye skin rash, fever, chills",Lyme Disease
Feeling arm weakness,Stroke
"I've been dealing with body ache, fatigue, headache and sore throat and it is getting worse.",Influenza
"Doctor, I've had fatigue, nausea, yellowing of skin and eyes",Hepatitis A
I feel terrible with recurrent abdominal cramps and mouth sores.,Crohn's Disease
"Woke up today with emotional exhaustion, cynicism and detachment and frequent headaches.",Chronic Stress / Burnout
I feel terrible with widespread musculoskeletal pain and tender trigger points.,Fibromyalgia
I'm experiencing emotional exhaustion and reduced personal accomplishment.,Chronic Stress / Burnout
"Patient reports frequent urge to urinate, pelvic pressure and strong smelling urine with increasing discomfort.",Urinary Tract Infection
I have fear of losing control,Panic Disorder
I cannot sleep because of frequent headaches and digestive upset.,Chronic Stress / Burnout
"Noticed severe excess facial hair, severe acne, weight gain",Polycystic Ovary Syndrome
I have waking up during the night,Insomnia Disorder
"I've been dealing with itchy fluid-filled blisters, tiredness and headache and it is getting worse.",Chickenpox
"Over the last 48 hours, I noticed fatigue and blurred vision.",Diabetes Type 1
"My main issues right now are persistent excessive worry, restlessness, difficulty concentrating and sleep disturbance.",Generalized Anxiety Disorder
I cannot sleep because of joint aches and jaundice.,Hepatitis C
"Experiencing acute numbness in limbs, vision loss in one eye and unsteady gait.",Multiple Sclerosis
"Suffering from trembling, feeling of choking, fear of losing control",Panic Disorder
Feeling blotchy skin rash,Measles
"Suffering from profuse watery diarrhea, vomiting, sunken eyes",Cholera
"Woke up today with restlessness, difficulty concentrating and irritability.",Generalized Anxiety Disorder
I have pale or jaundiced skin,Vitamin B12 Deficiency
"I feel terrible with burning stomach, bloating, loss of appetite and belching.",Gastritis
"Experiencing numbness in limbs, tremor, fatigue",Multiple Sclerosis
"Patient reports constant severe lower left abdominal pain, bloating and abdominal tenderness with increasing discomfort.",Diverticulitis
I have cramping abdominal pain,Ulcerative Colitis
"Lately I have been feeling fluid draining from ear, feeling of fullness in ear and irritability.",Otitis Media
"Patient reports chest pain on deep inhalation, shortness of breath and rapid shallow breathing with increasing discomfort.",Pleural Effusion
"I have headache and reduced smell, what could this be?",Sinusitis
Feeling flank pain on one side,Pyelonephritis
I've been dealing with skin rash and iron deficiency and it is getting worse.,Celiac Disease
I have chronic dry cough,GERD
"It started yesterday with fluttering in chest, racing heartbeat and fainting episodes.",Arrhythmia
"Over the last 48 hours, I noticed extreme fatigue and brittle nails.",Iron Deficiency Anemia
I have sudden spinning sensation when turning head,Benign Paroxysmal Positional Vertigo
"My main issues right now are constant severe lower left abdominal pain, nausea, bloating and abdominal tenderness.",Diverticulitis
"Suffering from hoarseness, loss of voice, tickling sensation in throat",Laryngitis
"Patient presenting with cynicism and detachment, frequent headaches, digestive upset",Chronic Stress / Burnout
I'm experiencing sleep disturbances and tender trigger points.,Fibromyalgia
"Feeling shortness of breath with exertion, excess sputum, chest tightness",COPD
Feeling low-grade fever,Acute Cystitis
"I have muscle tension, irritability, sleep disturbance",Generalized Anxiety Disorder
"Over the last 48 hours, I noticed pink or cola-colored urine, foamy urine, facial puffiness in mornings and swollen ankles.",Glomerulonephritis
"It started yesterday with dry cracked skin patches, red to brownish-gray patches and small raised bumps.",Eczema
"It started yesterday with abdominal cramping, gas, alternating diarrhea and constipation and food intolerance.",Irritable Bowel Syndrome
I have fatigue,Celiac Disease
"Experiencing persistent excessive worry, restlessness, muscle tension",Generalized Anxiety Disorder
Experiencing sore throat,Influenza
"Noticed severe acid regurgitation, chest burning, chronic dry cough",GERD
"Experiencing red swollen tender skin area, skin warm to touch, rapidly expanding redness",Cellulitis
I feel terrible with excess facial hair and severe acne.,Polycystic Ovary Syndrome
I have irritability,Insomnia Disorder
"I have fatigue, yellowing of skin and eyes, dark urine and joint pain, what could this be?",Hepatitis B
"I'm experiencing severe headache, pain behind the eyes, joint and muscle ache and mild bleeding.",Dengue Fever
Woke up today with shortness of breath with exertion and fatigue.,COPD
I have fever,Rheumatoid Arthritis
Experiencing constipation,Hypothyroidism
"Patient reports mucus production, chest discomfort and wheezing with increasing discomfort.",Bronchitis
I cannot sleep because of persistent excessive worry and irritability.,Generalized Anxiety Disorder
"Doctor, I've had extreme fatigue, pale skin, cold hands and feet and brittle nails for the past few days.",Iron Deficiency Anemia
Feeling chest burning,GERD
Experiencing pimples with pus (pustules),Acne Vulgaris
"I feel terrible with emotional exhaustion, cynicism and detachment, frequent headaches and digestive upset.",Chronic Stress / Burnout
"Patient reports cough, runny nose, red watery eyes and tiny white spots inside mouth with increasing discomfort.",Measles
I have shortness of breath with mild exertion,Iron Deficiency Anemia
I have fever,Pericarditis
"My main issues right now are persistent sad empty mood, loss of interest in hobbies, fatigue and difficulty sleeping.",Major Depressive Disorder
Clinical notes: Patient presenting with body aches and stiff neck.,Lyme Disease
I've been dealing with rapid pulse and fever and it is getting worse.,Pancreatitis
I'm experiencing blind spots and tingling in face or hands.,Migraine with Aura
"Patient presenting with bone pain, muscle weakness, hair loss",Vitamin D Deficiency
"Experiencing dark yellow urine, dry mouth, infrequent urination",Dehydration
Experiencing acute headache and agitation.,Rabies Exposure
Experiencing facial puffiness in mornings,Glomerulonephritis
Feeling rectal pain,Ulcerative Colitis
"Noticed severe fatigue, dark urine, yellowing of skin and eyes",Hepatitis A
"Clinical notes: Patient presenting with shortness of breath with exertion, wheezing and chest tightness.",COPD
Lately I have been feeling muffled hearing and irritability.,Otitis Media
Feeling burning localized pain,Shingles
"Clinical notes: Patient presenting with upper abdominal pain, burning stomach, nausea and bloating.",Gastritis
"Patient presenting with poor appetite, yellowing of skin and eyes, joint pain",Hepatitis B
Feeling red spots on skin,Chickenpox
"Lately I have been feeling throbbing headache, nausea, light sensitivity and sound sensitivity.",Migraine
"Experiencing sharp stabbing facial pain, electric shock sensation in cheek, spontaneous facial spasms",Trigeminal Neuralgia
"Been having restlessness, muscle tension, irritability",Generalized Anxiety Disorder
"Been having throbbing headache, nausea, dizziness",Migraine
Feeling stiff neck,Lyme Disease
"I'm experiencing shortness of breath when lying flat, swelling in legs and ankles and rapid weight gain from fluid.",Heart Failure
"Noticed severe high blood pressure, high triglycerides, low HDL cholesterol",Metabolic Syndrome
"I have frequent urge to urinate, cloudy urine, pelvic pressure",Urinary Tract Infection
My main issues right now are tiny white spots inside mouth and blotchy skin rash.,Measles
"Suffering from blackheads and whiteheads and tender red bumps (papules), need medical guidance.",Acne Vulgaris
"Patient reports shortness of breath, dry persistent cough, fever and rapid shallow breathing with increasing discomfort.",Pleural Effusion
"It started yesterday with emotional exhaustion, chronic physical fatigue and frequent headaches.",Chronic Stress / Burnout
I feel terrible with itchy fluid-filled blisters and fever.,Chickenpox
"Experiencing acute fear of being judged or embarrassed, blushing and sweating around people and avoidance of social situations.",Social Anxiety Disorder
"Suffering from sharp chest pain on breathing and dizziness, need medical guidance.",Pulmonary Embolism
I have gradual loss of peripheral vision,Glaucoma
Feeling confusion,Hypoglycemia
"Over the last 48 hours, I noticed tremor and vision loss in one eye.",Multiple Sclerosis
"Woke up today with fluid draining from ear, fever and feeling of fullness in ear.",Otitis Media
"Doctor, I've had hard dry stools, feeling of incomplete evacuation, abdominal fullness",Constipation
"I cannot sleep because of nausea, light sensitivity and dizziness.",Migraine
"I feel terrible with temporary numbness on one side, transient vision loss, temporary dizziness and arm weakness.",Transient Ischemic Attack (TIA)
"Patient reports changes in appetite or weight, feelings of worthlessness and difficulty sleeping with increasing discomfort.",Major Depressive Disorder
"I cannot sleep because of rapid heart rate upon standing, extreme fatigue and palpitations.",Postural Orthostatic Tachycardia (POTS)
"Patient presenting with nausea, body aches, dehydration",Gastroenteritis
"Experiencing acute facial pain, nasal congestion, headache and pressure around eyes.",Sinusitis
"Experiencing symmetrical joint pain in both hands, fatigue, fever",Rheumatoid Arthritis
"Suffering from round moon face, weight gain around abdomen, muscle weakness",Cushing's Syndrome
"I cannot sleep because of high fever, cough with phlegm and rapid breathing.",Pneumonia
"Suffering from chronic diarrhea, weight loss, fatigue and iron deficiency, need medical guidance.",Celiac Disease
"I have severe sore throat, swollen lymph nodes in neck, enlarged spleen",Mononucleosis
Feeling blurred vision,Hypertension
"Experiencing acute tingling in hands and feet, fatigue, unsteady balance and pale or jaundiced skin.",Vitamin B12 Deficiency
Feeling loss of voice,Laryngitis
"Noticed severe headache, constipation or diarrhea, extreme fatigue",Typhoid Fever
Feeling bad breath,Tonsillitis
I have muscle weakness,Cushing's Syndrome
I have clear runny nose,Allergic Rhinitis
Lately I have been feeling prolonged step-ladder fever and headache.,Typhoid Fever
Feeling chronic fatigue,Hepatitis C
"It started yesterday with chronic pelvic pain, persistent urgent need to urinate and pain during intercourse.",Interstitial Cystitis
"Lately I have been feeling round moon face, weight gain around abdomen, purple stretch marks and easy bruising.",Cushing's Syndrome
Feeling loss of interest in hobbies,Major Depressive Disorder
"Clinical notes: Patient presenting with sudden intense terror, pounding racing heart, chest tightness and trembling.",Panic Disorder
Feeling fever,Pancreatitis
"Patient presenting with severe headache, joint and muscle ache, mild bleeding",Dengue Fever
Lately I have been feeling feeling of fullness in ear and irritability.,Otitis Media
Experiencing chronic lower back pain and stiffness,Ankylosing Spondylitis
I have bone pain,Vitamin D Deficiency
Woke up today with tightness across forehead and scalp tenderness.,Tension Headache
I have temporary confusion,Epilepsy
Lately I have been feeling intense itching worse at night and thin wavy burrow tracks on skin.,Scabies
"Clinical notes: Patient presenting with red swollen tonsils, painful swallowing, fever and enlarged tender neck nodes.",Tonsillitis
Clinical notes: Patient presenting with vomiting and painful frequent urination.,Pyelonephritis
Patient reports extreme thirst and dry mouth with increasing discomfort.,Dehydration
"Doctor, I've had pain radiating to lower abdomen and groin and blood in urine for the past few days.",Kidney Stones
"Been having fever, chills, stiff neck",Lyme Disease
It started yesterday with electric shock sensation in cheek and spontaneous facial spasms.,Trigeminal Neuralgia
I have excess sputum,COPD
I feel terrible with muscle weakness and chronic fatigue.,Vitamin D Deficiency
Experiencing lower abdominal pressure,Acute Cystitis
"Noticed severe severe headache, joint and muscle ache, skin rash",Dengue Fever
"Experiencing acute bleeding gums, bruising easily, fatigue and slow wound healing.",Scurvy
"I have chest tightness, sweating, trembling",Panic Disorder
I'm experiencing gritty feeling in eye and itchy eyes.,Conjunctivitis
"Suffering from muscle cramps and spasms, confusion, dizziness",Electrolyte Imbalance
"Patient reports constant severe lower left abdominal pain, nausea and constipation with increasing discomfort.",Diverticulitis
Experiencing acute slow movement and soft voice.,Parkinson's Disease
"I have fatigue, abdominal pain and dark urine, what could this be?",Hepatitis A
"I'm experiencing chills, body aches and stiff neck.",Lyme Disease
"Been having chest pain on deep inhalation, shortness of breath, fever",Pleural Effusion
"Woke up today with dizziness, nosebleeds and blurred vision.",Hypertension
"I have persistent fatigue, loss of appetite and metallic taste in mouth, what could this be?",Chronic Kidney Disease
"Suffering from swelling in one calf or leg, throbbing calf pain, warmth in affected leg",Deep Vein Thrombosis
I have slight liver enlargement,Fatty Liver Disease
"Suffering from burning sensation in eyes, scratchy feeling, stringy mucus in eyes",Dry Eye Syndrome
"It started yesterday with frequent sneezing, itchy watery eyes, clear runny nose and nasal congestion.",Allergic Rhinitis
I have nasal congestion,Allergic Rhinitis
Feeling persistent sad empty mood,Major Depressive Disorder
"Suffering from extreme fatigue, nausea and dizziness, need medical guidance.",Addison's Disease
I have dizziness on standing,Postural Orthostatic Tachycardia (POTS)
"Doctor, I've had brief speech slurring and arm weakness for the past few days.",Transient Ischemic Attack (TIA)
I have painful frequent urination,Pyelonephritis
"I'm experiencing rapid heart rate, unintended weight loss, heat intolerance and trembling hands.",Hyperthyroidism
"Doctor, I've had unintended weight loss, trembling hands, bulging eyes",Hyperthyroidism
"Clinical notes: Patient presenting with heartburn, acid regurgitation, chest burning and chronic dry cough.",GERD
Experiencing acute fear of being judged or embarrassed and avoidance of social situations.,Social Anxiety Disorder
My main issues right now are loss of appetite and red spots on skin.,Chickenpox
"Over the last 48 hours, I noticed chest pain and rapid breathing.",Pneumonia
"Over the last 48 hours, I noticed symmetrical joint pain in both hands and fever.",Rheumatoid Arthritis
I have purple stretch marks,Cushing's Syndrome
"I've been dealing with fatigue, changes in appetite or weight, feelings of worthlessness and difficulty sleeping and it is getting worse.",Major Depressive Disorder
"Doctor, I've had hard dry stools, feeling of incomplete evacuation, bloating",Constipation
"Patient presenting with bloody diarrhea, urgent need to defecate, weight loss",Ulcerative Colitis
"I have eye redness, nasal congestion on one side and restlessness, what could this be?",Cluster Headache
"I cannot sleep because of extreme fatigue, fever, severe sore throat and enlarged spleen.",Mononucleosis
Feeling bloody diarrhea,Ulcerative Colitis
"Doctor, I've had fluttering in chest and dizziness for the past few days.",Arrhythmia
"Been having excess facial hair, severe acne, thinning hair on scalp",Polycystic Ovary Syndrome
"Been having dry cracked skin patches, small raised bumps, raw sensitive skin from scratching",Eczema
"Doctor, I've had crushing chest pain, pain radiating to left arm neck or jaw and severe nausea for the past few days.",Heart Attack
"Clinical notes: Patient presenting with morning headache, dizziness, shortness of breath and chest tightness.",Hypertension
"Woke up today with tremor, fatigue and unsteady gait.",Multiple Sclerosis
I have loss of consciousness,Epilepsy
Feeling weight gain,Polycystic Ovary Syndrome
"I have bloating and unexplained weight loss, what could this be?",Peptic Ulcer
"Experiencing sharp lower right abdominal pain, low-grade fever, rebound tenderness",Appendicitis
"I cannot sleep because of chest pain on deep inhalation, shortness of breath, fever and rapid shallow breathing.",Pleural Effusion
Experiencing acute high fever and vomiting.,Pyelonephritis
Woke up today with loss of voice and tickling sensation in throat.,Laryngitis
"I feel terrible with persistent sad empty mood, fatigue and difficulty sleeping.",Major Depressive Disorder
Feeling loss of balance,Stroke
"Been having red rash localized to area of contact, severe itching, burning sensation",Contact Dermatitis
"Experiencing emotional exhaustion, reduced personal accomplishment, frequent headaches",Chronic Stress / Burnout
Experiencing persistent cough,Bronchitis
"Noticed severe frequent nighttime urination, tingling in hands and feet, darkened skin patches",Diabetes Type 2
I cannot sleep because of profuse watery diarrhea and rapid dehydration.,Cholera
Experiencing pitted fingernails,Alopecia Areata
Feeling increased thirst,Diabetes Type 2
Feeling slight fatigue,Thalassemia Minor
Clinical notes: Patient presenting with frequent painful urination and lower abdominal pressure.,Acute Cystitis
"Patient presenting with morning headache, dizziness, blurred vision",Hypertension
"Been having gasping for air during sleep, excessive daytime sleepiness, dry mouth on waking",Sleep Apnea
"Patient presenting with dizziness, nosebleeds, chest tightness",Hypertension
Experiencing fatigue,Rheumatoid Arthritis
I have persistent diarrhea,Crohn's Disease
"I'm experiencing red sores around nose and mouth, sores rupture and form honey-colored crusts, mild itching and painless sores.",Impetigo
Experiencing shoulder tension,Tension Headache
Feeling fatigue,Malaria
I have nausea with head movement,Benign Paroxysmal Positional Vertigo
"Doctor, I've had nausea, abdominal pain, pale stools and yellowing of skin and eyes for the past few days.",Hepatitis A
Patient reports loss of appetite and belching with increasing discomfort.,Gastritis
"Experiencing acute morning headache, shortness of breath, blurred vision and chest tightness.",Hypertension
"Suffering from burning localized pain and fluid-filled blisters on one side of body, need medical guidance.",Shingles
Experiencing tingling in hands and feet,Vitamin B12 Deficiency
"Over the last 48 hours, I noticed itchy watery eyes, clear runny nose, itchy roof of mouth and nasal congestion.",Allergic Rhinitis
I cannot sleep because of fatigue and changes in appetite or weight.,Major Depressive Disorder
"Doctor, I've had emotional exhaustion, cynicism and detachment, chronic physical fatigue and frequent headaches for the past few days.",Chronic Stress / Burnout
"Patient presenting with sudden spinning sensation when turning head, dizziness when rolling over in bed, loss of balance",Benign Paroxysmal Positional Vertigo
"Suffering from fatigue, abdominal pain, dark urine and pale stools, need medical guidance.",Hepatitis A
"Feeling cough with phlegm, chills, rapid breathing",Pneumonia
"It started yesterday with smooth red tongue, fatigue, memory problems and pale or jaundiced skin.",Vitamin B12 Deficiency
I have profuse watery diarrhea,Cholera
"I've been dealing with dizziness on standing, brain fog, trembling and palpitations and it is getting worse.",Postural Orthostatic Tachycardia (POTS)
"Suffering from cough with phlegm, chest pain, shortness of breath and fatigue, need medical guidance.",Pneumonia
"Experiencing rapid heart rate upon standing, brain fog, extreme fatigue",Postural Orthostatic Tachycardia (POTS)
I've been dealing with unintended weight loss and extreme hunger and it is getting worse.,Diabetes Type 1
"Noticed severe weak urine stream, difficulty starting urination, frequent nighttime urination",Benign Prostatic Hyperplasia
"Patient presenting with tender warm swollen joints, morning joint stiffness lasting >1 hour, fever",Rheumatoid Arthritis
"I feel terrible with stomach cramps, nausea, body aches and dehydration.",Gastroenteritis
"Experiencing acute persistent cough, chest discomfort and wheezing.",Bronchitis
Experiencing limited range of motion,Gout
"I'm experiencing red swollen tonsils, white or yellow coating on tonsils and enlarged tender neck nodes.",Tonsillitis
"I cannot sleep because of red skin patches covered with thick silvery scales, dry cracked skin that may bleed and pitted thickened nails.",Psoriasis
Experiencing drooling,Bell's Palsy
I have dull discomfort in upper right abdomen,Fatty Liver Disease
"I have severe sharp flank pain and painful urination, what could this be?",Kidney Stones
Experiencing daytime fatigue,Insomnia Disorder
I have cloudy urine,Urinary Tract Infection
Experiencing acute difficulty falling asleep and waking up too early.,Insomnia Disorder
"I feel terrible with nausea, light sensitivity and sound sensitivity.",Migraine
Feeling pressure in chest relieved by rest,Angina Pectoris
"My main issues right now are numbness in limbs, electric shock sensations, fatigue and unsteady gait.",Multiple Sclerosis
Experiencing sleep disturbances,Fibromyalgia
Experiencing memory problems,Vitamin B12 Deficiency
I have chest tightness,Asthma
"Patient reports bloody diarrhea, urgent need to defecate and cramping abdominal pain with increasing discomfort.",Ulcerative Colitis
I feel terrible with sweating and anxiety.,Hyperthyroidism
"Suffering from sudden high fever, joint and muscle ache, mild bleeding",Dengue Fever
Experiencing rapid heart rate,Pulmonary Embolism
It started yesterday with throbbing headache and light sensitivity.,Migraine
"My main issues right now are nausea, light sensitivity, sound sensitivity and visual aura.",Migraine
Feeling fatigue,Celiac Disease
Experiencing acute bloating and loss of appetite.,Gastritis
Experiencing dry cough,COVID-19
"Doctor, I've had excess facial hair, thinning hair on scalp and ovarian cysts for the past few days.",Polycystic Ovary Syndrome
"I'm experiencing headache, stomach pain, rose-colored rash and extreme fatigue.",Typhoid Fever
"It started yesterday with cynicism and detachment, chronic physical fatigue and frequent headaches.",Chronic Stress / Burnout
"Been having gritty feeling in eye, watery discharge, crusty eyelids in morning",Conjunctivitis
Patient reports corkscrew body hair and slow wound healing with increasing discomfort.,Scurvy
"Lately I have been feeling coughing blood, night sweats and fever.",Tuberculosis
"Been having large waist circumference, high fasting blood glucose, high triglycerides",Metabolic Syndrome
"Patient presenting with red rash localized to area of contact, dry cracked scaly skin, bumps and blisters",Contact Dermatitis
"Over the last 48 hours, I noticed fatigue, abdominal pain and yellowing of skin and eyes.",Hepatitis A
"I have vomiting and sunken eyes, what could this be?",Cholera
"Over the last 48 hours, I noticed high fever, cough and runny nose.",Measles
I have sharp chest pain on breathing,Pulmonary Embolism
"Woke up today with unintended weight loss, heat intolerance and sweating.",Hyperthyroidism
Woke up today with brain fog and extreme fatigue.,Postural Orthostatic Tachycardia (POTS)
"Clinical notes: Patient presenting with sudden one-sided facial paralysis, drooping mouth and inability to close one eye.",Bell's Palsy
"Suffering from extreme fatigue and cold hands and feet, need medical guidance.",Iron Deficiency Anemia
"I have extreme fatigue, weakness, shortness of breath with mild exertion",Iron Deficiency Anemia
"Lately I have been feeling facial pain, thick nasal discharge, headache and pressure around eyes.",Sinusitis
"It started yesterday with weight gain around abdomen, easy bruising, high blood pressure and muscle weakness.",Cushing's Syndrome
"Feeling burning localized pain, fluid-filled blisters on one side of body, itching",Shingles
"Experiencing acid regurgitation, difficulty swallowing, sour taste in mouth",GERD
Feeling visible broken blood vessels,Rosacea
"Doctor, I've had extreme fatigue, weakness, cold hands and feet",Iron Deficiency Anemia
Feeling cold sweat,Heart Attack
Patient reports dry persistent cough and rapid shallow breathing with increasing discomfort.,Pleural Effusion
I've been dealing with pain radiating to right shoulder and vomiting and it is getting worse.,Gallstones
I have brief speech slurring,Transient Ischemic Attack (TIA)
Experiencing acute severe sharp flank pain and nausea.,Kidney Stones
"Over the last 48 hours, I noticed nausea, loss of appetite and rebound tenderness.",Appendicitis
Experiencing itching around anus,Hemorrhoids
I have numbness in leg or foot,Sciatica
"I've been dealing with unintended weight loss, fatigue and blurred vision and it is getting worse.",Diabetes Type 1
Feeling food intolerance,Irritable Bowel Syndrome
Experiencing grinding noise when turning neck,Cervical Spondylosis
Experiencing intense fear of social interactions,Social Anxiety Disorder
Feeling weakness,Iron Deficiency Anemia
I have headache,Chickenpox
It started yesterday with chills and fatigue.,Influenza
"Woke up today with dull ache when moving affected tendon, tenderness to touch and mild swelling.",Tendinitis
"Feeling dizziness, shortness of breath, blurred vision",Hypertension
"I cannot sleep because of resting tremor, muscle stiffness, slow movement and soft voice.",Parkinson's Disease
"I've been dealing with heat intolerance, trembling hands and bulging eyes and it is getting worse.",Hyperthyroidism
I've been dealing with persistent excessive worry and muscle tension and it is getting worse.,Generalized Anxiety Disorder
"I'm experiencing high fever, flank pain on one side, shivering chills and painful frequent urination.",Pyelonephritis
"Noticed severe headache, reduced smell, pressure around eyes",Sinusitis
"Been having brief speech slurring, transient vision loss, temporary dizziness",Transient Ischemic Attack (TIA)
Feeling throbbing headache,Migraine
I have lower abdominal pressure,Acute Cystitis
"Suffering from muffled hearing, fluid draining from ear, feeling of fullness in ear and irritability, need medical guidance.",Otitis Media
My main issues right now are excess facial hair and weight gain.,Polycystic Ovary Syndrome
"Over the last 48 hours, I noticed red swollen tonsils, fever and bad breath.",Tonsillitis
"Suffering from urgent need to defecate, cramping abdominal pain, rectal pain and fever, need medical guidance.",Ulcerative Colitis
"It started yesterday with irregular heartbeat, dizziness and numbness in fingers.",Electrolyte Imbalance
"Suffering from high fever, runny nose, red watery eyes and tiny white spots inside mouth, need medical guidance.",Measles
Lately I have been feeling loss of interest in hobbies and difficulty sleeping.,Major Depressive Disorder
"Clinical notes: Patient presenting with fluttering in chest, racing heartbeat, slow heartbeat and fainting episodes.",Arrhythmia
I have uncontrolled jerking movements,Epilepsy
"I have cough, red watery eyes, tiny white spots inside mouth and blotchy skin rash, what could this be?",Measles
I've been dealing with drooling and loss of taste and it is getting worse.,Bell's Palsy
"I have slurred speech, loss of balance, vision loss",Stroke
"I'm experiencing fever, shortness of breath and sore throat.",COVID-19
I have fever,Otitis Media
"I'm experiencing chills, body ache and dry cough.",Influenza
Experiencing sudden shortness of breath,Pulmonary Embolism
"I have waking up during the night and irritability, what could this be?",Insomnia Disorder
I cannot sleep because of tickling sensation in throat and dry cough.,Laryngitis
Feeling staring spells,Epilepsy
I have joint and muscle ache,Dengue Fever
"Lately I have been feeling sudden facial drooping, arm weakness, sudden severe headache and vision loss.",Stroke
I'm experiencing chest discomfort and mild fever.,Bronchitis
Experiencing arm weakness,Transient Ischemic Attack (TIA)
"Suffering from fatigue, unexplained weight gain, constipation and brittle hair, need medical guidance.",Hypothyroidism
"I'm experiencing fatigue, feelings of worthlessness and difficulty sleeping.",Major Depressive Disorder
Experiencing difficulty falling asleep,Insomnia Disorder
I have foamy urine,Glomerulonephritis
"Patient presenting with sweating, rapid heartbeat, hunger",Hypoglycemia
"My main issues right now are throbbing headache, nausea and visual aura.",Migraine
"Suffering from sores rupture and form honey-colored crusts and painless sores, need medical guidance.",Impetigo
Experiencing acute burning sensation in eyes and blurred vision after reading.,Dry Eye Syndrome
I have fatigue,COVID-19
"Been having wheezing, shortness of breath, difficulty breathing",Asthma
I feel terrible with muscle pain and headache.,Chikungunya
"Suffering from smooth red tongue and pale or jaundiced skin, need medical guidance.",Vitamin B12 Deficiency
"Patient reports blind spots, tingling in face or hands, throbbing head pain and nausea with increasing discomfort.",Migraine with Aura
"Patient reports uncontrolled jerking movements, loss of consciousness and staring spells with increasing discomfort.",Epilepsy
"I'm experiencing difficulty starting urination, frequent nighttime urination and urinary urgency.",Benign Prostatic Hyperplasia
"Noticed severe frequent painful urination, cloudy foul-smelling urine, low-grade fever",Acute Cystitis
"Feeling heartburn, chest burning, chronic dry cough",GERD
"Experiencing watery diarrhea, vomiting, dehydration",Gastroenteritis
I'm experiencing intense skin itching and small raised bumps.,Eczema
Feeling coldness in lower leg or foot,Peripheral Artery Disease
"Woke up today with sudden facial drooping, arm weakness and vision loss.",Stroke
"Suffering from petechiae (superficial pinpoint purple spots on skin) and prolonged bleeding from small cuts, need medical guidance.",Thrombocytopenia
I've been dealing with nausea and abdominal tenderness and it is getting worse.,Diverticulitis
"Suffering from uncontrolled jerking movements, loss of consciousness, aura",Epilepsy
"It started yesterday with severe headache, joint and muscle ache, skin rash and mild bleeding.",Dengue Fever
"Doctor, I've had cyclical high fever, shivering chills, profuse sweating",Malaria
"Experiencing thick nasal discharge, headache, reduced smell",Sinusitis
"I have fluid draining from ear, feeling of fullness in ear, irritability",Otitis Media
"Experiencing acute flank pain on one side, vomiting and painful frequent urination.",Pyelonephritis
"Patient reports widespread musculoskeletal pain, chronic fatigue, sleep disturbances and tender trigger points with increasing discomfort.",Fibromyalgia
Woke up today with chest tightness and feeling of choking.,Panic Disorder
"Noticed severe sudden high fever, pain behind the eyes, skin rash",Dengue Fever
"Feeling high fever, body ache, sore throat",Influenza
Experiencing nausea,Gastritis
"My main issues right now are runny nose, sore throat and mild cough.",Common Cold
"Noticed severe sudden high fever, severe headache, pain behind the eyes",Dengue Fever
Experiencing rebound tenderness,Appendicitis
"Feeling joint stiffness in mornings, loss of joint flexibility, grating sensation",Osteoarthritis
Clinical notes: Patient presenting with cloudy or blurry vision and frequent eyeglasses changes.,Cataract
I have clear skin in center of ring,Fungal Skin Infection
Experiencing acute waking up too early and irritability.,Insomnia Disorder
"Feeling dry cough, fatigue, sore throat",COVID-19
"Patient reports increased thirst, frequent nighttime urination and darkened skin patches with increasing discomfort.",Diabetes Type 2
"Doctor, I've had extreme fatigue, weakness and brittle nails for the past few days.",Iron Deficiency Anemia
"Suffering from rash, muscle pain, headache",Chikungunya
I have difficulty sleeping,Major Depressive Disorder
I have feeling of fullness in ear,Otitis Media
I have feeling of choking,Panic Disorder
"Doctor, I've had animal bite on skin, headache, agitation",Rabies Exposure
Woke up today with shortness of breath when lying flat and swelling in legs and ankles.,Heart Failure
Experiencing rapid weight gain from fluid,Heart Failure
"Suffering from blurred vision and chest tightness, need medical guidance.",Hypertension
"I have cramping leg pain when walking (claudication) and slow-healing sores on toes, what could this be?",Peripheral Artery Disease
I have blushing and sweating around people,Social Anxiety Disorder
"I have abrupt high fever, rash, headache",Chikungunya
"Clinical notes: Patient presenting with waking up during the night, waking up too early, irritability and difficulty concentrating.",Insomnia Disorder
"Over the last 48 hours, I noticed frequent sneezing, clear runny nose and itchy roof of mouth.",Allergic Rhinitis
"My main issues right now are uncontrolled jerking movements, temporary confusion, loss of consciousness and staring spells.",Epilepsy
It started yesterday with bloody diarrhea and urgent need to defecate.,Ulcerative Colitis
"Feeling sudden intense joint pain in big toe, swelling and redness of big toe, limited range of motion",Gout
Feeling brittle hair,Hypothyroidism
Experiencing acute dry cough and shortness of breath.,COVID-19
"I've been dealing with vomiting, rapid dehydration, sunken eyes and low blood pressure and it is getting worse.",Cholera
Experiencing fever,COVID-19
Feeling animal bite on skin,Rabies Exposure
"Patient presenting with abdominal pain, dark urine, yellowing of skin and eyes",Hepatitis A
"Patient presenting with profuse sweating, headache, fatigue",Malaria
I have severe crippling joint pain,Chikungunya
Feeling spontaneous facial spasms,Trigeminal Neuralgia
"Feeling tightness across forehead, scalp tenderness, shoulder tension",Tension Headache
My main issues right now are weight loss and rectal bleeding.,Crohn's Disease
"Experiencing acute bone pain, frequent infections, low mood and hair loss.",Vitamin D Deficiency
"Feeling extreme fatigue, cold hands and feet, shortness of breath with mild exertion",Iron Deficiency Anemia
I'm experiencing frequent sneezing and nasal congestion.,Allergic Rhinitis
"Suffering from bleeding gums, bruising easily and joint and muscle aches, need medical guidance.",Scurvy
Experiencing unintended weight loss,Diabetes Type 1
"I have stooped posture and back pain caused by collapsed vertebra, what could this be?",Osteoporosis
My main issues right now are frequent sneezing and itchy watery eyes.,Allergic Rhinitis
"It started yesterday with profuse watery diarrhea, vomiting and rapid dehydration.",Cholera
"My main issues right now are extreme fatigue, fever, severe sore throat and swollen lymph nodes in neck.",Mononucleosis
"My main issues right now are white or yellow coating on tonsils, painful swallowing and enlarged tender neck nodes.",Tonsillitis
"Suffering from sudden facial drooping, arm weakness, loss of balance",Stroke
"Been having pale stools, yellowing of skin and eyes, loss of appetite",Hepatitis A
"Suffering from sudden facial drooping, slurred speech, loss of balance and vision loss, need medical guidance.",Stroke
Clinical notes: Patient presenting with rapid heartbeat and hunger.,Hypoglycemia
"I cannot sleep because of skin warm to touch, rapidly expanding redness and fever.",Cellulitis
"Suffering from runny nose, mild cough and mild headache, need medical guidance.",Common Cold
"Patient presenting with sharp chest pain on breathing, rapid heart rate, coughing blood",Pulmonary Embolism
"Experiencing chronic diarrhea, weight loss, iron deficiency",Celiac Disease
"Clinical notes: Patient presenting with high fever, flank pain on one side and nausea.",Pyelonephritis
"Patient presenting with shakiness, rapid heartbeat, blurred vision",Hypoglycemia
"It started yesterday with morning headache, shortness of breath and blurred vision.",Hypertension
Feeling itching or burning skin,Psoriasis
I feel terrible with visual aura and dizziness.,Migraine
I have painless sores,Impetigo
Feeling tenderness to touch,Pancreatitis
Experiencing muscle weakness,Cushing's Syndrome
"Over the last 48 hours, I noticed chest tightness and fear of losing control.",Panic Disorder
"Noticed severe persistent fatigue, loss of appetite, metallic taste in mouth",Chronic Kidney Disease
Feeling blurred vision,Hypoglycemia
Experiencing sudden facial drooping,Stroke
Feeling shortness of breath,COVID-19
I have painful urination,Kidney Stones
I have pain triggered by chewing or brushing teeth,Trigeminal Neuralgia
"Been having frequent infections, low mood, hair loss",Vitamin D Deficiency
Experiencing acute bloody diarrhea and rectal pain.,Ulcerative Colitis
"Patient presenting with slow heartbeat, dizziness, lightheadedness",Arrhythmia
"Lately I have been feeling fatigue, dark urine and nausea.",Hepatitis B
I have soft voice,Parkinson's Disease
I have sudden severe headache,Stroke
"Suffering from heat intolerance, trembling hands and sweating, need medical guidance.",Hyperthyroidism
"Patient reports cough with phlegm, chest pain, chills and rapid breathing with increasing discomfort.",Pneumonia
Experiencing dropping objects,Carpal Tunnel Syndrome
Experiencing loss of joint flexibility,Osteoarthritis
"Experiencing acute visual flashes, blind spots, tingling in face or hands and throbbing head pain.",Migraine with Aura
"Suffering from bloody diarrhea and cramping abdominal pain, need medical guidance.",Ulcerative Colitis
Woke up today with easy bruising and muscle weakness.,Cushing's Syndrome
"Experiencing sudden shortness of breath, coughing blood, dizziness",Pulmonary Embolism
Lately I have been feeling sudden high fever and mild bleeding.,Dengue Fever
I feel terrible with fatigue and feelings of worthlessness.,Major Depressive Disorder
Feeling gasping for air during sleep,Sleep Apnea
Experiencing dark stools,Peptic Ulcer
"Feeling nausea, light sensitivity, dizziness",Migraine
I cannot sleep because of resting tremor and impaired balance.,Parkinson's Disease
Lately I have been feeling irregular heartbeat and confusion.,Electrolyte Imbalance
Feeling sound sensitivity,Migraine
Experiencing acute dry cracked skin that may bleed and itching or burning skin.,Psoriasis
"Suffering from burning sensation in eyes, stinging eyes, scratchy feeling",Dry Eye Syndrome
I'm experiencing numbness in leg or foot and pain worse when sitting.,Sciatica
Experiencing acute vomiting and loss of appetite.,Appendicitis
"I have dry cracked skin patches, red to brownish-gray patches, small raised bumps and raw sensitive skin from scratching, what could this be?",Eczema
My main issues right now are feelings of worthlessness and difficulty sleeping.,Major Depressive Disorder
"Clinical notes: Patient presenting with stooped posture, back pain caused by collapsed vertebra and bone fractures easily.",Osteoporosis
"I have extreme fatigue, pale skin, brittle nails",Iron Deficiency Anemia
I have joint swelling,Chikungunya
"Over the last 48 hours, I noticed yellowing of skin and eyes and dark urine.",Hepatitis B
Woke up today with nausea and vomiting.,Appendicitis
I'm experiencing wheezing and persistent cough.,Asthma
I have dark stools,Peptic Ulcer
I cannot sleep because of mild cough and nasal congestion.,Common Cold
Experiencing aura,Epilepsy
I feel terrible with fatigue and body aches.,COVID-19
I have fatigue,Coronary Artery Disease
Experiencing excessive daytime sleepiness,Sleep Apnea
"Doctor, I've had fever, constipation and bloating for the past few days.",Diverticulitis
Experiencing sharp chest pain worse when lying down,Pericarditis
"Doctor, I've had white or yellow coating on tonsils, painful swallowing, fever and enlarged tender neck nodes for the past few days.",Tonsillitis
"Experiencing acute chest pain, shortness of breath, chills and rapid breathing.",Pneumonia
"Patient presenting with sharp shooting pain from lower back down leg, numbness in leg or foot, tingling in toes",Sciatica
"Suffering from bone pain, muscle weakness, chronic fatigue",Vitamin D Deficiency
"I have sharp chest pain worse when lying down, pain relieved by sitting up and leaning forward and fever, what could this be?",Pericarditis
"I feel terrible with extreme fatigue, low blood pressure and nausea.",Addison's Disease
"Experiencing gas, fatigue, skin rash",Celiac Disease
"Over the last 48 hours, I noticed frequent painful urination, cloudy foul-smelling urine and blood in urine.",Acute Cystitis
"Woke up today with sharp chest pain worse when lying down, pain relieved by sitting up and leaning forward and heart palpitations.",Pericarditis
"I've been dealing with facial pain, thick nasal discharge, reduced smell and pressure around eyes and it is getting worse.",Sinusitis
"Patient presenting with stomach cramps, mild fever, body aches",Gastroenteritis
"I cannot sleep because of temporary numbness on one side, brief speech slurring and arm weakness.",Transient Ischemic Attack (TIA)
"I cannot sleep because of profuse watery diarrhea, rapid dehydration and sunken eyes.",Cholera
I have weight loss,Crohn's Disease
I cannot sleep because of fatigue and dull discomfort in upper right abdomen.,Fatty Liver Disease
"I'm experiencing numbness in limbs, electric shock sensations, vision loss in one eye and fatigue.",Multiple Sclerosis
"Suffering from waking up too early, daytime fatigue and irritability, need medical guidance.",Insomnia Disorder
"Patient reports rapid heart rate upon standing, trembling, extreme fatigue and palpitations with increasing discomfort.",Postural Orthostatic Tachycardia (POTS)
"Clinical notes: Patient presenting with profuse watery diarrhea, rapid dehydration, muscle cramps and low blood pressure.",Cholera
"Doctor, I've had uncontrolled jerking movements, loss of consciousness, staring spells",Epilepsy
I have upper abdominal pain,Gastritis
I cannot sleep because of pain with swallowing and red swollen tonsils.,Pharyngitis
"I'm experiencing red swollen tender skin area, rapidly expanding redness and fever.",Cellulitis
Experiencing nausea,Angina Pectoris
It started yesterday with shivering chills and painful frequent urination.,Pyelonephritis
Feeling mild cough,Common Cold
"I feel terrible with high fever, body ache and sore throat.",Influenza
Experiencing fatigue,Hypothyroidism
"I've been dealing with hyperpigmentation (darkened skin), salt cravings and dizziness and it is getting worse.",Addison's Disease
"I feel terrible with fever, enlarged tender neck nodes and bad breath.",Tonsillitis
"Patient presenting with gas, fatigue, iron deficiency",Celiac Disease
Experiencing loss of voice,Laryngitis
Feeling fever,Tonsillitis
"Lately I have been feeling eye redness, tearing, nasal congestion on one side and restlessness.",Cluster Headache
Woke up today with grating sensation and bone spurs.,Osteoarthritis
Experiencing low HDL cholesterol,Metabolic Syndrome
Feeling bone spurs,Osteoarthritis
"Been having tender warm swollen joints, fatigue, fever",Rheumatoid Arthritis
Experiencing high fever,Influenza
Experiencing eye irritation,Rosacea
Woke up today with rash and headache.,Chikungunya
"I have loud snoring, gasping for air during sleep, morning headache and dry mouth on waking, what could this be?",Sleep Apnea
"Over the last 48 hours, I noticed dizziness when rolling over in bed and nausea with head movement.",Benign Paroxysmal Positional Vertigo
"Over the last 48 hours, I noticed chills and sore throat.",Influenza
"Experiencing acute difficulty falling asleep, daytime fatigue and difficulty concentrating.",Insomnia Disorder
"I'm experiencing racing heartbeat, dizziness, lightheadedness and fainting episodes.",Arrhythmia
"I have loud snoring, gasping for air during sleep, dry mouth on waking",Sleep Apnea
I have fever,Shingles
"I have sudden intense terror, pounding racing heart, feeling of choking",Panic Disorder
"Patient reports fever, stiff neck and swollen lymph nodes with increasing discomfort.",Lyme Disease
"Patient presenting with mild fever, body aches, dehydration",Gastroenteritis
Experiencing acute fatigue and nausea.,Hepatitis B
Experiencing chest tightness,COPD
"Doctor, I've had sudden facial drooping and vision loss for the past few days.",Stroke
"Doctor, I've had shortness of breath with exertion, excess sputum, fatigue",COPD
"Patient presenting with persistent excessive worry, difficulty concentrating, sleep disturbance",Generalized Anxiety Disorder
I've been dealing with difficulty concentrating and sleep disturbance and it is getting worse.,Generalized Anxiety Disorder
"I cannot sleep because of slight fatigue, pale appearance and microcytic red blood cells on lab work.",Thalassemia Minor
"Doctor, I've had fever, loss of appetite, red spots on skin",Chickenpox
"My main issues right now are dizziness when rolling over in bed, loss of balance and nausea with head movement.",Benign Paroxysmal Positional Vertigo
"My main issues right now are numbness in limbs, tremor, fatigue and unsteady gait.",Multiple Sclerosis
Experiencing elevated liver enzymes,Fatty Liver Disease
Experiencing chills,Influenza
I have pitted thickened nails,Psoriasis
"Doctor, I've had severe acne, thinning hair on scalp and ovarian cysts for the past few days.",Polycystic Ovary Syndrome
"I have sharp stabbing facial pain, pain triggered by chewing or brushing teeth, spontaneous facial spasms",Trigeminal Neuralgia
"I feel terrible with tingling around bite site, fever, anxiety and agitation.",Rabies Exposure
Clinical notes: Patient presenting with frequent urination and extreme hunger.,Diabetes Type 1
I'm experiencing extreme sensitivity to touch and muscle weakness.,Peripheral Neuropathy
"Suffering from difficulty falling asleep, waking up during the night, waking up too early and difficulty concentrating, need medical guidance.",Insomnia Disorder
"Suffering from sudden one-sided facial paralysis, drooping mouth, inability to close one eye and loss of taste, need medical guidance.",Bell's Palsy
"Noticed severe bullseye skin rash, chills, body aches",Lyme Disease
Feeling pain triggered by chewing or brushing teeth,Trigeminal Neuralgia
"Noticed severe intense fear of social interactions, fear of being judged or embarrassed, avoidance of social situations",Social Anxiety Disorder
"I have dry cracked skin patches and small raised bumps, what could this be?",Eczema
"I cannot sleep because of rapid dehydration, sunken eyes and low blood pressure.",Cholera
"Noticed severe sudden facial drooping, sudden severe headache, loss of balance",Stroke
I have cloudy or blurry vision,Cataract
"Suffering from yellowing of skin and eyes, dark urine, nausea",Hepatitis B
"Been having sharp lower right abdominal pain, loss of appetite, rebound tenderness",Appendicitis
"Suffering from extreme fatigue, severe sore throat and enlarged spleen, need medical guidance.",Mononucleosis
"Noticed severe temporary numbness on one side, transient vision loss, arm weakness",Transient Ischemic Attack (TIA)
Feeling fever,Chickenpox
Experiencing pain when bladder fills,Interstitial Cystitis
"My main issues right now are increased thirst, tingling in hands and feet and fatigue.",Diabetes Type 2
Feeling loss of appetite,Gastritis
I have bloating,Celiac Disease
"Doctor, I've had weight loss and fatigue for the past few days.",Crohn's Disease
"Suffering from burning stomach pain between meals, feeling full too quickly, dark stools",Peptic Ulcer
I have loss of appetite,Hepatitis C
"Doctor, I've had chest burning and sour taste in mouth for the past few days.",GERD
"Been having coldness in lower leg or foot, weak pulse in legs, slow-healing sores on toes",Peripheral Artery Disease
"Suffering from rapid heart rate, heat intolerance and sweating, need medical guidance.",Hyperthyroidism
Experiencing corkscrew body hair,Scurvy
I'm experiencing nausea and dizziness.,Addison's Disease
Experiencing alternating diarrhea and constipation,Irritable Bowel Syndrome
"Patient reports muscle weakness, frequent infections and hair loss with increasing discomfort.",Vitamin D Deficiency
"I've been dealing with abrupt high fever, rash, muscle pain and headache and it is getting worse.",Chikungunya
I have persistent fatigue,Chronic Kidney Disease
"Doctor, I've had joint pain during or after movement, grating sensation, bone spurs",Osteoarthritis
"I'm experiencing increased thirst, slow-healing cuts, fatigue and darkened skin patches.",Diabetes Type 2
"I'm experiencing muscle cramps and spasms, confusion and extreme fatigue.",Electrolyte Imbalance
I have shortness of breath when lying flat,Heart Failure
"My main issues right now are high fever, body ache, headache and sore throat.",Influenza
I have abdominal cramping,Irritable Bowel Syndrome
Feeling resting tremor,Parkinson's Disease
"I feel terrible with nausea, vomiting and fever.",Pancreatitis
"It started yesterday with feeling full too quickly, bloating, nausea and dark stools.",Peptic Ulcer
"My main issues right now are red swollen tender skin area, skin warm to touch, rapidly expanding redness and fever.",Cellulitis
My main issues right now are body ache and sore throat.,Influenza
"Suffering from low blood pressure and dizziness, need medical guidance.",Addison's Disease
"Doctor, I've had reduced personal accomplishment, chronic physical fatigue and digestive upset for the past few days.",Chronic Stress / Burnout
I feel terrible with persistent diarrhea and weight loss.,Crohn's Disease
"I have constant severe lower left abdominal pain and bloating, what could this be?",Diverticulitis
"Noticed severe heat intolerance, anxiety, bulging eyes",Hyperthyroidism
"Woke up today with persistent cough for more than 3 weeks, coughing blood, unexplained weight loss and chest pain.",Tuberculosis
"Suffering from eye redness, tearing, restlessness",Cluster Headache
"Been having chronic diarrhea, bloating, gas",Celiac Disease
"I have coldness in lower leg or foot and slow-healing sores on toes, what could this be?",Peripheral Artery Disease
"Suffering from pink or cola-colored urine, foamy urine, swollen ankles",Glomerulonephritis
It started yesterday with joint and muscle aches and slow wound healing.,Scurvy
Woke up today with fatigue and rectal bleeding.,Crohn's Disease
"Experiencing acute headache, rose-colored rash and extreme fatigue.",Typhoid Fever
"Experiencing acute rapid heart rate, trembling hands and anxiety.",Hyperthyroidism
"Suffering from low blood pressure, salt cravings, dizziness",Addison's Disease
"Lately I have been feeling shivering chills, profuse sweating, body ache and fatigue.",Malaria
"Patient reports irregular periods, severe acne, thinning hair on scalp and weight gain with increasing discomfort.",Polycystic Ovary Syndrome
I cannot sleep because of sneezing and mild cough.,Common Cold
I'm experiencing muscle weakness and hair loss.,Vitamin D Deficiency
"Feeling painful swallowing, enlarged tender neck nodes, bad breath",Tonsillitis
"Been having easy or excessive bruising, petechiae (superficial pinpoint purple spots on skin), prolonged bleeding from small cuts",Thrombocytopenia
"I cannot sleep because of burning sensation in eyes, stinging eyes and blurred vision after reading.",Dry Eye Syndrome
"I have high blood pressure, high fasting blood glucose, low HDL cholesterol",Metabolic Syndrome
Experiencing fatigue,Pneumonia
Experiencing skin rash,Celiac Disease
"Experiencing excruciating pain around one eye, eye redness, restlessness",Cluster Headache
"Suffering from severe upper abdominal pain radiating to back and vomiting, need medical guidance.",Pancreatitis
"Experiencing sudden facial drooping, slurred speech, loss of balance",Stroke
I'm experiencing high blood pressure and low HDL cholesterol.,Metabolic Syndrome
"Suffering from severe itching, dry cracked scaly skin, burning sensation",Contact Dermatitis
Experiencing hard dry stools,Constipation
Experiencing joint pain during or after movement,Osteoarthritis
"It started yesterday with joint pain during or after movement, loss of joint flexibility and bone spurs.",Osteoarthritis
"I have high fever, cough with phlegm, fatigue",Pneumonia
I have nausea,Peptic Ulcer
"My main issues right now are impaired balance, soft voice and shuffling gait.",Parkinson's Disease
"Feeling visual flashes, blind spots, throbbing head pain",Migraine with Aura
Feeling slow-healing sores on toes,Peripheral Artery Disease
Feeling chronic diarrhea,Celiac Disease
Clinical notes: Patient presenting with shivering chills and vomiting.,Pyelonephritis
"Clinical notes: Patient presenting with constant severe lower left abdominal pain, fever and constipation.",Diverticulitis
"Suffering from burning stomach pain between meals, bloating, dark stools and unexplained weight loss, need medical guidance.",Peptic Ulcer
Feeling abdominal tenderness,Diverticulitis
"Over the last 48 hours, I noticed gas and skin rash.",Celiac Disease
"I feel terrible with fluttering in chest, racing heartbeat and dizziness.",Arrhythmia
Feeling facial puffiness in mornings,Glomerulonephritis
I have chronic pelvic pain,Interstitial Cystitis
"I'm experiencing bullseye skin rash, fever and chills.",Lyme Disease
"Been having persistent sad empty mood, fatigue, changes in appetite or weight",Major Depressive Disorder
Lately I have been feeling chronic lower back pain and stiffness and pain worse in mornings and improves with exercise.,Ankylosing Spondylitis
"Clinical notes: Patient presenting with chronic pelvic pain, persistent urgent need to urinate, pain when bladder fills and pain during intercourse.",Interstitial Cystitis
"Suffering from unexplained weight gain, constipation and brittle hair, need medical guidance.",Hypothyroidism
"My main issues right now are bloating, dark stools and unexplained weight loss.",Peptic Ulcer
Clinical notes: Patient presenting with tingling in hands and feet and pale or jaundiced skin.,Vitamin B12 Deficiency
"I have electric shock sensations and fatigue, what could this be?",Multiple Sclerosis
"I feel terrible with runny nose, nasal congestion and mild headache.",Common Cold
"Doctor, I've had sudden one-sided facial paralysis, drooling and loss of taste for the past few days.",Bell's Palsy
"I feel terrible with acid regurgitation, chest burning and sour taste in mouth.",GERD
"Suffering from pain radiating to right shoulder and nausea, need medical guidance.",Gallstones
"I cannot sleep because of rapid heart rate, unintended weight loss, anxiety and bulging eyes.",Hyperthyroidism
"Been having burning localized pain, fever, itching",Shingles
"Lately I have been feeling itchy fluid-filled blisters, tiredness and red spots on skin.",Chickenpox
"Feeling red rash localized to area of contact, severe itching, dry cracked scaly skin",Contact Dermatitis
"Been having joint stiffness in mornings, loss of joint flexibility, bone spurs",Osteoarthritis
"Experiencing acute chest pressure on exertion, shortness of breath, fatigue and pain radiating to jaw or left arm.",Coronary Artery Disease
"Doctor, I've had chronic fatigue, mild upper right abdominal discomfort and jaundice for the past few days.",Hepatitis C
"Doctor, I've had electric shock sensations, vision loss in one eye, fatigue",Multiple Sclerosis
"Clinical notes: Patient presenting with sudden shortness of breath, sharp chest pain on breathing, rapid heart rate and coughing blood.",Pulmonary Embolism
I feel terrible with crushing chest pain and pain radiating to left arm neck or jaw.,Heart Attack
"Feeling neck pain and stiffness, headache starting at back of neck, grinding noise when turning neck",Cervical Spondylosis
"Clinical notes: Patient presenting with swelling in ankles and feet, persistent fatigue, nausea and loss of appetite.",Chronic Kidney Disease
"My main issues right now are extreme fatigue, pale skin and cold hands and feet.",Iron Deficiency Anemia
Feeling difficulty concentrating,Generalized Anxiety Disorder
"Suffering from tingling sensations, extreme sensitivity to touch and muscle weakness, need medical guidance.",Peripheral Neuropathy
"Suffering from round coin-sized smooth bald patches on scalp and exclamation point hairs, need medical guidance.",Alopecia Areata
I have thick nasal discharge,Sinusitis
"Suffering from brain fog, trembling, palpitations",Postural Orthostatic Tachycardia (POTS)
"Feeling high fever, cough with phlegm, chills",Pneumonia
"Patient reports feeling of incomplete evacuation, abdominal fullness and bloating with increasing discomfort.",Constipation
I have neck stiffness,Tension Headache
"Doctor, I've had burning sensation in eyes, stringy mucus in eyes, blurred vision after reading",Dry Eye Syndrome
"Been having sudden severe pain in upper right abdomen, pain radiating to right shoulder, vomiting",Gallstones
"Noticed severe dry skin, muscle weakness, brittle hair",Hypothyroidism
Experiencing electric shock sensations,Multiple Sclerosis
I have dry cough,Influenza
"Been having shortness of breath, nosebleeds, blurred vision",Hypertension
It started yesterday with slow heartbeat and fainting episodes.,Arrhythmia
"Lately I have been feeling fever, fatigue, sore throat and body aches.",COVID-19
"Doctor, I've had vomiting, rapid dehydration, low blood pressure",Cholera
"Clinical notes: Patient presenting with chronic cough, wheezing, chest tightness and fatigue.",COPD
I have nausea,Hepatitis B
Feeling dry cracked scaly skin,Contact Dermatitis
Experiencing shivering chills,Pyelonephritis
Feeling fatigue,Scurvy
"Feeling extreme fatigue, fever, enlarged spleen",Mononucleosis
I have mild bleeding,Dengue Fever
"Clinical notes: Patient presenting with cyclical high fever, shivering chills, profuse sweating and fatigue.",Malaria
"It started yesterday with brain fog, trembling and extreme fatigue.",Postural Orthostatic Tachycardia (POTS)
"Clinical notes: Patient presenting with bloating, alternating diarrhea and constipation, mucus in stool and food intolerance.",Irritable Bowel Syndrome
"Experiencing tender warm swollen joints, symmetrical joint pain in both hands, morning joint stiffness lasting >1 hour",Rheumatoid Arthritis
"Doctor, I've had cramping leg pain when walking (claudication), coldness in lower leg or foot, weak pulse in legs",Peripheral Artery Disease
"It started yesterday with loss of taste or smell, fatigue, shortness of breath and body aches.",COVID-19
Feeling feeling of choking,Panic Disorder
My main issues right now are tingling in hands and feet and memory problems.,Vitamin B12 Deficiency
"Woke up today with high fever, cough with phlegm, chills and fatigue.",Pneumonia
"Woke up today with temporary numbness on one side, transient vision loss and temporary dizziness.",Transient Ischemic Attack (TIA)
I have persistent urgent need to urinate,Interstitial Cystitis
Woke up today with persistent fatigue and wheezing.,Heart Failure
"Patient reports sharp ear pain, fluid draining from ear and fever with increasing discomfort.",Otitis Media
Experiencing cough,Measles
I have constant severe lower left abdominal pain,Diverticulitis
"Over the last 48 hours, I noticed emotional exhaustion, cynicism and detachment, reduced personal accomplishment and chronic physical fatigue.",Chronic Stress / Burnout
"I've been dealing with round moon face, weight gain around abdomen, high blood pressure and muscle weakness and it is getting worse.",Cushing's Syndrome
"Patient reports swelling in one calf or leg, throbbing calf pain and warmth in affected leg with increasing discomfort.",Deep Vein Thrombosis
"It started yesterday with sudden shortness of breath, sharp chest pain on breathing and rapid heart rate.",Pulmonary Embolism
"I feel terrible with gasping for air during sleep, morning headache and dry mouth on waking.",Sleep Apnea
I have tunnel vision in advanced stages,Glaucoma
"I cannot sleep because of sharp ear pain, muffled hearing, fluid draining from ear and feeling of fullness in ear.",Otitis Media
Feeling burning pain in hands,Peripheral Neuropathy
"Patient reports gradual numbness in feet, tingling sensations and extreme sensitivity to touch with increasing discomfort.",Peripheral Neuropathy
Experiencing weight gain,Polycystic Ovary Syndrome
"I have slow-healing cuts, tingling in hands and feet, fatigue",Diabetes Type 2
I'm experiencing chills and fatigue.,Pneumonia
"Been having blind spots, tingling in face or hands, nausea",Migraine with Aura
"Suffering from chronic physical fatigue, frequent headaches and digestive upset, need medical guidance.",Chronic Stress / Burnout
"I have circular red itchy rash with raised edges and clear skin in center of ring, what could this be?",Fungal Skin Infection
Patient reports eye redness and nasal congestion on one side with increasing discomfort.,Cluster Headache
"My main issues right now are nausea, visual aura and dizziness.",Migraine
"I have severe sore throat, pain with swallowing, red swollen tonsils and swollen neck lymph nodes, what could this be?",Pharyngitis
"Patient presenting with prolonged bleeding from small cuts, bleeding gums, nosebleeds",Thrombocytopenia
"I have slow-healing cuts, tingling in hands and feet, fatigue and darkened skin patches, what could this be?",Diabetes Type 2
"My main issues right now are heartburn, chest burning, difficulty swallowing and chronic dry cough.",GERD
I have nausea,Gallstones
"Feeling irregular periods, excess facial hair, severe acne",Polycystic Ovary Syndrome
"Doctor, I've had watery diarrhea, stomach cramps and nausea for the past few days.",Gastroenteritis
"Doctor, I've had prolonged step-ladder fever, headache, constipation or diarrhea and extreme fatigue for the past few days.",Typhoid Fever
"It started yesterday with heat intolerance, anxiety and bulging eyes.",Hyperthyroidism
"Doctor, I've had fluttering in chest, racing heartbeat, fainting episodes",Arrhythmia
I have darkened skin patches,Diabetes Type 2
Feeling irregular heartbeat,Electrolyte Imbalance
"I feel terrible with sudden high fever, severe headache, joint and muscle ache and mild bleeding.",Dengue Fever
I cannot sleep because of low mood and hair loss.,Vitamin D Deficiency
"Over the last 48 hours, I noticed tearing and nasal congestion on one side.",Cluster Headache
Feeling weak pulse in legs,Peripheral Artery Disease
"Woke up today with swelling in ankles and feet, persistent fatigue and nausea.",Chronic Kidney Disease
"Patient reports sharp shooting pain from lower back down leg, numbness in leg or foot and pain worse when sitting with increasing discomfort.",Sciatica
"Doctor, I've had white or yellow coating on tonsils and enlarged tender neck nodes for the past few days.",Tonsillitis
"Experiencing acute dry mouth, infrequent urination and sunken eyes.",Dehydration
I have nausea,Migraine
"I cannot sleep because of itching around anus, pain during bowel movements and swelling or lump near anus.",Hemorrhoids
It started yesterday with bloody diarrhea and fever.,Ulcerative Colitis
"Doctor, I've had tender warm swollen joints, morning joint stiffness lasting >1 hour, fatigue",Rheumatoid Arthritis
"Patient reports animal bite on skin, tingling around bite site, headache and agitation with increasing discomfort.",Rabies Exposure
"I cannot sleep because of bloating, gas, mucus in stool and food intolerance.",Irritable Bowel Syndrome
"Been having facial redness across cheeks and nose, swollen red bumps resembling acne, eye irritation",Rosacea
"Been having extreme thirst, dizziness upon standing, infrequent urination",Dehydration
"I'm experiencing extreme thirst, dark yellow urine and infrequent urination.",Dehydration
"I have rapid heart rate, heat intolerance, sweating and bulging eyes, what could this be?",Hyperthyroidism
"Patient reports nausea, rapid pulse and tenderness to touch with increasing discomfort.",Pancreatitis
"Suffering from high fever, red watery eyes, blotchy skin rash",Measles
"My main issues right now are bleeding gums, corkscrew body hair, fatigue and slow wound healing.",Scurvy
"Patient presenting with acid regurgitation, chronic dry cough, sour taste in mouth",GERD
Feeling slow wound healing,Scurvy
"I'm experiencing sweating, rapid heartbeat, confusion and hunger.",Hypoglycemia
"Doctor, I've had nasal congestion and pressure around eyes for the past few days.",Sinusitis
I feel terrible with runny nose and mild headache.,Common Cold
Woke up today with cough with phlegm and fatigue.,Pneumonia
I have spontaneous facial spasms,Trigeminal Neuralgia
"Doctor, I've had cough with phlegm, shortness of breath, chills",Pneumonia
"Noticed severe dark urine, pale stools, yellowing of skin and eyes",Hepatitis A
Feeling mild fever,Gastroenteritis
"I cannot sleep because of fever, dry cough, loss of taste or smell and fatigue.",COVID-19
"I have muscle cramps and spasms, irregular heartbeat, confusion and dizziness, what could this be?",Electrolyte Imbalance
"I have cyclical high fever, body ache, fatigue",Malaria
"Doctor, I've had severe upper abdominal pain radiating to back, nausea and rapid pulse for the past few days.",Pancreatitis
"Suffering from persistent sad empty mood, loss of interest in hobbies, fatigue",Major Depressive Disorder
Feeling gas,Celiac Disease
My main issues right now are swelling that changes shape and location and intense itching.,Urticaria
I cannot sleep because of itching around anus and swelling or lump near anus.,Hemorrhoids
I have rapid breathing,Pneumonia
I have high triglycerides,Metabolic Syndrome
Feeling pale appearance,Thalassemia Minor
"Been having chest pressure on exertion, shortness of breath, lightheadedness",Coronary Artery Disease
Feeling headache,Sinusitis
"Experiencing acute muscle cramps, sunken eyes and low blood pressure.",Cholera
Experiencing fatigue,Major Depressive Disorder
"Doctor, I've had urgent need to defecate, cramping abdominal pain and weight loss for the past few days.",Ulcerative Colitis
"Been having feeling full too quickly, bloating, dark stools",Peptic Ulcer
"Feeling sharp lower right abdominal pain, vomiting, rebound tenderness",Appendicitis
I have hyperpigmentation (darkened skin),Addison's Disease
"Suffering from difficulty starting urination, dribbling after urination, urinary urgency",Benign Prostatic Hyperplasia
Experiencing pain during bowel movements,Hemorrhoids
Experiencing dizziness upon standing,Dehydration
"Lately I have been feeling coughing blood, night sweats, unexplained weight loss and fever.",Tuberculosis
"I have abrupt high fever, severe crippling joint pain and rash, what could this be?",Chikungunya
"My main issues right now are gradual loss of height over time, stooped posture and bone fractures easily.",Osteoporosis
My main issues right now are chest pain on deep inhalation and rapid shallow breathing.,Pleural Effusion
"Patient reports upper abdominal pain, burning stomach, bloating and belching with increasing discomfort.",Gastritis
"I have purple stretch marks, high blood pressure and muscle weakness, what could this be?",Cushing's Syndrome
"Experiencing sharp ear pain, fluid draining from ear, fever",Otitis Media
I'm experiencing poor appetite and yellowing of skin and eyes.,Hepatitis B
"Woke up today with slurred speech, sudden severe headache, loss of balance and vision loss.",Stroke
I feel terrible with white or yellow coating on tonsils and fever.,Tonsillitis
"Suffering from sudden severe pain in upper right abdomen, nausea, vomiting and indigestion after fatty meals, need medical guidance.",Gallstones
Feeling mild fever,Bronchitis
"Suffering from skin sensitivity, fever, itching",Shingles
"Woke up today with excruciating pain around one eye, eye redness, tearing and nasal congestion on one side.",Cluster Headache
"I have blind spots, tingling in face or hands, light sensitivity",Migraine with Aura
"Experiencing acute sharp lower right abdominal pain, vomiting, loss of appetite and rebound tenderness.",Appendicitis
"Suffering from arm weakness, slurred speech, sudden severe headache",Stroke
I have nausea,Addison's Disease
"I've been dealing with hyperpigmentation (darkened skin), low blood pressure, salt cravings and nausea and it is getting worse.",Addison's Disease
"I feel terrible with unexplained weight gain, constipation and muscle weakness.",Hypothyroidism
"Suffering from gradual numbness in feet and burning pain in hands, need medical guidance.",Peripheral Neuropathy
Experiencing electric shock sensation in cheek,Trigeminal Neuralgia
"Patient presenting with heat intolerance, trembling hands, bulging eyes",Hyperthyroidism
"Woke up today with extreme fatigue, pale skin, weakness and cold hands and feet.",Iron Deficiency Anemia
"Feeling petechiae (superficial pinpoint purple spots on skin), prolonged bleeding from small cuts, nosebleeds",Thrombocytopenia
"Doctor, I've had red sores around nose and mouth, mild itching, painless sores",Impetigo
Experiencing acute throbbing headache and nausea.,Migraine
"I cannot sleep because of red swollen tonsils, white or yellow coating on tonsils, painful swallowing and fever.",Tonsillitis
I have cough,Measles
I have tenderness to touch,Tendinitis
"Experiencing acute poor appetite, dark urine and nausea.",Hepatitis B
"It started yesterday with waking up too early, irritability and difficulty concentrating.",Insomnia Disorder
"Feeling muscle cramps and spasms, numbness in fingers, extreme fatigue",Electrolyte Imbalance
Experiencing difficulty starting urination,Benign Prostatic Hyperplasia
"Patient reports bloating, gas, weight loss and skin rash with increasing discomfort.",Celiac Disease
"I have tingling in face or hands and nausea, what could this be?",Migraine with Aura
"Lately I have been feeling severe upper abdominal pain radiating to back, nausea, rapid pulse and fever.",Pancreatitis
I cannot sleep because of bloating and alternating diarrhea and constipation.,Irritable Bowel Syndrome
Feeling drooping mouth,Bell's Palsy
Feeling shortness of breath,Coronary Artery Disease
"Patient reports symmetrical joint pain in both hands, fatigue and fever with increasing discomfort.",Rheumatoid Arthritis
Patient reports temporary numbness on one side and arm weakness with increasing discomfort.,Transient Ischemic Attack (TIA)
"Woke up today with round moon face, weight gain around abdomen and high blood pressure.",Cushing's Syndrome
Feeling dehydration,Gastroenteritis
"I've been dealing with fatigue, poor appetite and joint pain and it is getting worse.",Hepatitis B
"Suffering from bruising easily, joint and muscle aches, fatigue",Scurvy
I'm experiencing dizziness upon standing and sunken eyes.,Dehydration
"Clinical notes: Patient presenting with nausea, vomiting, fever and tenderness to touch.",Pancreatitis
"Clinical notes: Patient presenting with hard dry stools, straining during bowel movements and abdominal fullness.",Constipation
"Lately I have been feeling vomiting, rapid dehydration, muscle cramps and sunken eyes.",Cholera
Feeling fatigue,Hepatitis B
"Been having mild cough, nasal congestion, mild headache",Common Cold
"Doctor, I've had widespread musculoskeletal pain, sleep disturbances, cognitive brain fog",Fibromyalgia
"Experiencing unexplained weight gain, cold intolerance, constipation",Hypothyroidism
"I have fatigue, poor appetite and nausea, what could this be?",Hepatitis B
"Experiencing acute extreme thirst, dark yellow urine, dry mouth and infrequent urination.",Dehydration
"Doctor, I've had red swollen tender skin area, fever, blisters over red area",Cellulitis
"I cannot sleep because of persistent excessive worry, restlessness, muscle tension and sleep disturbance.",Generalized Anxiety Disorder
I've been dealing with watery diarrhea and mild fever and it is getting worse.,Gastroenteritis
"Woke up today with persistent fatigue, foamy urine, nausea and loss of appetite.",Chronic Kidney Disease
"I've been dealing with chills, fatigue and headache and it is getting worse.",Influenza
"Experiencing acute dizziness, shortness of breath, nosebleeds and blurred vision.",Hypertension
"I have cyclical high fever and fatigue, what could this be?",Malaria
I have numbness and tingling in thumb index and middle fingers,Carpal Tunnel Syndrome
"Clinical notes: Patient presenting with dull aching head pain, tightness across forehead, scalp tenderness and shoulder tension.",Tension Headache
"I'm experiencing sharp ear pain, muffled hearing, fever and feeling of fullness in ear.",Otitis Media
"Experiencing acute nausea, light sensitivity, sound sensitivity and dizziness.",Migraine
"Noticed severe throbbing headache, sound sensitivity, dizziness",Migraine
"It started yesterday with excruciating pain around one eye, eye redness and restlessness.",Cluster Headache
"Clinical notes: Patient presenting with fever, tiredness and headache.",Chickenpox
"Experiencing numbness in leg or foot, tingling in toes, pain worse when sitting",Sciatica
"Noticed severe skin warm to touch, fever, blisters over red area",Cellulitis
"Feeling morning headache, dizziness, shortness of breath",Hypertension
"Experiencing acute burning localized pain, fluid-filled blisters on one side of body, skin sensitivity and fever.",Shingles
"It started yesterday with weight loss, fatigue and rectal bleeding.",Crohn's Disease
Woke up today with cloudy or blurry vision and glare and halos around headlights.,Cataract
"Noticed severe high fever, flank pain on one side, painful frequent urination",Pyelonephritis
"Woke up today with foamy urine, loss of appetite and metallic taste in mouth.",Chronic Kidney Disease
"Over the last 48 hours, I noticed back pain caused by collapsed vertebra and bone fractures easily.",Osteoporosis
"It started yesterday with coldness in lower leg or foot, weak pulse in legs and slow-healing sores on toes.",Peripheral Artery Disease
"Doctor, I've had tingling around bite site, fever and headache for the past few days.",Rabies Exposure
"Suffering from dull ache when moving affected tendon, tenderness to touch, mild swelling",Tendinitis
Clinical notes: Patient presenting with red swollen tender skin area and blisters over red area.,Cellulitis
I cannot sleep because of dizziness upon standing and infrequent urination.,Dehydration
Experiencing shakiness,Hypoglycemia
"Suffering from profuse watery diarrhea, muscle cramps and low blood pressure, need medical guidance.",Cholera
Feeling frequent eyeglasses changes,Cataract
Feeling dizziness,Hypoglycemia
"Lately I have been feeling numbness in limbs, electric shock sensations and fatigue.",Multiple Sclerosis
"Experiencing acute mucus production, mild fever and wheezing.",Bronchitis
I have mild chronic anemia,Thalassemia Minor
I'm experiencing tenderness to touch and mild swelling.,Tendinitis
"Feeling fever, sore throat, body aches",COVID-19
"Been having easy or excessive bruising, petechiae (superficial pinpoint purple spots on skin), bleeding gums",Thrombocytopenia
"Suffering from eye redness, nasal congestion on one side, restlessness",Cluster Headache
I'm experiencing chest pain and shortness of breath.,Pneumonia
"Experiencing vomiting, fever, tenderness to touch",Pancreatitis
"Patient presenting with clear runny nose, itchy roof of mouth, nasal congestion",Allergic Rhinitis
"Patient presenting with light sensitivity, sound sensitivity, visual aura",Migraine
"I've been dealing with burning stomach, nausea, loss of appetite and belching and it is getting worse.",Gastritis
"Over the last 48 hours, I noticed bleeding gums and nosebleeds.",Thrombocytopenia
"Patient reports sudden high fever, skin rash and mild bleeding with increasing discomfort.",Dengue Fever
"Suffering from runny nose, sneezing, mild cough",Common Cold
"Suffering from yellowing of skin and eyes, joint pain, nausea",Hepatitis B
Feeling cyclical high fever,Malaria
"Doctor, I've had red rash localized to area of contact and bumps and blisters for the past few days.",Contact Dermatitis
"Woke up today with numbness in limbs, fatigue and unsteady gait.",Multiple Sclerosis
"I've been dealing with chronic fatigue, joint aches, mild upper right abdominal discomfort and jaundice and it is getting worse.",Hepatitis C
My main issues right now are shakiness and sweating.,Hypoglycemia
"Doctor, I've had chronic fatigue, joint aches and loss of appetite for the past few days.",Hepatitis C
"Suffering from throbbing headache, nausea, light sensitivity",Migraine
I have weight loss,Celiac Disease
"I feel terrible with visible broken blood vessels, swollen red bumps resembling acne and eye irritation.",Rosacea
Clinical notes: Patient presenting with drooping mouth and drooling.,Bell's Palsy
"I feel terrible with fatigue, dark urine and joint pain.",Hepatitis B
Experiencing sudden high fever,Dengue Fever
"Patient presenting with constant severe lower left abdominal pain, fever, bloating",Diverticulitis
"Feeling constipation or diarrhea, rose-colored rash, extreme fatigue",Typhoid Fever
"Experiencing pale skin, cold hands and feet, brittle nails",Iron Deficiency Anemia
"Suffering from sudden intense terror, trembling, fear of losing control",Panic Disorder
Clinical notes: Patient presenting with sharp lower right abdominal pain and nausea.,Appendicitis
"Lately I have been feeling abdominal cramping, alternating diarrhea and constipation and mucus in stool.",Irritable Bowel Syndrome
"Suffering from sweating and dizziness, need medical guidance.",Hypoglycemia
"I have temporary numbness on one side, transient vision loss, temporary dizziness",Transient Ischemic Attack (TIA)
"Experiencing sneezing, sore throat, mild cough",Common Cold
"Over the last 48 hours, I noticed tingling around bite site and headache.",Rabies Exposure
"Suffering from tightness across forehead and neck stiffness, need medical guidance.",Tension Headache
"Experiencing coughing blood, chest pain, fever",Tuberculosis
My main issues right now are restlessness and irritability.,Generalized Anxiety Disorder
Clinical notes: Patient presenting with shortness of breath and dizziness.,Heart Attack
"Noticed severe fluttering in chest, slow heartbeat, lightheadedness",Arrhythmia
It started yesterday with sudden intense terror and chest tightness.,Panic Disorder
"Been having bleeding gums, bruising easily, fatigue",Scurvy
"Doctor, I've had bone pain, muscle weakness, frequent infections and low mood for the past few days.",Vitamin D Deficiency
"I feel terrible with fatigue, yellowing of skin and eyes, dark urine and nausea.",Hepatitis B
Feeling loud snoring,Sleep Apnea
I have sore throat,Common Cold
Experiencing profuse sweating,Malaria
Experiencing fluid-filled blisters on one side of body,Shingles
"I have inability to close one eye, drooling, loss of taste",Bell's Palsy
"Doctor, I've had muscle tension, difficulty concentrating, irritability",Generalized Anxiety Disorder
"Experiencing cyclical high fever, shivering chills, body ache",Malaria
"I cannot sleep because of runny nose, sore throat, mild cough and mild headache.",Common Cold
"My main issues right now are nausea, light sensitivity, visual aura and dizziness.",Migraine
"Been having intense skin itching, dry cracked skin patches, raw sensitive skin from scratching",Eczema
I have swollen red bumps resembling acne,Rosacea
"Suffering from recurrent abdominal cramps, persistent diarrhea, weight loss",Crohn's Disease
"Been having bullseye skin rash, stiff neck, swollen lymph nodes",Lyme Disease
Patient reports purple stretch marks and high blood pressure with increasing discomfort.,Cushing's Syndrome
"Experiencing runny nose, sneezing, nasal congestion",Common Cold
I have fatigue,Malaria
"I feel terrible with nasal congestion, thick nasal discharge, reduced smell and pressure around eyes.",Sinusitis
"Doctor, I've had animal bite on skin, anxiety and agitation for the past few days.",Rabies Exposure
"Been having burning sensation in eyes, scratchy feeling, blurred vision after reading",Dry Eye Syndrome
Feeling bullseye skin rash,Lyme Disease
"Suffering from persistent cough, chest discomfort, wheezing",Bronchitis
"I feel terrible with crushing chest pain, shortness of breath and dizziness.",Heart Attack
Experiencing large waist circumference,Metabolic Syndrome
"Doctor, I've had bright red rectal bleeding, itching around anus, pain during bowel movements and swelling or lump near anus for the past few days.",Hemorrhoids
"It started yesterday with bloating, nausea and dark stools.",Peptic Ulcer
"I have itchy fluid-filled blisters, headache, red spots on skin",Chickenpox
Woke up today with unintended weight loss and blurred vision.,Diabetes Type 1
"Feeling extreme fatigue, low blood pressure, nausea",Addison's Disease
"Experiencing chronic fatigue, sleep disturbances, tender trigger points",Fibromyalgia
"Clinical notes: Patient presenting with runny nose, sneezing and sore throat.",Common Cold
Feeling acid regurgitation,GERD
"Been having chronic diarrhea, gas, weight loss",Celiac Disease
"Over the last 48 hours, I noticed constant severe lower left abdominal pain and constipation.",Diverticulitis
"Noticed severe vomiting, muscle cramps, low blood pressure",Cholera
"Lately I have been feeling bone pain, muscle weakness and hair loss.",Vitamin D Deficiency
"Experiencing acute straining during bowel movements, feeling of incomplete evacuation, abdominal fullness and bloating.",Constipation
"Patient reports blind spots, throbbing head pain, nausea and light sensitivity with increasing discomfort.",Migraine with Aura
Experiencing wheezing,Heart Failure
"I have bloating, mucus in stool and food intolerance, what could this be?",Irritable Bowel Syndrome
I have nausea,Kidney Stones
"I cannot sleep because of bloody diarrhea, urgent need to defecate, cramping abdominal pain and rectal pain.",Ulcerative Colitis
Experiencing dizziness,Migraine
"Noticed severe headache, stomach pain, constipation or diarrhea",Typhoid Fever
Feeling bone pain,Vitamin D Deficiency
"I'm experiencing severe crippling joint pain, rash and headache.",Chikungunya
I have anxiety,Rabies Exposure
"Experiencing acute bleeding gums, corkscrew body hair and joint and muscle aches.",Scurvy
I have chills,Pneumonia
"Been having headache, body ache, fatigue",Malaria
It started yesterday with cold sweat and dizziness.,Heart Attack
"I have excruciating pain around one eye, nasal congestion on one side, restlessness",Cluster Headache
Woke up today with prolonged step-ladder fever and constipation or diarrhea.,Typhoid Fever
"Clinical notes: Patient presenting with sudden shortness of breath, sharp chest pain on breathing, coughing blood and dizziness.",Pulmonary Embolism
"Been having resting tremor, slow movement, shuffling gait",Parkinson's Disease
"Doctor, I've had daytime fatigue, irritability and difficulty concentrating for the past few days.",Insomnia Disorder
"I have racing heartbeat and fainting episodes, what could this be?",Arrhythmia
Lately I have been feeling pain radiating to lower abdomen and groin and painful urination.,Kidney Stones
"Suffering from muscle stiffness and slow movement, need medical guidance.",Parkinson's Disease
"Been having extreme fatigue, severe sore throat, swollen lymph nodes in neck",Mononucleosis
"It started yesterday with rapid heart rate, sweating, anxiety and bulging eyes.",Hyperthyroidism
"Woke up today with shortness of breath, fatigue and rapid breathing.",Pneumonia
"Feeling rapid heart rate, trembling hands, bulging eyes",Hyperthyroidism
"Suffering from swelling that changes shape and location and burning sensation on skin, need medical guidance.",Urticaria
"Experiencing acute slow heartbeat, dizziness, lightheadedness and fainting episodes.",Arrhythmia
"Noticed severe shakiness, sweating, blurred vision",Hypoglycemia
Experiencing chronic fatigue,Fibromyalgia
"Feeling nausea, vomiting, mild fever",Gastroenteritis
Patient reports shivering chills and fatigue with increasing discomfort.,Malaria
"I'm experiencing pink or red discoloration of eye, gritty feeling in eye, itchy eyes and watery discharge.",Conjunctivitis
"Doctor, I've had shortness of breath when lying flat, swelling in legs and ankles and persistent fatigue for the past few days.",Heart Failure
I cannot sleep because of foamy urine and swollen ankles.,Glomerulonephritis
Clinical notes: Patient presenting with chest tightness and sweating.,Panic Disorder
"Patient presenting with high fever, flank pain on one side, vomiting",Pyelonephritis
"Over the last 48 hours, I noticed dark yellow urine and dizziness upon standing.",Dehydration
"I'm experiencing pink or red discoloration of eye, gritty feeling in eye and itchy eyes.",Conjunctivitis
"I'm experiencing gradual numbness in feet, burning pain in hands and tingling sensations.",Peripheral Neuropathy
"Doctor, I've had round moon face and high blood pressure for the past few days.",Cushing's Syndrome
"It started yesterday with body ache, dry cough and headache.",Influenza
"I have coughing blood, chest pain and fever, what could this be?",Tuberculosis
"Experiencing acute red rash localized to area of contact, dry cracked scaly skin, bumps and blisters and burning sensation.",Contact Dermatitis
"Noticed severe persistent excessive worry, muscle tension, irritability",Generalized Anxiety Disorder
I have lightheadedness,Arrhythmia
"Been having severe sharp flank pain, pain radiating to lower abdomen and groin, nausea",Kidney Stones
"Doctor, I've had swelling in ankles and feet, foamy urine, nausea and metallic taste in mouth for the past few days.",Chronic Kidney Disease
"Suffering from tingling in hands and feet, smooth red tongue, fatigue and unsteady balance, need medical guidance.",Vitamin B12 Deficiency
"Doctor, I've had nosebleeds and blurred vision for the past few days.",Hypertension
"Over the last 48 hours, I noticed profuse watery diarrhea, rapid dehydration, sunken eyes and low blood pressure.",Cholera
"Over the last 48 hours, I noticed staring spells and aura.",Epilepsy
"Over the last 48 hours, I noticed symmetrical joint pain in both hands, morning joint stiffness lasting >1 hour, fatigue and fever.",Rheumatoid Arthritis
"Clinical notes: Patient presenting with chest pressure on exertion, pain radiating to jaw or left arm and lightheadedness.",Coronary Artery Disease
"Feeling severe sharp flank pain, blood in urine, nausea",Kidney Stones
Experiencing dizziness,Electrolyte Imbalance
"Lately I have been feeling pink or red discoloration of eye, gritty feeling in eye and watery discharge.",Conjunctivitis
"Doctor, I've had tingling around bite site, fever, headache",Rabies Exposure
"Suffering from breathlessness with exercise, fainting or dizziness upon standing and fatigue, need medical guidance.",Aortic Stenosis
I have vomiting,Pancreatitis
I'm experiencing tenderness to touch and joint stiffness near shoulder elbow or heel.,Tendinitis
Feeling dry cough,Laryngitis
Feeling cloudy or blurry vision,Cataract
"I have extreme thirst, extreme hunger, fatigue",Diabetes Type 1
"Been having electric shock sensations, tremor, vision loss in one eye",Multiple Sclerosis
"Over the last 48 hours, I noticed chest pain on deep inhalation, shortness of breath, dry persistent cough and fever.",Pleural Effusion
"Experiencing acute nausea, vomiting, body aches and dehydration.",Gastroenteritis
"Doctor, I've had symmetrical joint pain in both hands, morning joint stiffness lasting >1 hour and fatigue for the past few days.",Rheumatoid Arthritis
"Feeling rapid heart rate, coughing blood, dizziness",Pulmonary Embolism
My main issues right now are hoarseness and dry throat.,Laryngitis
Experiencing nausea,Addison's Disease
I have fever,Pharyngitis
"I've been dealing with dark urine, pale stools and yellowing of skin and eyes and it is getting worse.",Hepatitis A
"Experiencing acute persistent cough for more than 3 weeks, coughing blood and chest pain.",Tuberculosis
"I have persistent excessive worry, restlessness, muscle tension and difficulty concentrating, what could this be?",Generalized Anxiety Disorder
"Experiencing acute severe sore throat, fever and swollen neck lymph nodes.",Pharyngitis
I've been dealing with sudden intense joint pain in big toe and lingering joint discomfort and it is getting worse.,Gout
"Suffering from bright red rectal bleeding, pain during bowel movements, swelling or lump near anus",Hemorrhoids
"I've been dealing with nausea, low-grade fever, loss of appetite and rebound tenderness and it is getting worse.",Appendicitis
Experiencing painful frequent urination,Pyelonephritis
"Suffering from shortness of breath, severe nausea, dizziness",Heart Attack
I cannot sleep because of dark urine and nausea.,Hepatitis B
Experiencing pain radiating to right shoulder,Gallstones
Experiencing fever,Pancreatitis
"Patient presenting with morning headache, dizziness, chest tightness",Hypertension
"Doctor, I've had muscle tension, difficulty concentrating, sleep disturbance",Generalized Anxiety Disorder
I have shivering chills,Malaria
"I've been dealing with chronic fatigue, joint aches, jaundice and loss of appetite and it is getting worse.",Hepatitis C
It started yesterday with inability to close one eye and loss of taste.,Bell's Palsy
"Suffering from burning sensation in eyes, stinging eyes, stringy mucus in eyes",Dry Eye Syndrome
Experiencing pink or cola-colored urine,Glomerulonephritis
"I cannot sleep because of fever, loss of taste or smell, fatigue and sore throat.",COVID-19
"Feeling rapid heart rate, heat intolerance, anxiety",Hyperthyroidism
Experiencing severe sharp flank pain,Kidney Stones
"Been having stinging eyes, scratchy feeling, blurred vision after reading",Dry Eye Syndrome
Experiencing high blood pressure,Glomerulonephritis
"Suffering from prolonged step-ladder fever, stomach pain, rose-colored rash and extreme fatigue, need medical guidance.",Typhoid Fever
Lately I have been feeling large waist circumference and high fasting blood glucose.,Metabolic Syndrome
"Doctor, I've had bone pain, muscle weakness, frequent infections and chronic fatigue for the past few days.",Vitamin D Deficiency
"Suffering from nasal congestion and thick nasal discharge, need medical guidance.",Sinusitis
"Been having gas, weight loss, iron deficiency",Celiac Disease
"Doctor, I've had chronic fatigue, sleep disturbances and cognitive brain fog for the past few days.",Fibromyalgia
"I have difficulty concentrating, irritability and sleep disturbance, what could this be?",Generalized Anxiety Disorder
"Woke up today with joint swelling, muscle pain and headache.",Chikungunya
Feeling tunnel vision in advanced stages,Glaucoma
"Suffering from pounding racing heart, trembling, fear of losing control",Panic Disorder
"Over the last 48 hours, I noticed shakiness, confusion and hunger.",Hypoglycemia
"Noticed severe temporary numbness on one side, brief speech slurring, arm weakness",Transient Ischemic Attack (TIA)
"My main issues right now are high fever, nausea, vomiting and painful frequent urination.",Pyelonephritis
Experiencing acute cold sweat and shortness of breath.,Heart Attack
"Noticed severe persistent fatigue, foamy urine, loss of appetite",Chronic Kidney Disease
"Patient reports dark yellow urine, dizziness upon standing and sunken eyes with increasing discomfort.",Dehydration
"I've been dealing with corkscrew body hair, bruising easily and fatigue and it is getting worse.",Scurvy
"Patient presenting with cynicism and detachment, reduced personal accomplishment, digestive upset",Chronic Stress / Burnout
"I cannot sleep because of fatigue, cold intolerance and brittle hair.",Hypothyroidism
Experiencing acute vomiting and low blood pressure.,Cholera
Feeling fever,Shingles
"Over the last 48 hours, I noticed fatigue, dry skin, constipation and muscle weakness.",Hypothyroidism
I have weak pulse in legs,Peripheral Artery Disease
I have slow heartbeat,Arrhythmia
"Doctor, I've had blood in urine, nausea, painful urination",Kidney Stones
"Over the last 48 hours, I noticed sharp shooting pain from lower back down leg, tingling in toes and pain worse when sitting.",Sciatica
Experiencing acute shivering chills and profuse sweating.,Malaria
I have dry cracked scaly skin,Contact Dermatitis
"Experiencing acute fever, loss of appetite and headache.",Chickenpox
I have chronic lower back pain and stiffness,Ankylosing Spondylitis
"Been having nausea, abdominal pain, pale stools",Hepatitis A
"I have muscle stiffness, slow movement and shuffling gait, what could this be?",Parkinson's Disease
"Doctor, I've had cough with phlegm, chills, fatigue",Pneumonia
Experiencing scaly skin,Fungal Skin Infection
"Patient reports unintended weight loss, trembling hands, sweating and anxiety with increasing discomfort.",Hyperthyroidism
Experiencing acute sudden severe pain in upper right abdomen and indigestion after fatty meals.,Gallstones
Experiencing coldness in lower leg or foot,Peripheral Artery Disease
"Suffering from severe upper abdominal pain radiating to back, nausea, fever and tenderness to touch, need medical guidance.",Pancreatitis
"Clinical notes: Patient presenting with extreme thirst, frequent urination and blurred vision.",Diabetes Type 1
Feeling weak urine stream,Benign Prostatic Hyperplasia
"Over the last 48 hours, I noticed profuse sweating, headache, nausea and body ache.",Malaria
"Suffering from fluttering in chest, slow heartbeat, dizziness",Arrhythmia
"Experiencing acute burning sensation in eyes, stinging eyes and scratchy feeling.",Dry Eye Syndrome
"Doctor, I've had petechiae (superficial pinpoint purple spots on skin), prolonged bleeding from small cuts, bleeding gums and nosebleeds for the past few days.",Thrombocytopenia
Experiencing fatigue,Diabetes Type 2
I have swelling or lump near anus,Hemorrhoids
I cannot sleep because of symmetrical joint pain in both hands and fatigue.,Rheumatoid Arthritis
"I cannot sleep because of slow heartbeat, dizziness and fainting episodes.",Arrhythmia
Clinical notes: Patient presenting with corkscrew body hair and fatigue.,Scurvy
"I cannot sleep because of pale skin, weakness, cold hands and feet and shortness of breath with mild exertion.",Iron Deficiency Anemia
"I'm experiencing light sensitivity, sound sensitivity and dizziness.",Migraine
"I've been dealing with severe crippling joint pain, muscle pain and headache and it is getting worse.",Chikungunya
"Patient presenting with feeling full too quickly, dark stools, unexplained weight loss",Peptic Ulcer
"Suffering from trembling and feeling of choking, need medical guidance.",Panic Disorder
"Suffering from gasping for air during sleep and dry mouth on waking, need medical guidance.",Sleep Apnea
Experiencing nasal congestion,Common Cold
"Experiencing acute sudden severe pain in upper right abdomen, pain radiating to right shoulder, nausea and vomiting.",Gallstones
I cannot sleep because of sharp lower right abdominal pain and rebound tenderness.,Appendicitis
"Patient reports sudden facial drooping, arm weakness, slurred speech and loss of balance with increasing discomfort.",Stroke
"I have red swollen tonsils, enlarged tender neck nodes, bad breath",Tonsillitis
Patient reports cramping abdominal pain and fever with increasing discomfort.,Ulcerative Colitis
Feeling waking up during the night,Insomnia Disorder
"Suffering from muscle cramps and spasms, irregular heartbeat and confusion, need medical guidance.",Electrolyte Imbalance
"Suffering from large waist circumference, high blood pressure and high triglycerides, need medical guidance.",Metabolic Syndrome
"Been having recurrent abdominal cramps, fatigue, mouth sores",Crohn's Disease
"I'm experiencing itchy watery eyes, clear runny nose and nasal congestion.",Allergic Rhinitis
"It started yesterday with persistent cough for more than 3 weeks, coughing blood and fever.",Tuberculosis
Experiencing bad breath,Tonsillitis
"It started yesterday with swelling in ankles and feet, persistent fatigue, loss of appetite and metallic taste in mouth.",Chronic Kidney Disease
"Been having nausea, light sensitivity, visual aura",Migraine
Feeling racing heartbeat,Arrhythmia
Woke up today with scalp tenderness and neck stiffness.,Tension Headache
Experiencing fatigue,Celiac Disease
"Been having white or yellow coating on tonsils, fever, bad breath",Tonsillitis
Experiencing body aches,Gastroenteritis
"Doctor, I've had heat intolerance and trembling hands for the past few days.",Hyperthyroidism
"Lately I have been feeling wheezing, shortness of breath, chest tightness and difficulty breathing.",Asthma
"My main issues right now are waking up during the night, daytime fatigue and irritability.",Insomnia Disorder
Feeling swollen red bumps resembling acne,Rosacea
"Patient presenting with fatigue, nausea, pale stools",Hepatitis A
"Noticed severe persistent sad empty mood, feelings of worthlessness, difficulty sleeping",Major Depressive Disorder
"Experiencing fever, dry cough, sore throat",COVID-19
"Noticed severe numbness in limbs, electric shock sensations, vision loss in one eye",Multiple Sclerosis
"Over the last 48 hours, I noticed rapid heart rate, sweating and anxiety.",Hyperthyroidism
Experiencing shortness of breath,Coronary Artery Disease
"I cannot sleep because of irregular periods, severe acne and thinning hair on scalp.",Polycystic Ovary Syndrome
"Suffering from shakiness, dizziness and blurred vision, need medical guidance.",Hypoglycemia
"Woke up today with rapid heart rate upon standing, dizziness on standing, trembling and palpitations.",Postural Orthostatic Tachycardia (POTS)
"Suffering from prolonged step-ladder fever, headache, constipation or diarrhea",Typhoid Fever
"Suffering from red swollen tonsils, white or yellow coating on tonsils, bad breath",Tonsillitis
Experiencing gradual numbness in feet,Peripheral Neuropathy
Woke up today with weight gain and ovarian cysts.,Polycystic Ovary Syndrome
"I have weak urine stream and frequent nighttime urination, what could this be?",Benign Prostatic Hyperplasia
Feeling extreme fatigue,Addison's Disease
Experiencing gas,Celiac Disease
Feeling symmetrical joint pain in both hands,Rheumatoid Arthritis
"I cannot sleep because of extreme fatigue, hyperpigmentation (darkened skin), low blood pressure and salt cravings.",Addison's Disease
Experiencing chronic cough,COPD
I have loss of appetite,Gastritis
"I'm experiencing shortness of breath when lying flat, swelling in legs and ankles, persistent fatigue and rapid weight gain from fluid.",Heart Failure
My main issues right now are sudden facial drooping and sudden severe headache.,Stroke
"Experiencing acute pink or red discoloration of eye, gritty feeling in eye, watery discharge and crusty eyelids in morning.",Conjunctivitis
Experiencing shortness of breath,COVID-19
"I feel terrible with severe sharp flank pain, pain radiating to lower abdomen and groin, blood in urine and painful urination.",Kidney Stones
"Suffering from abdominal cramping, gas, mucus in stool",Irritable Bowel Syndrome
I have loss of voice,Laryngitis
"I cannot sleep because of fever, chills and fatigue.",Lyme Disease
"Doctor, I've had burning localized pain, fluid-filled blisters on one side of body, skin sensitivity and itching for the past few days.",Shingles
"Suffering from numbness in limbs, electric shock sensations, tremor and vision loss in one eye, need medical guidance.",Multiple Sclerosis
"Lately I have been feeling sudden intense terror, chest tightness and fear of losing control.",Panic Disorder
"It started yesterday with severe crippling joint pain, joint swelling, muscle pain and headache.",Chikungunya
"Suffering from bloating, fatigue and iron deficiency, need medical guidance.",Celiac Disease
"Noticed severe bloating, gas, mucus in stool",Irritable Bowel Syndrome
"It started yesterday with cramping leg pain when walking (claudication), weak pulse in legs and slow-healing sores on toes.",Peripheral Artery Disease
"Patient reports sudden shortness of breath, rapid heart rate and coughing blood with increasing discomfort.",Pulmonary Embolism
"Suffering from reduced personal accomplishment, chronic physical fatigue and frequent headaches, need medical guidance.",Chronic Stress / Burnout
"Feeling purple stretch marks, easy bruising, high blood pressure",Cushing's Syndrome
It started yesterday with morning joint stiffness lasting >1 hour and fatigue.,Rheumatoid Arthritis
Experiencing tightness across forehead,Tension Headache
"I have severe upper abdominal pain radiating to back and nausea, what could this be?",Pancreatitis
"Experiencing loss of interest in hobbies, fatigue, changes in appetite or weight",Major Depressive Disorder
"Clinical notes: Patient presenting with constipation, muscle weakness and brittle hair.",Hypothyroidism
Lately I have been feeling burning stomach pain between meals and feeling full too quickly.,Peptic Ulcer
I have slow-healing sores on toes,Peripheral Artery Disease
"Noticed severe muscle cramps and spasms, dizziness, extreme fatigue",Electrolyte Imbalance
"Clinical notes: Patient presenting with tunnel vision in advanced stages, severe eye pain with halo around lights and blurred vision.",Glaucoma
It started yesterday with feeling full too quickly and unexplained weight loss.,Peptic Ulcer
"I have constant severe lower left abdominal pain, nausea, abdominal tenderness",Diverticulitis
Feeling aura,Epilepsy
Experiencing loss of taste,Bell's Palsy
"Doctor, I've had chest discomfort, mild fever, fatigue",Bronchitis
I'm experiencing watery diarrhea and dehydration.,Gastroenteritis
"I feel terrible with high fever, cough with phlegm, chest pain and shortness of breath.",Pneumonia
I have frequent infections,Vitamin D Deficiency
"Doctor, I've had loud snoring, morning headache and dry mouth on waking for the past few days.",Sleep Apnea
"Over the last 48 hours, I noticed skin warm to touch and rapidly expanding redness.",Cellulitis
Experiencing restlessness,Generalized Anxiety Disorder
"I have shortness of breath, pain radiating to jaw or left arm, lightheadedness",Coronary Artery Disease
"Doctor, I've had pale skin, weakness, brittle nails",Iron Deficiency Anemia
"I'm experiencing unintended weight loss, heat intolerance, sweating and bulging eyes.",Hyperthyroidism
"Suffering from shivering chills, nausea, fatigue",Malaria
Feeling dizziness,Heart Attack
"My main issues right now are fatigue, pale stools and loss of appetite.",Hepatitis A
Feeling cloudy foul-smelling urine,Acute Cystitis
"Patient reports animal bite on skin, fever, anxiety and agitation with increasing discomfort.",Rabies Exposure
Experiencing extreme thirst,Diabetes Type 1
"Feeling temporary confusion, staring spells, aura",Epilepsy
"Doctor, I've had extreme fatigue, fever and headache for the past few days.",Mononucleosis
I cannot sleep because of swelling in legs and ankles and persistent fatigue.,Heart Failure
"Experiencing acute stinging eyes, scratchy feeling, stringy mucus in eyes and blurred vision after reading.",Dry Eye Syndrome
It started yesterday with constant severe lower left abdominal pain and nausea.,Diverticulitis
Feeling clear skin in center of ring,Fungal Skin Infection
"Feeling pain radiating to left arm neck or jaw, cold sweat, shortness of breath",Heart Attack
Experiencing pounding racing heart,Panic Disorder
"Been having fever, constipation, bloating",Diverticulitis
Feeling intense fear of social interactions,Social Anxiety Disorder
I'm experiencing sore throat and nasal congestion.,Common Cold
"Clinical notes: Patient presenting with sweating, rapid heartbeat and hunger.",Hypoglycemia
"Doctor, I've had loss of taste or smell, sore throat, body aches",COVID-19
"Lately I have been feeling resting tremor, impaired balance and shuffling gait.",Parkinson's Disease
I have sharp chest pain worse when lying down,Pericarditis
"Been having severe headache, skin rash, mild bleeding",Dengue Fever
"Woke up today with constant severe lower left abdominal pain, fever, nausea and bloating.",Diverticulitis
I have chest tightness,Hypertension
"I feel terrible with dark yellow urine, dry mouth, infrequent urination and sunken eyes.",Dehydration
Experiencing dry cough,Laryngitis
"Suffering from persistent cough, mucus production, fatigue",Bronchitis
Feeling fatigue,Ankylosing Spondylitis
I have gas,Irritable Bowel Syndrome
"Doctor, I've had rapid heart rate upon standing, dizziness on standing, brain fog and extreme fatigue for the past few days.",Postural Orthostatic Tachycardia (POTS)
"Experiencing severe sore throat, pain with swallowing, red swollen tonsils",Pharyngitis
"Experiencing acute electric shock sensations, tremor and fatigue.",Multiple Sclerosis
I have irregular periods,Polycystic Ovary Syndrome
My main issues right now are difficulty swallowing and sour taste in mouth.,GERD
I have chest tightness,Panic Disorder
Experiencing scalp tenderness,Tension Headache
Lately I have been feeling gradual loss of peripheral vision and tunnel vision in advanced stages.,Glaucoma
Feeling nausea,Migraine with Aura
"Over the last 48 hours, I noticed fatigue, nausea, dark urine and loss of appetite.",Hepatitis A
"I feel terrible with extreme fatigue, swollen lymph nodes in neck, enlarged spleen and headache.",Mononucleosis
"Suffering from daytime fatigue, irritability, difficulty concentrating",Insomnia Disorder
"I've been dealing with sore throat, mild cough, nasal congestion and mild headache and it is getting worse.",Common Cold
"Doctor, I've had sharp stabbing facial pain, electric shock sensation in cheek, pain triggered by chewing or brushing teeth and spontaneous facial spasms for the past few days.",Trigeminal Neuralgia
Experiencing cloudy foul-smelling urine,Acute Cystitis
"Patient presenting with dry skin, constipation, brittle hair",Hypothyroidism
Feeling sharp stabbing facial pain,Trigeminal Neuralgia
"Lately I have been feeling red swollen tender skin area, fever and blisters over red area.",Cellulitis
"I cannot sleep because of shakiness, sweating and blurred vision.",Hypoglycemia
"Doctor, I've had heartburn, acid regurgitation and chest burning for the past few days.",GERD
I have fatigue,Ankylosing Spondylitis
I've been dealing with joint aching or stiffness and swelling and redness over shoulder elbow or hip and it is getting worse.,Bursitis
Lately I have been feeling persistent sad empty mood and loss of interest in hobbies.,Major Depressive Disorder
"I have emotional exhaustion, reduced personal accomplishment, digestive upset",Chronic Stress / Burnout
I have facial redness across cheeks and nose,Rosacea
Feeling wheezing,Heart Failure
"Patient presenting with increased thirst, frequent nighttime urination, tingling in hands and feet",Diabetes Type 2
Experiencing difficulty sleeping,Major Depressive Disorder
I've been dealing with chest tightness and fatigue and it is getting worse.,COPD
I feel terrible with skin warm to touch and fever.,Cellulitis
"Noticed severe racing heartbeat, dizziness, lightheadedness",Arrhythmia
Feeling cracked skin,Fungal Skin Infection
"Over the last 48 hours, I noticed cloudy or blurry vision, faded colors, glare and halos around headlights and poor night vision.",Cataract
"Noticed severe breathlessness with exercise, heart murmur, fatigue",Aortic Stenosis
"Feeling red sores around nose and mouth, sores rupture and form honey-colored crusts, mild itching",Impetigo
"Experiencing body ache, dry cough, sore throat",Influenza
I have difficulty starting urination,Benign Prostatic Hyperplasia
"Woke up today with coughing blood, unexplained weight loss and chest pain.",Tuberculosis
"Clinical notes: Patient presenting with sudden one-sided facial paralysis, inability to close one eye, drooling and loss of taste.",Bell's Palsy
Feeling shortness of breath when lying flat,Heart Failure
"Experiencing acute shivering chills, nausea, vomiting and painful frequent urination.",Pyelonephritis
I feel terrible with excess sputum and chest tightness.,COPD
"Woke up today with recurrent abdominal cramps, weight loss and rectal bleeding.",Crohn's Disease
"Over the last 48 hours, I noticed loud snoring, gasping for air during sleep, excessive daytime sleepiness and dry mouth on waking.",Sleep Apnea
"Experiencing acute dull aching head pain, tightness across forehead and scalp tenderness.",Tension Headache
"Clinical notes: Patient presenting with unintended weight loss, extreme hunger and fatigue.",Diabetes Type 1
"Clinical notes: Patient presenting with constant severe lower left abdominal pain, fever, constipation and abdominal tenderness.",Diverticulitis
"Feeling poor appetite, joint pain, nausea",Hepatitis B
"Suffering from foamy urine and facial puffiness in mornings, need medical guidance.",Glomerulonephritis
It started yesterday with irregular periods and weight gain.,Polycystic Ovary Syndrome
I have vomiting,Cholera
"Patient presenting with severe crippling joint pain, rash, headache",Chikungunya
Feeling electric shock sensation in cheek,Trigeminal Neuralgia
Experiencing frequent headaches,Chronic Stress / Burnout
"Patient presenting with chest pain on deep inhalation, fever, rapid shallow breathing",Pleural Effusion
I have dull ache when moving affected tendon,Tendinitis
"Feeling lower abdominal pressure, cloudy foul-smelling urine, blood in urine",Acute Cystitis
"I've been dealing with burning sensation in eyes, scratchy feeling and stringy mucus in eyes and it is getting worse.",Dry Eye Syndrome
"I'm experiencing profuse watery diarrhea, muscle cramps, sunken eyes and low blood pressure.",Cholera
Feeling fever,Otitis Media
"I'm experiencing extreme thirst, frequent urination, extreme hunger and blurred vision.",Diabetes Type 1
"Feeling slow-healing cuts, fatigue, darkened skin patches",Diabetes Type 2
My main issues right now are wheezing and difficulty breathing.,Asthma
Experiencing unexplained weight loss,Peptic Ulcer
"Suffering from chest pressure on exertion, shortness of breath, pain radiating to jaw or left arm",Coronary Artery Disease
"Clinical notes: Patient presenting with burning sensation when urinating, frequent urge to urinate and strong smelling urine.",Urinary Tract Infection
"Clinical notes: Patient presenting with high blood pressure, high fasting blood glucose, high triglycerides and low HDL cholesterol.",Metabolic Syndrome
"I have animal bite on skin, headache and anxiety, what could this be?",Rabies Exposure
Experiencing blind spots,Migraine with Aura
It started yesterday with gritty feeling in eye and crusty eyelids in morning.,Conjunctivitis
"Doctor, I've had visual flashes, blind spots and nausea for the past few days.",Migraine with Aura
"I have visual flashes, nausea, light sensitivity",Migraine with Aura
Experiencing acute chills and body ache.,Influenza
Lately I have been feeling constipation or diarrhea and rose-colored rash.,Typhoid Fever
"I have extreme fatigue, swollen lymph nodes in neck and headache, what could this be?",Mononucleosis
Feeling excess facial hair,Polycystic Ovary Syndrome
"Noticed severe hyperpigmentation (darkened skin), nausea, dizziness",Addison's Disease
I have sudden severe pain in upper right abdomen,Gallstones
"My main issues right now are joint swelling, rash, muscle pain and headache.",Chikungunya
"I have irregular periods, excess facial hair, thinning hair on scalp",Polycystic Ovary Syndrome
Experiencing acute bruising easily and slow wound healing.,Scurvy
It started yesterday with scaly skin and clear skin in center of ring.,Fungal Skin Infection
Experiencing pain with swallowing,Pharyngitis
"Suffering from irregular heartbeat, numbness in fingers and extreme fatigue, need medical guidance.",Electrolyte Imbalance
"Experiencing burning sensation when urinating, frequent urge to urinate, pelvic pressure",Urinary Tract Infection
I have sudden hair loss,Alopecia Areata
"I feel terrible with frequent infections, chronic fatigue, low mood and hair loss.",Vitamin D Deficiency
"Doctor, I've had raised red itchy welts, swelling that changes shape and location, burning sensation on skin",Urticaria
Experiencing stomach pain,Typhoid Fever
"Lately I have been feeling loss of interest in hobbies, feelings of worthlessness and difficulty sleeping.",Major Depressive Disorder
Feeling irregular periods,Polycystic Ovary Syndrome
"Suffering from slow movement, impaired balance, soft voice and shuffling gait, need medical guidance.",Parkinson's Disease
"Doctor, I've had fatigue, cold intolerance, brittle hair",Hypothyroidism
Feeling swelling in ankles and feet,Chronic Kidney Disease
"Lately I have been feeling loss of interest in hobbies, fatigue and difficulty sleeping.",Major Depressive Disorder
I feel terrible with prolonged bleeding from small cuts and bleeding gums.,Thrombocytopenia
"I cannot sleep because of itchy eyes, watery discharge and crusty eyelids in morning.",Conjunctivitis
Feeling muscle weakness,Vitamin D Deficiency
"I've been dealing with visual flashes, tingling in face or hands, nausea and light sensitivity and it is getting worse.",Migraine with Aura
"Patient reports mucus production, chest discomfort, mild fever and fatigue with increasing discomfort.",Bronchitis
"I have vomiting, mild fever, dehydration",Gastroenteritis
"Suffering from persistent cough for more than 3 weeks and fever, need medical guidance.",Tuberculosis
Experiencing acute joint stiffness in mornings and loss of joint flexibility.,Osteoarthritis
"I'm experiencing salt cravings, nausea and dizziness.",Addison's Disease
"Experiencing sweating, trembling, feeling of choking",Panic Disorder
I cannot sleep because of waking up during the night and daytime fatigue.,Insomnia Disorder
"Suffering from fatigue, unexplained weight gain, muscle weakness and brittle hair, need medical guidance.",Hypothyroidism
"I'm experiencing waking up during the night, irritability and difficulty concentrating.",Insomnia Disorder
"Clinical notes: Patient presenting with irregular periods, excess facial hair, thinning hair on scalp and weight gain.",Polycystic Ovary Syndrome
"I'm experiencing crushing chest pain, pain radiating to left arm neck or jaw and shortness of breath.",Heart Attack
"I'm experiencing visual flashes, tingling in face or hands, throbbing head pain and nausea.",Migraine with Aura
"I feel terrible with painful swallowing, enlarged tender neck nodes and bad breath.",Tonsillitis
"Noticed severe stinging eyes, scratchy feeling, stringy mucus in eyes",Dry Eye Syndrome
"I feel terrible with pounding racing heart, chest tightness, trembling and fear of losing control.",Panic Disorder
Feeling body ache,Malaria
Feeling dry persistent cough,Pleural Effusion
"My main issues right now are facial pain, nasal congestion, headache and reduced smell.",Sinusitis
Feeling unsteady gait,Multiple Sclerosis
Feeling painful urination,Kidney Stones
"Over the last 48 hours, I noticed fatigue and dark urine.",Hepatitis B
Experiencing extreme fatigue,Typhoid Fever
"Doctor, I've had sudden facial drooping, arm weakness, sudden severe headache",Stroke
"I'm experiencing dry cracked scaly skin, bumps and blisters and burning sensation.",Contact Dermatitis
"I'm experiencing emotional exhaustion, chronic physical fatigue, frequent headaches and digestive upset.",Chronic Stress / Burnout
I have morning headache,Sleep Apnea
"Noticed severe frequent urination, unintended weight loss, extreme hunger",Diabetes Type 1
"Been having loss of joint flexibility, grating sensation, bone spurs",Osteoarthritis
"Experiencing sudden high fever, pain behind the eyes, joint and muscle ache",Dengue Fever
Experiencing sore throat,Common Cold
"Experiencing irregular periods, thinning hair on scalp, ovarian cysts",Polycystic Ovary Syndrome
"I've been dealing with widespread musculoskeletal pain, chronic fatigue and sleep disturbances and it is getting worse.",Fibromyalgia
Lately I have been feeling nausea and bloating.,Gastritis
"Been having numbness and tingling in thumb index and middle fingers, dropping objects, pain radiating up forearm",Carpal Tunnel Syndrome
"I feel terrible with feeling full too quickly, bloating and unexplained weight loss.",Peptic Ulcer
"Experiencing acute heartburn, acid regurgitation, difficulty swallowing and chronic dry cough.",GERD
"Patient reports sudden facial drooping, loss of balance and vision loss with increasing discomfort.",Stroke
I have glare and halos around headlights,Cataract
"Patient presenting with profuse watery diarrhea, sunken eyes, low blood pressure",Cholera
Experiencing low-grade fever,Acute Cystitis
I have jaundice,Hepatitis C
"I've been dealing with sharp ear pain, muffled hearing and fluid draining from ear and it is getting worse.",Otitis Media
I have frequent urination,Diabetes Type 1
"Doctor, I've had numbness in limbs, electric shock sensations, tremor and unsteady gait for the past few days.",Multiple Sclerosis
Feeling ovarian cysts,Polycystic Ovary Syndrome
"My main issues right now are bullseye skin rash, chills, stiff neck and swollen lymph nodes.",Lyme Disease
I've been dealing with bright red rectal bleeding and swelling or lump near anus and it is getting worse.,Hemorrhoids
I've been dealing with flank pain on one side and painful frequent urination and it is getting worse.,Pyelonephritis
"I cannot sleep because of facial pain, nasal congestion and thick nasal discharge.",Sinusitis
Lately I have been feeling frequent nighttime urination and slow-healing cuts.,Diabetes Type 2
Experiencing fever,Otitis Media
I have pain worse in mornings and improves with exercise,Ankylosing Spondylitis
"Lately I have been feeling frequent sneezing, clear runny nose, itchy roof of mouth and nasal congestion.",Allergic Rhinitis
"Over the last 48 hours, I noticed excruciating pain around one eye, tearing and nasal congestion on one side.",Cluster Headache
Experiencing acute morning headache and excessive daytime sleepiness.,Sleep Apnea
"Feeling fever, tiredness, loss of appetite",Chickenpox
I have throbbing calf pain,Deep Vein Thrombosis
I have frequent nighttime urination,Benign Prostatic Hyperplasia
Patient reports smooth red tongue and fatigue with increasing discomfort.,Vitamin B12 Deficiency
Feeling infrequent urination,Dehydration
"Doctor, I've had severe upper abdominal pain radiating to back, vomiting, fever and tenderness to touch for the past few days.",Pancreatitis
"Been having severe upper abdominal pain radiating to back, nausea, tenderness to touch",Pancreatitis
Experiencing joint stiffness in mornings,Osteoarthritis
"I'm experiencing fluttering in chest, racing heartbeat, slow heartbeat and dizziness.",Arrhythmia
I have chest tightness,COPD
Feeling stinging eyes,Dry Eye Syndrome
"Over the last 48 hours, I noticed fever, tiredness, headache and red spots on skin.",Chickenpox
I cannot sleep because of persistent sad empty mood and changes in appetite or weight.,Major Depressive Disorder
"My main issues right now are tingling in hands and feet, unsteady balance and pale or jaundiced skin.",Vitamin B12 Deficiency
"Noticed severe red watery eyes, tiny white spots inside mouth, blotchy skin rash",Measles
"Experiencing acute smooth red tongue, fatigue and pale or jaundiced skin.",Vitamin B12 Deficiency
"Doctor, I've had loss of taste or smell, fatigue, shortness of breath",COVID-19
"It started yesterday with bloody diarrhea, urgent need to defecate, rectal pain and weight loss.",Ulcerative Colitis
"My main issues right now are itchy fluid-filled blisters, tiredness, loss of appetite and headache.",Chickenpox
Experiencing swelling in one calf or leg,Deep Vein Thrombosis
"I have difficulty falling asleep, waking up during the night, waking up too early and daytime fatigue, what could this be?",Insomnia Disorder
"Doctor, I've had numbness in limbs and electric shock sensations for the past few days.",Multiple Sclerosis
"My main issues right now are shakiness, rapid heartbeat, confusion and hunger.",Hypoglycemia
"Noticed severe constant severe lower left abdominal pain, fever, constipation",Diverticulitis
"Over the last 48 hours, I noticed fever, tiredness, loss of appetite and red spots on skin.",Chickenpox
"Experiencing pounding racing heart, chest tightness, trembling",Panic Disorder
I've been dealing with animal bite on skin and headache and it is getting worse.,Rabies Exposure
"I feel terrible with sweating, trembling, feeling of choking and fear of losing control.",Panic Disorder
"Noticed severe swelling that changes shape and location, intense itching, burning sensation on skin",Urticaria
Experiencing acute thick nasal discharge and pressure around eyes.,Sinusitis
"My main issues right now are smooth red tongue, fatigue, unsteady balance and pale or jaundiced skin.",Vitamin B12 Deficiency
I have weak urine stream,Benign Prostatic Hyperplasia
Clinical notes: Patient presenting with nausea and rebound tenderness.,Appendicitis
I have symmetrical joint pain in both hands,Rheumatoid Arthritis
"Noticed severe heartburn, chest burning, difficulty swallowing",GERD
Feeling blurred vision,Glaucoma
Experiencing acute temporary dizziness and arm weakness.,Transient Ischemic Attack (TIA)
Experiencing prolonged bleeding from small cuts,Thrombocytopenia
"Patient reports pale skin, weakness and shortness of breath with mild exertion with increasing discomfort.",Iron Deficiency Anemia
"Patient presenting with facial pain, reduced smell, pressure around eyes",Sinusitis
"Over the last 48 hours, I noticed abrupt high fever and headache.",Chikungunya
"Clinical notes: Patient presenting with pink or cola-colored urine, facial puffiness in mornings and swollen ankles.",Glomerulonephritis
"Feeling feeling of incomplete evacuation, abdominal fullness, bloating",Constipation
Experiencing fever,Rabies Exposure
It started yesterday with bloating and nausea.,Peptic Ulcer
"Noticed severe extreme fatigue, low blood pressure, salt cravings",Addison's Disease
"My main issues right now are vomiting, rapid dehydration and muscle cramps.",Cholera
Patient reports irritability and sleep disturbance with increasing discomfort.,Generalized Anxiety Disorder
I have pink or cola-colored urine,Glomerulonephritis
"I feel terrible with sudden severe pain in upper right abdomen, pain radiating to right shoulder, vomiting and indigestion after fatty meals.",Gallstones
Experiencing light sensitivity,Migraine with Aura
Feeling foamy urine,Chronic Kidney Disease
"Noticed severe morning headache, shortness of breath, nosebleeds",Hypertension
"Feeling sudden intense terror, pounding racing heart, fear of losing control",Panic Disorder
"Noticed severe dark urine, yellowing of skin and eyes, loss of appetite",Hepatitis A
"I have dry skin, constipation, muscle weakness",Hypothyroidism
"Experiencing acute mucus production, chest discomfort, mild fever and wheezing.",Bronchitis
Clinical notes: Patient presenting with pink or cola-colored urine and facial puffiness in mornings.,Glomerulonephritis
"I have red swollen tender skin area, skin warm to touch, fever",Cellulitis
"It started yesterday with extreme thirst, dry mouth and sunken eyes.",Dehydration
I cannot sleep because of dropping objects and pain radiating up forearm.,Carpal Tunnel Syndrome
"Lately I have been feeling sudden facial drooping, arm weakness, slurred speech and vision loss.",Stroke
"Doctor, I've had severe upper abdominal pain radiating to back, vomiting, tenderness to touch",Pancreatitis
Experiencing muscle weakness,Hypothyroidism
"Been having irregular heartbeat, confusion, numbness in fingers",Electrolyte Imbalance
"Experiencing acute chills, fatigue and stiff neck.",Lyme Disease
I'm experiencing painful swallowing and fever.,Tonsillitis
"I'm experiencing persistent excessive worry, muscle tension, difficulty concentrating and irritability.",Generalized Anxiety Disorder
"Patient presenting with difficulty falling asleep, waking up during the night, irritability",Insomnia Disorder
"Lately I have been feeling constant severe lower left abdominal pain, fever and abdominal tenderness.",Diverticulitis
"I'm experiencing sudden facial drooping, arm weakness and slurred speech.",Stroke
"I've been dealing with fatigue, abdominal pain, dark urine and loss of appetite and it is getting worse.",Hepatitis A
"Doctor, I've had fever, chills, body aches",Lyme Disease
Feeling persistent fatigue,Heart Failure
I have mild cough,Common Cold
I have fever,Chickenpox
"My main issues right now are light sensitivity, sound sensitivity and visual aura.",Migraine
"Patient presenting with feeling full too quickly, nausea, unexplained weight loss",Peptic Ulcer
"Suffering from cold intolerance and muscle weakness, need medical guidance.",Hypothyroidism
I have brittle hair,Hypothyroidism
"Experiencing rapid heartbeat, dizziness, confusion",Hypoglycemia
"Experiencing pain radiating to left arm neck or jaw, cold sweat, dizziness",Heart Attack
"I have dull aching head pain, scalp tenderness, neck stiffness and shoulder tension, what could this be?",Tension Headache
It started yesterday with intense itching worse at night and tiny blisters between fingers wrists and waistline.,Scabies
Experiencing nausea,Kidney Stones
I'm experiencing irregular heartbeat and numbness in fingers.,Electrolyte Imbalance
Feeling pain behind the eyes,Dengue Fever
"Suffering from cloudy or blurry vision, poor night vision, frequent eyeglasses changes",Cataract
"Suffering from abdominal pain, pale stools, loss of appetite",Hepatitis A
I have fever,COVID-19
"Experiencing sudden intense terror, chest tightness, trembling",Panic Disorder
"I have gradual numbness in feet, burning pain in hands and extreme sensitivity to touch, what could this be?",Peripheral Neuropathy
"Experiencing acute shortness of breath when lying flat, persistent fatigue, rapid weight gain from fluid and wheezing.",Heart Failure
I feel terrible with fatigue and brittle hair.,Hypothyroidism
Experiencing reduced smell,Sinusitis
Patient reports nausea and yellowing of skin and eyes with increasing discomfort.,Hepatitis A
"Over the last 48 hours, I noticed mild cough and mild headache.",Common Cold
"I've been dealing with widespread musculoskeletal pain, chronic fatigue, cognitive brain fog and tender trigger points and it is getting worse.",Fibromyalgia
Feeling extreme thirst,Diabetes Type 1
"Doctor, I've had severe crippling joint pain, rash and muscle pain for the past few days.",Chikungunya
"I'm experiencing fatigue, pale stools and yellowing of skin and eyes.",Hepatitis A
"I have tightness across forehead, scalp tenderness, neck stiffness",Tension Headache
My main issues right now are headache and stomach pain.,Typhoid Fever
"I'm experiencing extreme thirst, unintended weight loss, fatigue and blurred vision.",Diabetes Type 1
"Patient reports tingling in face or hands, nausea and light sensitivity with increasing discomfort.",Migraine with Aura
"Woke up today with dull ache when moving affected tendon, mild swelling and joint stiffness near shoulder elbow or heel.",Tendinitis
Woke up today with burning pain in hands and muscle weakness.,Peripheral Neuropathy
"Suffering from fatigue, unexplained weight gain and brittle hair, need medical guidance.",Hypothyroidism
"I have sharp shooting pain from lower back down leg and tingling in toes, what could this be?",Sciatica
"Been having urgent need to defecate, cramping abdominal pain, fever",Ulcerative Colitis
Feeling severe sore throat,Pharyngitis
Experiencing throbbing headache,Migraine
"Over the last 48 hours, I noticed severe sore throat, pain with swallowing, red swollen tonsils and fever.",Pharyngitis
"I have hard dry stools, abdominal fullness, bloating",Constipation
Experiencing frequent infections,Vitamin D Deficiency
Woke up today with bloating and gas.,Celiac Disease
I have bloating,Peptic Ulcer
Experiencing sharp lower right abdominal pain,Appendicitis
I feel terrible with pale skin and weakness.,Iron Deficiency Anemia
"Suffering from chronic fatigue and loss of appetite, need medical guidance.",Hepatitis C
"Patient reports dizziness on standing, brain fog and palpitations with increasing discomfort.",Postural Orthostatic Tachycardia (POTS)
"Patient reports red rash localized to area of contact, dry cracked scaly skin and bumps and blisters with increasing discomfort.",Contact Dermatitis
"Experiencing large waist circumference, high triglycerides, low HDL cholesterol",Metabolic Syndrome
Feeling thinning hair on scalp,Polycystic Ovary Syndrome
"I have abrupt high fever, joint swelling, rash and headache, what could this be?",Chikungunya
"Experiencing corkscrew body hair, bruising easily, joint and muscle aches",Scurvy
"Experiencing acute widespread musculoskeletal pain, sleep disturbances and cognitive brain fog.",Fibromyalgia
Experiencing tingling in toes,Sciatica
I have nausea,Pyelonephritis
"I have abrupt high fever and severe crippling joint pain, what could this be?",Chikungunya
Feeling fever,Ulcerative Colitis
Feeling high triglycerides,Metabolic Syndrome
Experiencing joint and muscle aches,Scurvy
Feeling dry skin,Hypothyroidism
Feeling gradual loss of peripheral vision,Glaucoma
"Experiencing frequent urination, extreme hunger, fatigue",Diabetes Type 1
Experiencing bloating,Peptic Ulcer
I have rectal bleeding,Crohn's Disease
"Clinical notes: Patient presenting with muscle cramps and spasms, irregular heartbeat, confusion and numbness in fingers.",Electrolyte Imbalance
"Been having chest tightness, sweating, feeling of choking",Panic Disorder
Experiencing fever,Pharyngitis
"Patient presenting with animal bite on skin, tingling around bite site, agitation",Rabies Exposure
"Suffering from petechiae (superficial pinpoint purple spots on skin), prolonged bleeding from small cuts, bleeding gums",Thrombocytopenia
Experiencing hyperpigmentation (darkened skin),Addison's Disease
Feeling loss of balance,Benign Paroxysmal Positional Vertigo
Lately I have been feeling uncontrolled jerking movements and staring spells.,Epilepsy
Feeling sweating,Hypoglycemia
Experiencing nausea,Migraine with Aura
"Feeling burning sensation when urinating, frequent urge to urinate, cloudy urine",Urinary Tract Infection
It started yesterday with profuse watery diarrhea and sunken eyes.,Cholera
Experiencing rapid heartbeat,Hypoglycemia
Feeling mucus in stool,Irritable Bowel Syndrome
"I have chronic pelvic pain and pain when bladder fills, what could this be?",Interstitial Cystitis
"Patient presenting with burning stomach pain between meals, feeling full too quickly, bloating",Peptic Ulcer
"Woke up today with severe upper abdominal pain radiating to back, vomiting and tenderness to touch.",Pancreatitis
I have dry cracked skin patches,Eczema
"I have severe crippling joint pain, joint swelling, rash",Chikungunya
"Clinical notes: Patient presenting with weight loss, fatigue and mouth sores.",Crohn's Disease
"Clinical notes: Patient presenting with numbness in limbs, tremor and fatigue.",Multiple Sclerosis
I'm experiencing mild fever and fatigue.,Bronchitis
"Suffering from flank pain on one side, vomiting, painful frequent urination",Pyelonephritis
Experiencing poor appetite,Hepatitis B
"It started yesterday with sound sensitivity, visual aura and dizziness.",Migraine
I have pain with swallowing,Pharyngitis
"Patient presenting with difficulty starting urination, frequent nighttime urination, dribbling after urination",Benign Prostatic Hyperplasia
"I've been dealing with shakiness, sweating, confusion and blurred vision and it is getting worse.",Hypoglycemia
Experiencing fatigue,Ankylosing Spondylitis
"Patient reports resting tremor, soft voice and shuffling gait with increasing discomfort.",Parkinson's Disease
"Been having acid regurgitation, chest burning, sour taste in mouth",GERD
"Doctor, I've had stomach cramps, nausea, dehydration",Gastroenteritis
"I feel terrible with watery diarrhea, stomach cramps, nausea and vomiting.",Gastroenteritis
"I have squeezing chest pain with physical exertion, pressure in chest relieved by rest, nausea",Angina Pectoris
"Feeling muscle cramps and spasms, confusion, extreme fatigue",Electrolyte Imbalance
"Suffering from sharp ear pain, fever, feeling of fullness in ear",Otitis Media
"I've been dealing with throbbing head pain, nausea and light sensitivity and it is getting worse.",Migraine with Aura
"I cannot sleep because of severe sore throat, swollen lymph nodes in neck and enlarged spleen.",Mononucleosis
Experiencing fatigue,Multiple Sclerosis
Patient reports high fever and blotchy skin rash with increasing discomfort.,Measles
I have redness of skin on leg,Deep Vein Thrombosis
Feeling pelvic pressure,Urinary Tract Infection
"Noticed severe constipation, bloating, abdominal tenderness",Diverticulitis
"I'm experiencing pain with swallowing, fever and swollen neck lymph nodes.",Pharyngitis
"Lately I have been feeling intense itching worse at night, thin wavy burrow tracks on skin and tiny blisters between fingers wrists and waistline.",Scabies
I'm experiencing morning headache and shortness of breath.,Hypertension
I have dull aching head pain,Tension Headache
"Suffering from mucus production, fatigue and wheezing, need medical guidance.",Bronchitis
Experiencing morning headache,Hypertension
Experiencing high fever,Pyelonephritis
"Suffering from severe itching and bumps and blisters, need medical guidance.",Contact Dermatitis
"I cannot sleep because of extreme thirst, unintended weight loss and fatigue.",Diabetes Type 1
Clinical notes: Patient presenting with extreme thirst and dizziness upon standing.,Dehydration
I've been dealing with arm weakness and loss of balance and it is getting worse.,Stroke
"I'm experiencing high fever, flank pain on one side and painful frequent urination.",Pyelonephritis
My main issues right now are upper abdominal pain and belching.,Gastritis
"It started yesterday with rapid heart rate, unintended weight loss, heat intolerance and sweating.",Hyperthyroidism
"Over the last 48 hours, I noticed fever and constipation.",Diverticulitis
"I have petechiae (superficial pinpoint purple spots on skin), prolonged bleeding from small cuts and nosebleeds, what could this be?",Thrombocytopenia
It started yesterday with cognitive brain fog and tender trigger points.,Fibromyalgia
"Experiencing loud snoring, morning headache, excessive daytime sleepiness",Sleep Apnea
"Noticed severe weak urine stream, frequent nighttime urination, dribbling after urination",Benign Prostatic Hyperplasia
"Doctor, I've had shakiness, dizziness and confusion for the past few days.",Hypoglycemia
"Suffering from muscle cramps and low blood pressure, need medical guidance.",Cholera
"Feeling frequent sneezing, clear runny nose, nasal congestion",Allergic Rhinitis
"I have cyclical high fever, profuse sweating, nausea and body ache, what could this be?",Malaria
"Suffering from pounding racing heart, chest tightness, sweating",Panic Disorder
"Patient reports round coin-sized smooth bald patches on scalp, sudden hair loss and exclamation point hairs with increasing discomfort.",Alopecia Areata
Feeling unintended weight loss,Hyperthyroidism
My main issues right now are sharp ear pain and irritability.,Otitis Media
"Been having burning localized pain, fluid-filled blisters on one side of body, skin sensitivity",Shingles
I have rapid dehydration,Cholera
"Suffering from rapid heart rate, heat intolerance, trembling hands and bulging eyes, need medical guidance.",Hyperthyroidism
Feeling nausea,Appendicitis
Lately I have been feeling swollen lymph nodes in neck and enlarged spleen.,Mononucleosis
I have sharp ear pain,Otitis Media
"I have weight loss, mouth sores and rectal bleeding, what could this be?",Crohn's Disease
"Lately I have been feeling widespread musculoskeletal pain, cognitive brain fog and tender trigger points.",Fibromyalgia
"Patient presenting with gradual loss of peripheral vision, severe eye pain with halo around lights, blurred vision",Glaucoma
"Doctor, I've had high fever, cough with phlegm, rapid breathing",Pneumonia
"Over the last 48 hours, I noticed sudden high fever, severe headache, pain behind the eyes and joint and muscle ache.",Dengue Fever
I have low blood pressure,Addison's Disease
"Feeling high fever, chills, sore throat",Influenza
I have yellowing of skin and eyes,Hepatitis A
"My main issues right now are extreme fatigue, weakness, cold hands and feet and brittle nails.",Iron Deficiency Anemia
"Lately I have been feeling pounding racing heart, chest tightness and feeling of choking.",Panic Disorder
I have tingling in hands and feet,Vitamin B12 Deficiency
Feeling loss of taste,Bell's Palsy
"Patient reports shakiness, rapid heartbeat, dizziness and hunger with increasing discomfort.",Hypoglycemia
I have fever,Tuberculosis
"Woke up today with cold sweat, shortness of breath and severe nausea.",Heart Attack
Feeling tiny white spots inside mouth,Measles
"Clinical notes: Patient presenting with restlessness, muscle tension, irritability and sleep disturbance.",Generalized Anxiety Disorder
"Experiencing swelling in ankles and feet, nausea, loss of appetite",Chronic Kidney Disease
"Doctor, I've had round moon face, purple stretch marks and easy bruising for the past few days.",Cushing's Syndrome
Experiencing swollen lymph nodes in neck,Mononucleosis
"I have headache, stomach pain and rose-colored rash, what could this be?",Typhoid Fever
My main issues right now are bloating and mucus in stool.,Irritable Bowel Syndrome
"Patient presenting with pale skin, brittle nails, shortness of breath with mild exertion",Iron Deficiency Anemia
"Doctor, I've had chronic lower back pain and stiffness, pain worse in mornings and improves with exercise, reduced spine flexibility",Ankylosing Spondylitis
"Suffering from weak urine stream, difficulty starting urination, dribbling after urination",Benign Prostatic Hyperplasia
"I have rapid pulse, fever and tenderness to touch, what could this be?",Pancreatitis
"Been having slow heartbeat, dizziness, fainting episodes",Arrhythmia
I have nausea,Migraine with Aura
Experiencing brittle hair,Hypothyroidism
"It started yesterday with wheezing, chest tightness, persistent cough and difficulty breathing.",Asthma
"Doctor, I've had uncontrolled jerking movements, temporary confusion, loss of consciousness",Epilepsy
"Noticed severe sudden spinning sensation when turning head, loss of balance, nausea with head movement",Benign Paroxysmal Positional Vertigo
I've been dealing with sharp ear pain and fluid draining from ear and it is getting worse.,Otitis Media
I have fluid-filled blisters on one side of body,Shingles
"Experiencing acute weak urine stream, difficulty starting urination and frequent nighttime urination.",Benign Prostatic Hyperplasia
"Experiencing acute bullseye skin rash, fever, fatigue and swollen lymph nodes.",Lyme Disease
"Doctor, I've had runny nose, sneezing and mild headache for the past few days.",Common Cold
"Been having loud snoring, gasping for air during sleep, excessive daytime sleepiness",Sleep Apnea
Feeling red sores around nose and mouth,Impetigo
"Over the last 48 hours, I noticed difficulty concentrating and irritability.",Generalized Anxiety Disorder
Experiencing fatigue,Malaria
"Patient reports nasal congestion, thick nasal discharge, headache and pressure around eyes with increasing discomfort.",Sinusitis
"Noticed severe unintended weight loss, anxiety, bulging eyes",Hyperthyroidism
"I'm experiencing severe crippling joint pain, joint swelling and muscle pain.",Chikungunya
"I feel terrible with fluid-filled blisters on one side of body, skin sensitivity and fever.",Shingles
Feeling shakiness,Hypoglycemia
"I'm experiencing sudden high fever, pain behind the eyes, joint and muscle ache and skin rash.",Dengue Fever
"I've been dealing with nausea, mild fever, body aches and dehydration and it is getting worse.",Gastroenteritis
Feeling cold hands and feet,Iron Deficiency Anemia
"Lately I have been feeling nausea, abdominal pain, dark urine and yellowing of skin and eyes.",Hepatitis A
I have fever,Ulcerative Colitis
"I've been dealing with persistent fatigue, nausea and metallic taste in mouth and it is getting worse.",Chronic Kidney Disease
"Clinical notes: Patient presenting with prolonged step-ladder fever, stomach pain, constipation or diarrhea and extreme fatigue.",Typhoid Fever
"Experiencing acute bloody diarrhea, cramping abdominal pain and weight loss.",Ulcerative Colitis
I have sweating,Panic Disorder
"I feel terrible with rapid heart rate, heat intolerance and trembling hands.",Hyperthyroidism
"I'm experiencing bloody diarrhea, cramping abdominal pain, rectal pain and weight loss.",Ulcerative Colitis
I have gradual loss of height over time,Osteoporosis
"Doctor, I've had runny nose, red watery eyes, blotchy skin rash",Measles
Experiencing low blood pressure,Cholera
"Patient presenting with chronic diarrhea, skin rash, iron deficiency",Celiac Disease
Feeling grinding noise when turning neck,Cervical Spondylosis
"Been having pain radiating to left arm neck or jaw, severe nausea, dizziness",Heart Attack
Clinical notes: Patient presenting with persistent excessive worry and difficulty concentrating.,Generalized Anxiety Disorder
Feeling constipation or diarrhea,Typhoid Fever
I have frequent headaches,Chronic Stress / Burnout
Feeling microcytic red blood cells on lab work,Thalassemia Minor
Feeling severe nausea,Heart Attack
"I have heartburn, difficulty swallowing, sour taste in mouth",GERD
Feeling sunken eyes,Dehydration
"Suffering from high fever, shortness of breath and rapid breathing, need medical guidance.",Pneumonia
I have intense fear of social interactions,Social Anxiety Disorder
"Woke up today with frequent nighttime urination, slow-healing cuts and tingling in hands and feet.",Diabetes Type 2
I have sweating,Hypoglycemia
"Noticed severe sneezing, mild cough, nasal congestion",Common Cold
"Suffering from pain worse in mornings and improves with exercise, reduced spine flexibility, fatigue",Ankylosing Spondylitis
"Been having bloating, gas, fatigue",Celiac Disease
Experiencing thick nasal discharge,Sinusitis
Experiencing mild cough,Common Cold
"Feeling gasping for air during sleep, morning headache, excessive daytime sleepiness",Sleep Apnea
I have tingling or numbness in arms or fingers,Cervical Spondylosis
Experiencing cloudy urine,Urinary Tract Infection
Experiencing muscle cramps,Cholera
"It started yesterday with profuse watery diarrhea, muscle cramps and sunken eyes.",Cholera
Experiencing loss of appetite,Appendicitis
"Patient reports cynicism and detachment, reduced personal accomplishment, frequent headaches and digestive upset with increasing discomfort.",Chronic Stress / Burnout
"I have difficulty falling asleep, daytime fatigue, irritability",Insomnia Disorder
Feeling cramping abdominal pain,Ulcerative Colitis
"I've been dealing with chronic cough, wheezing and chest tightness and it is getting worse.",COPD
Feeling indigestion after fatty meals,Gallstones
"I have dull aching head pain and tightness across forehead, what could this be?",Tension Headache
"Clinical notes: Patient presenting with bleeding gums, corkscrew body hair, bruising easily and fatigue.",Scurvy
"Doctor, I've had pain with swallowing and swollen neck lymph nodes for the past few days.",Pharyngitis
Feeling bloating,Constipation
Woke up today with loss of voice and dry cough.,Laryngitis
"Been having tremor, fatigue, unsteady gait",Multiple Sclerosis
"Lately I have been feeling sudden intense joint pain in big toe, swelling and redness of big toe, lingering joint discomfort and limited range of motion.",Gout
"Doctor, I've had throbbing headache, light sensitivity, sound sensitivity",Migraine
Experiencing high blood pressure,Cushing's Syndrome
"I cannot sleep because of extreme fatigue, salt cravings and nausea.",Addison's Disease
I have chronic fatigue,Hepatitis C
"It started yesterday with prolonged bleeding from small cuts, bleeding gums and nosebleeds.",Thrombocytopenia
I've been dealing with gas and fatigue and it is getting worse.,Celiac Disease
"Patient presenting with gradual numbness in feet, extreme sensitivity to touch, muscle weakness",Peripheral Neuropathy
"My main issues right now are neck pain and stiffness, tingling or numbness in arms or fingers and grinding noise when turning neck.",Cervical Spondylosis
"Suffering from weakness and shortness of breath with mild exertion, need medical guidance.",Iron Deficiency Anemia
I'm experiencing inability to close one eye and drooling.,Bell's Palsy
Experiencing pain radiating up forearm,Carpal Tunnel Syndrome
"Suffering from nasal congestion, thick nasal discharge, reduced smell",Sinusitis
"Patient presenting with upper abdominal pain, loss of appetite, belching",Gastritis
"Patient presenting with sudden one-sided facial paralysis, inability to close one eye, loss of taste",Bell's Palsy
I have heartburn,GERD
"Noticed severe restlessness, irritability, sleep disturbance",Generalized Anxiety Disorder
Feeling dizziness on standing,Postural Orthostatic Tachycardia (POTS)
I have extreme fatigue,Mononucleosis
"Patient presenting with nausea, sound sensitivity, visual aura",Migraine
"I have morning headache, shortness of breath, chest tightness",Hypertension
Experiencing spontaneous facial spasms,Trigeminal Neuralgia
I've been dealing with animal bite on skin and agitation and it is getting worse.,Rabies Exposure
"My main issues right now are burning stomach, nausea, bloating and loss of appetite.",Gastritis
I cannot sleep because of pounding racing heart and chest tightness.,Panic Disorder
"Patient reports pink or cola-colored urine, foamy urine and high blood pressure with increasing discomfort.",Glomerulonephritis
I have sudden one-sided facial paralysis,Bell's Palsy
"Patient reports painful swallowing, fever and enlarged tender neck nodes with increasing discomfort.",Tonsillitis
"Experiencing bleeding gums, corkscrew body hair, fatigue",Scurvy
"I cannot sleep because of cloudy or blurry vision, glare and halos around headlights and poor night vision.",Cataract
"Patient reports poor appetite, dark urine, joint pain and nausea with increasing discomfort.",Hepatitis B
Feeling morning joint stiffness lasting >1 hour,Rheumatoid Arthritis
Clinical notes: Patient presenting with hard dry stools and bloating.,Constipation
I have ovarian cysts,Polycystic Ovary Syndrome
"I cannot sleep because of loss of taste or smell, fatigue and body aches.",COVID-19
"I cannot sleep because of racing heartbeat, lightheadedness and fainting episodes.",Arrhythmia
"I've been dealing with fever, dry cough, shortness of breath and sore throat and it is getting worse.",COVID-19
Experiencing sharp ear pain,Otitis Media
Feeling pimples with pus (pustules),Acne Vulgaris
"Noticed severe excess sputum, wheezing, chest tightness",COPD
Experiencing rapid shallow breathing,Pleural Effusion
I feel terrible with sneezing and nasal congestion.,Common Cold
"Noticed severe animal bite on skin, tingling around bite site, headache",Rabies Exposure
I have weakness,Iron Deficiency Anemia
Experiencing poor night vision,Cataract
"Feeling runny nose, sore throat, mild headache",Common Cold
"Clinical notes: Patient presenting with fatigue, dull discomfort in upper right abdomen and slight liver enlargement.",Fatty Liver Disease
"I've been dealing with weak urine stream, difficulty starting urination, dribbling after urination and urinary urgency and it is getting worse.",Benign Prostatic Hyperplasia
"Doctor, I've had fluid-filled blisters on one side of body and itching for the past few days.",Shingles
"Experiencing numbness and tingling in thumb index and middle fingers, hand weakness, pain radiating up forearm",Carpal Tunnel Syndrome
"Feeling persistent excessive worry, restlessness, sleep disturbance",Generalized Anxiety Disorder
Lately I have been feeling pink or red discoloration of eye and gritty feeling in eye.,Conjunctivitis
Experiencing bloating,Celiac Disease
"Suffering from sudden severe headache and loss of balance, need medical guidance.",Stroke
"I have extreme fatigue, brittle nails, shortness of breath with mild exertion",Iron Deficiency Anemia
Clinical notes: Patient presenting with cyclical high fever and headache.,Malaria
Feeling thin wavy burrow tracks on skin,Scabies
Feeling swelling that changes shape and location,Urticaria
"Lately I have been feeling frequent urination, unintended weight loss, extreme hunger and fatigue.",Diabetes Type 1
Experiencing chest tightness,Panic Disorder
"Been having throbbing headache, light sensitivity, visual aura",Migraine
"Experiencing red swollen tonsils, fever, swollen neck lymph nodes",Pharyngitis
I have bone spurs,Osteoarthritis
Experiencing pain worse in mornings and improves with exercise,Ankylosing Spondylitis
Experiencing persistent cough for more than 3 weeks,Tuberculosis
Experiencing fever,Rheumatoid Arthritis
"Experiencing acute fatigue, slight liver enlargement and elevated liver enzymes.",Fatty Liver Disease
"Over the last 48 hours, I noticed muscle cramps and spasms, irregular heartbeat, numbness in fingers and extreme fatigue.",Electrolyte Imbalance
"Doctor, I've had abrupt high fever, joint swelling, rash",Chikungunya
"Clinical notes: Patient presenting with sweating, rapid heartbeat and dizziness.",Hypoglycemia
"I have rapid weight gain from fluid and wheezing, what could this be?",Heart Failure
"Doctor, I've had petechiae (superficial pinpoint purple spots on skin), bleeding gums, nosebleeds",Thrombocytopenia
I have nausea,Diverticulitis
Clinical notes: Patient presenting with chronic physical fatigue and frequent headaches.,Chronic Stress / Burnout
"Over the last 48 hours, I noticed abdominal cramping, bloating, alternating diarrhea and constipation and food intolerance.",Irritable Bowel Syndrome
Patient reports yellowing of skin and eyes and nausea with increasing discomfort.,Hepatitis B
"Doctor, I've had fatigue and memory problems for the past few days.",Vitamin B12 Deficiency
"Experiencing tremor, vision loss in one eye, fatigue",Multiple Sclerosis
"Feeling loss of taste or smell, shortness of breath, body aches",COVID-19
Lately I have been feeling gradual numbness in feet and extreme sensitivity to touch.,Peripheral Neuropathy
"Noticed severe glare and halos around headlights, poor night vision, frequent eyeglasses changes",Cataract
"I cannot sleep because of hoarseness, tickling sensation in throat and dry throat.",Laryngitis
"Doctor, I've had frequent nighttime urination, slow-healing cuts, darkened skin patches",Diabetes Type 2
"Been having foamy urine, high blood pressure, swollen ankles",Glomerulonephritis
"Over the last 48 hours, I noticed fluid-filled blisters on one side of body and skin sensitivity.",Shingles
"I have joint swelling, rash, headache",Chikungunya
Feeling scratchy feeling,Dry Eye Syndrome
Feeling low HDL cholesterol,Metabolic Syndrome
"I've been dealing with chest pain on deep inhalation, dry persistent cough and fever and it is getting worse.",Pleural Effusion
Experiencing pitted thickened nails,Psoriasis
"My main issues right now are blind spots, throbbing head pain and light sensitivity.",Migraine with Aura
"My main issues right now are body ache, dry cough and sore throat.",Influenza
"My main issues right now are electric shock sensations, tremor and unsteady gait.",Multiple Sclerosis
"Patient reports extreme thirst, dry mouth and dizziness upon standing with increasing discomfort.",Dehydration
"Feeling sweating, rapid heartbeat, confusion",Hypoglycemia
I have fatigue,Diabetes Type 1
"I have sweating and bulging eyes, what could this be?",Hyperthyroidism
Feeling body aches,Gastroenteritis
"Suffering from abdominal cramping, gas, food intolerance",Irritable Bowel Syndrome
"I'm experiencing emotional exhaustion, cynicism and detachment, chronic physical fatigue and digestive upset.",Chronic Stress / Burnout
"Over the last 48 hours, I noticed swelling in ankles and feet and persistent fatigue.",Chronic Kidney Disease
"I cannot sleep because of chills, fatigue and swollen lymph nodes.",Lyme Disease
"It started yesterday with heat intolerance, sweating and anxiety.",Hyperthyroidism
"It started yesterday with bloating, gas and skin rash.",Celiac Disease
"I have sudden facial drooping, arm weakness, vision loss",Stroke
"Patient presenting with loss of interest in hobbies, fatigue, difficulty sleeping",Major Depressive Disorder
I have rapid heartbeat,Hypoglycemia
"Doctor, I've had weak urine stream, frequent nighttime urination and dribbling after urination for the past few days.",Benign Prostatic Hyperplasia
Experiencing chest tightness,Asthma
"Patient reports pain radiating to lower abdomen and groin, blood in urine, nausea and painful urination with increasing discomfort.",Kidney Stones
Feeling pink or cola-colored urine,Glomerulonephritis
I have muffled hearing,Otitis Media
"Suffering from severe headache, pain behind the eyes, skin rash and mild bleeding, need medical guidance.",Dengue Fever
"Doctor, I've had extreme fatigue, pale skin, weakness",Iron Deficiency Anemia
"Experiencing red swollen tonsils, white or yellow coating on tonsils, enlarged tender neck nodes",Tonsillitis
"Clinical notes: Patient presenting with vomiting, rapid dehydration and low blood pressure.",Cholera
"Feeling watery diarrhea, vomiting, body aches",Gastroenteritis
Experiencing vomiting,Gastroenteritis
"I cannot sleep because of chronic fatigue, sleep disturbances and tender trigger points.",Fibromyalgia
"Feeling bleeding gums, corkscrew body hair, slow wound healing",Scurvy
Experiencing severe crippling joint pain,Chikungunya
"Been having irregular periods, severe acne, ovarian cysts",Polycystic Ovary Syndrome
"Been having facial pain, nasal congestion, thick nasal discharge",Sinusitis
"Over the last 48 hours, I noticed dribbling after urination and urinary urgency.",Benign Prostatic Hyperplasia
"Doctor, I've had prolonged step-ladder fever, headache and extreme fatigue for the past few days.",Typhoid Fever
I have foamy urine,Chronic Kidney Disease
Feeling dizziness,Addison's Disease
Woke up today with sudden spinning sensation when turning head and loss of balance.,Benign Paroxysmal Positional Vertigo
"Doctor, I've had flank pain on one side and vomiting for the past few days.",Pyelonephritis
"Suffering from chest pressure on exertion, shortness of breath, fatigue",Coronary Artery Disease
"Lately I have been feeling shivering chills, nausea, body ache and fatigue.",Malaria
"Over the last 48 hours, I noticed joint stiffness in mornings and grating sensation.",Osteoarthritis
"I have chronic lower back pain and stiffness, pain worse in mornings and improves with exercise, fatigue",Ankylosing Spondylitis
Lately I have been feeling tender red bumps (papules) and pimples with pus (pustules).,Acne Vulgaris
"Suffering from bloating, alternating diarrhea and constipation, food intolerance",Irritable Bowel Syndrome
Experiencing nausea,Hepatitis B
"I feel terrible with intense skin itching, red to brownish-gray patches and small raised bumps.",Eczema
"Suffering from burning stomach and nausea, need medical guidance.",Gastritis
"I feel terrible with electric shock sensations, vision loss in one eye, fatigue and unsteady gait.",Multiple Sclerosis
"Been having dizziness on standing, brain fog, palpitations",Postural Orthostatic Tachycardia (POTS)
Feeling abrupt high fever,Chikungunya
Lately I have been feeling neck stiffness and shoulder tension.,Tension Headache
Experiencing fatigue,Bronchitis
"Patient reports persistent cough for more than 3 weeks, night sweats, unexplained weight loss and fever with increasing discomfort.",Tuberculosis
Feeling excess sputum,COPD
Feeling tingling in hands and feet,Diabetes Type 2
"Suffering from white or yellow coating on tonsils, fever, enlarged tender neck nodes and bad breath, need medical guidance.",Tonsillitis
"Woke up today with dull discomfort in upper right abdomen, slight liver enlargement and elevated liver enzymes.",Fatty Liver Disease
"Woke up today with animal bite on skin, tingling around bite site and anxiety.",Rabies Exposure
"Suffering from severe crippling joint pain, muscle pain, headache",Chikungunya
"Noticed severe prolonged step-ladder fever, rose-colored rash, extreme fatigue",Typhoid Fever
Experiencing sharp shooting pain from lower back down leg,Sciatica
"Suffering from tiredness, loss of appetite, red spots on skin",Chickenpox
"It started yesterday with fever, fatigue and sore throat.",COVID-19
Clinical notes: Patient presenting with unexplained weight loss and chest pain.,Tuberculosis
"Over the last 48 hours, I noticed animal bite on skin, tingling around bite site, fever and agitation.",Rabies Exposure
"I have sudden intense terror, pounding racing heart, chest tightness",Panic Disorder
"Doctor, I've had joint pain during or after movement, loss of joint flexibility, bone spurs",Osteoarthritis
"Lately I have been feeling tender warm swollen joints, symmetrical joint pain in both hands, fatigue and fever.",Rheumatoid Arthritis
"Clinical notes: Patient presenting with dizziness, shortness of breath, blurred vision and chest tightness.",Hypertension
"It started yesterday with easy or excessive bruising, petechiae (superficial pinpoint purple spots on skin), prolonged bleeding from small cuts and nosebleeds.",Thrombocytopenia
"I cannot sleep because of chills, dry cough and sore throat.",Influenza
"It started yesterday with runny nose, sneezing, nasal congestion and mild headache.",Common Cold
Experiencing feeling of choking,Panic Disorder
"I feel terrible with temporary numbness on one side, brief speech slurring, transient vision loss and arm weakness.",Transient Ischemic Attack (TIA)
I cannot sleep because of upper abdominal pain and nausea.,Gastritis
"Clinical notes: Patient presenting with runny nose, red watery eyes, tiny white spots inside mouth and blotchy skin rash.",Measles
"Doctor, I've had high fever, nausea, painful frequent urination",Pyelonephritis
"Doctor, I've had temporary confusion and loss of consciousness for the past few days.",Epilepsy
Patient reports urgent need to defecate and cramping abdominal pain with increasing discomfort.,Ulcerative Colitis
Feeling chest tightness,COPD
"Suffering from profuse watery diarrhea, rapid dehydration, muscle cramps and sunken eyes, need medical guidance.",Cholera
"Patient reports rapid heart rate, heat intolerance, sweating and anxiety with increasing discomfort.",Hyperthyroidism
"I'm experiencing rapid heart rate upon standing, dizziness on standing and palpitations.",Postural Orthostatic Tachycardia (POTS)
I have stomach pain,Typhoid Fever
"I have severe upper abdominal pain radiating to back, vomiting, fever",Pancreatitis
I cannot sleep because of fatigue and swollen lymph nodes.,Lyme Disease
I have itching around anus,Hemorrhoids
I have chills,Lyme Disease
"I've been dealing with severe crippling joint pain, joint swelling, rash and muscle pain and it is getting worse.",Chikungunya
Feeling alternating diarrhea and constipation,Irritable Bowel Syndrome
"Feeling muscle stiffness, impaired balance, soft voice",Parkinson's Disease
Feeling joint stiffness in mornings,Osteoarthritis
"Feeling fear of being judged or embarrassed, blushing and sweating around people, avoidance of social situations",Social Anxiety Disorder
Experiencing acute transient vision loss and arm weakness.,Transient Ischemic Attack (TIA)
"I have swelling in legs and ankles, rapid weight gain from fluid, wheezing",Heart Failure
Experiencing digestive upset,Chronic Stress / Burnout
"Feeling fever, nausea, constipation",Diverticulitis
I'm experiencing neck pain and stiffness and tingling or numbness in arms or fingers.,Cervical Spondylosis
Experiencing hoarseness,Laryngitis
"I've been dealing with irregular heartbeat, confusion, dizziness and numbness in fingers and it is getting worse.",Electrolyte Imbalance
I cannot sleep because of fatigue and poor appetite.,Hepatitis B
"Lately I have been feeling severe crippling joint pain, joint swelling, rash and headache.",Chikungunya
"Experiencing acute difficulty falling asleep, daytime fatigue, irritability and difficulty concentrating.",Insomnia Disorder
"Feeling body ache, headache, sore throat",Influenza
"Feeling profuse watery diarrhea, rapid dehydration, sunken eyes",Cholera
"Over the last 48 hours, I noticed round coin-sized smooth bald patches on scalp and pitted fingernails.",Alopecia Areata
"My main issues right now are frequent infections, low mood and hair loss.",Vitamin D Deficiency
"I have temporary numbness on one side, temporary dizziness, arm weakness",Transient Ischemic Attack (TIA)
Feeling neck pain and stiffness,Cervical Spondylosis
"I have poor appetite, dark urine, joint pain",Hepatitis B
"Suffering from chronic fatigue and tender trigger points, need medical guidance.",Fibromyalgia
"Doctor, I've had rapid heart rate, sweating, bulging eyes",Hyperthyroidism
Experiencing shortness of breath,Hypertension
"Patient presenting with loss of taste or smell, fatigue, body aches",COVID-19
Experiencing joint aches,Hepatitis C
Experiencing fever,Tonsillitis
I have fatigue,Multiple Sclerosis
Experiencing acute severe crippling joint pain and rash.,Chikungunya
"I have skin sensitivity and fever, what could this be?",Shingles
"Patient reports severe headache, skin rash and mild bleeding with increasing discomfort.",Dengue Fever
"I feel terrible with hoarseness, loss of voice and dry throat.",Laryngitis
"I cannot sleep because of profuse watery diarrhea, vomiting, rapid dehydration and low blood pressure.",Cholera
"Patient presenting with circular red itchy rash with raised edges, skin peeling, cracked skin",Fungal Skin Infection
"Noticed severe easy or excessive bruising, prolonged bleeding from small cuts, nosebleeds",Thrombocytopenia
My main issues right now are pain radiating to right shoulder and indigestion after fatty meals.,Gallstones
"Feeling burning stomach, nausea, belching",Gastritis
"Suffering from swelling and redness of big toe and lingering joint discomfort, need medical guidance.",Gout
"Been having extreme fatigue, fever, swollen lymph nodes in neck",Mononucleosis
"Experiencing unintended weight loss, extreme hunger, blurred vision",Diabetes Type 1
Experiencing severe upper abdominal pain radiating to back,Pancreatitis
Experiencing bloating,Diverticulitis
I cannot sleep because of alternating diarrhea and constipation and food intolerance.,Irritable Bowel Syndrome
"I've been dealing with rapid heart rate, heat intolerance, anxiety and bulging eyes and it is getting worse.",Hyperthyroidism
"Feeling impaired balance, soft voice, shuffling gait",Parkinson's Disease
I have dry cough,COVID-19
"Feeling vomiting, mild fever, body aches",Gastroenteritis
"Clinical notes: Patient presenting with upper abdominal pain, burning stomach and loss of appetite.",Gastritis
Feeling pain during intercourse,Interstitial Cystitis
"Been having numbness in limbs, electric shock sensations, fatigue",Multiple Sclerosis
I'm experiencing nausea and pale stools.,Hepatitis A
"I have cough and blotchy skin rash, what could this be?",Measles
"Feeling joint pain during or after movement, joint stiffness in mornings, grating sensation",Osteoarthritis
I cannot sleep because of yellowing of skin and eyes and joint pain.,Hepatitis B
"Suffering from persistent sad empty mood, loss of interest in hobbies, changes in appetite or weight",Major Depressive Disorder
I've been dealing with shortness of breath and lightheadedness and it is getting worse.,Coronary Artery Disease
I'm experiencing vomiting and body aches.,Gastroenteritis
"It started yesterday with muffled hearing, fluid draining from ear and fever.",Otitis Media
Experiencing round coin-sized smooth bald patches on scalp,Alopecia Areata
"I'm experiencing tingling in hands and feet, fatigue and unsteady balance.",Vitamin B12 Deficiency
Feeling redness of skin on leg,Deep Vein Thrombosis
"Patient reports unexplained weight gain, cold intolerance and dry skin with increasing discomfort.",Hypothyroidism
"I have frequent sneezing, itchy watery eyes, clear runny nose and itchy roof of mouth, what could this be?",Allergic Rhinitis
Patient reports fever and rapid shallow breathing with increasing discomfort.,Pleural Effusion
"Over the last 48 hours, I noticed dull aching head pain, tightness across forehead and shoulder tension.",Tension Headache
Feeling nausea with head movement,Benign Paroxysmal Positional Vertigo
I have aura,Epilepsy
Experiencing salt cravings,Addison's Disease
Experiencing acute nasal congestion and headache.,Sinusitis
I have gradual numbness in feet,Peripheral Neuropathy
I have faded colors,Cataract
"Been having animal bite on skin, tingling around bite site, fever",Rabies Exposure
"I've been dealing with corkscrew body hair, bruising easily, joint and muscle aches and slow wound healing and it is getting worse.",Scurvy
"Clinical notes: Patient presenting with wheezing, chest tightness and fatigue.",COPD
"Suffering from runny nose, sneezing, mild headache",Common Cold
Lately I have been feeling persistent excessive worry and sleep disturbance.,Generalized Anxiety Disorder
Feeling loss of appetite,Hepatitis C
"Woke up today with drooping mouth, inability to close one eye and drooling.",Bell's Palsy
Feeling dark urine,Hepatitis A
I have cold sweat,Heart Attack
"Clinical notes: Patient presenting with abrupt high fever, severe crippling joint pain, joint swelling and muscle pain.",Chikungunya
"Feeling bruising easily, fatigue, slow wound healing",Scurvy
"I have rapid heart rate, unintended weight loss, sweating",Hyperthyroidism
"Noticed severe bloating, nausea, unexplained weight loss",Peptic Ulcer
"I've been dealing with chronic pelvic pain, pain when bladder fills and pain during intercourse and it is getting worse.",Interstitial Cystitis
"Over the last 48 hours, I noticed frequent nighttime urination and urinary urgency.",Benign Prostatic Hyperplasia
"Noticed severe foamy urine, nausea, loss of appetite",Chronic Kidney Disease
"Doctor, I've had red swollen tender skin area, skin warm to touch, blisters over red area",Cellulitis
"I have gas and mucus in stool, what could this be?",Irritable Bowel Syndrome
I have shakiness,Hypoglycemia
"Experiencing acute facial pain, thick nasal discharge and headache.",Sinusitis
"I have squeezing chest pain with physical exertion and nausea, what could this be?",Angina Pectoris
Experiencing glare and halos around headlights,Cataract
I have bad breath,Tonsillitis
I have weight loss,Ulcerative Colitis
Experiencing recurrent abdominal cramps,Crohn's Disease
Experiencing symmetrical joint pain in both hands,Rheumatoid Arthritis
Experiencing dark yellow urine,Dehydration
"Suffering from vomiting, low-grade fever, loss of appetite and rebound tenderness, need medical guidance.",Appendicitis
Experiencing acute persistent cough and difficulty breathing.,Asthma
I've been dealing with reduced spine flexibility and fatigue and it is getting worse.,Ankylosing Spondylitis
"Over the last 48 hours, I noticed straining during bowel movements, feeling of incomplete evacuation and abdominal fullness.",Constipation
"Woke up today with pale skin, weakness, cold hands and feet and brittle nails.",Iron Deficiency Anemia
"I cannot sleep because of severe acne, weight gain and ovarian cysts.",Polycystic Ovary Syndrome
"Over the last 48 hours, I noticed fever and fatigue.",COVID-19
Feeling facial redness across cheeks and nose,Rosacea
Feeling crushing chest pain,Heart Attack
Clinical notes: Patient presenting with high fever and fatigue.,Pneumonia
Experiencing neck pain and stiffness,Cervical Spondylosis
"Suffering from red rash localized to area of contact, severe itching, bumps and blisters",Contact Dermatitis
"Been having persistent sad empty mood, loss of interest in hobbies, feelings of worthlessness",Major Depressive Disorder
"Suffering from fatigue, pale stools, yellowing of skin and eyes",Hepatitis A
Experiencing acute nausea and fever.,Pancreatitis
Experiencing excruciating pain around one eye,Cluster Headache
Experiencing fear of being judged or embarrassed,Social Anxiety Disorder
I have slight fatigue,Thalassemia Minor
Feeling sleep disturbances,Fibromyalgia
I feel terrible with severe sore throat and enlarged spleen.,Mononucleosis
"Experiencing unexplained weight gain, muscle weakness, brittle hair",Hypothyroidism
"I have joint pain during or after movement, loss of joint flexibility, grating sensation",Osteoarthritis
"Woke up today with watery diarrhea, stomach cramps and dehydration.",Gastroenteritis
I have chest discomfort,Bronchitis
"I have large waist circumference, high fasting blood glucose, low HDL cholesterol",Metabolic Syndrome
Experiencing belching,Gastritis
Experiencing constipation or diarrhea,Typhoid Fever
Experiencing loss of balance,Stroke
"Experiencing nausea, bloating, belching",Gastritis
"My main issues right now are constant severe lower left abdominal pain, nausea and abdominal tenderness.",Diverticulitis
"Lately I have been feeling morning headache, dizziness and chest tightness.",Hypertension
Feeling prolonged step-ladder fever,Typhoid Fever
"Experiencing acute temporary confusion, loss of consciousness and staring spells.",Epilepsy
"Noticed severe thick nasal discharge, reduced smell, pressure around eyes",Sinusitis
I cannot sleep because of loss of voice and dry throat.,Laryngitis
"Woke up today with weight gain around abdomen, purple stretch marks, easy bruising and muscle weakness.",Cushing's Syndrome
"Suffering from stomach cramps, vomiting, body aches",Gastroenteritis
I have stooped posture,Osteoporosis
"I've been dealing with poor appetite, yellowing of skin and eyes and joint pain and it is getting worse.",Hepatitis B
"Suffering from persistent excessive worry, restlessness, muscle tension and irritability, need medical guidance.",Generalized Anxiety Disorder
Experiencing acute stomach cramps and vomiting.,Gastroenteritis
Feeling fatigue,Fatty Liver Disease
"Doctor, I've had tightness across forehead and shoulder tension for the past few days.",Tension Headache
I cannot sleep because of tingling or numbness in arms or fingers and grinding noise when turning neck.,Cervical Spondylosis
My main issues right now are purple stretch marks and easy bruising.,Cushing's Syndrome
I have body ache,Influenza
"Noticed severe vomiting, low-grade fever, loss of appetite",Appendicitis
"Woke up today with chills, body ache and headache.",Influenza
"Clinical notes: Patient presenting with foamy urine, high blood pressure, facial puffiness in mornings and swollen ankles.",Glomerulonephritis
My main issues right now are faded colors and glare and halos around headlights.,Cataract
"Suffering from dizziness, nosebleeds, blurred vision",Hypertension
"Doctor, I've had nausea, loss of appetite, rebound tenderness",Appendicitis
"Been having sharp shooting pain from lower back down leg, tingling in toes, pain worse when sitting",Sciatica
"Patient reports emotional exhaustion, reduced personal accomplishment and digestive upset with increasing discomfort.",Chronic Stress / Burnout
Experiencing chest pressure on exertion,Coronary Artery Disease
"I have fatigue, feelings of worthlessness, difficulty sleeping",Major Depressive Disorder
"Doctor, I've had extreme fatigue, severe sore throat, headache",Mononucleosis
"I have increased thirst, frequent nighttime urination, darkened skin patches",Diabetes Type 2
"Suffering from rapid heart rate, heat intolerance, sweating",Hyperthyroidism
"Been having high fever, dry cough, headache",Influenza
"It started yesterday with rectal pain, weight loss and fever.",Ulcerative Colitis
I have digestive upset,Chronic Stress / Burnout
"Been having profuse watery diarrhea, rapid dehydration, low blood pressure",Cholera
Experiencing dizziness,Hypoglycemia
"Feeling pounding racing heart, trembling, feeling of choking",Panic Disorder
Experiencing sweating,Panic Disorder
"Suffering from nausea, loss of appetite, metallic taste in mouth",Chronic Kidney Disease
"It started yesterday with sharp ear pain, fluid draining from ear, feeling of fullness in ear and irritability.",Otitis Media
Patient reports small raised bumps and raw sensitive skin from scratching with increasing discomfort.,Eczema
I'm experiencing lingering joint discomfort and limited range of motion.,Gout
"Suffering from muscle stiffness, slow movement, impaired balance",Parkinson's Disease
I have fatigue,Crohn's Disease
"Experiencing excruciating pain around one eye, eye redness, nasal congestion on one side",Cluster Headache
"Suffering from frequent painful urination, blood in urine, low-grade fever",Acute Cystitis
Experiencing acute blackheads and whiteheads and pimples with pus (pustules).,Acne Vulgaris
I have severe sharp flank pain,Kidney Stones
I've been dealing with itchy fluid-filled blisters and red spots on skin and it is getting worse.,Chickenpox
"Over the last 48 hours, I noticed difficulty starting urination and dribbling after urination.",Benign Prostatic Hyperplasia
"Suffering from extreme fatigue, hyperpigmentation (darkened skin), dizziness",Addison's Disease
Patient reports recurrent abdominal cramps and rectal bleeding with increasing discomfort.,Crohn's Disease
Feeling unexplained weight gain,Hypothyroidism
"I have shortness of breath, dry persistent cough, rapid shallow breathing",Pleural Effusion
"Patient reports abdominal cramping, gas, mucus in stool and food intolerance with increasing discomfort.",Irritable Bowel Syndrome
"Doctor, I've had sudden spinning sensation when turning head, dizziness when rolling over in bed, loss of balance and nausea with head movement for the past few days.",Benign Paroxysmal Positional Vertigo
Woke up today with extreme thirst and blurred vision.,Diabetes Type 1
"It started yesterday with muscle cramps and spasms, confusion and numbness in fingers.",Electrolyte Imbalance
"Experiencing facial redness across cheeks and nose, visible broken blood vessels, eye irritation",Rosacea
"Feeling shortness of breath when lying flat, swelling in legs and ankles, persistent fatigue",Heart Failure
"Over the last 48 hours, I noticed high fever, flank pain on one side, shivering chills and nausea.",Pyelonephritis
Experiencing gasping for air during sleep,Sleep Apnea
"Woke up today with shortness of breath, nosebleeds and blurred vision.",Hypertension
"Been having cold intolerance, muscle weakness, brittle hair",Hypothyroidism
Feeling raw sensitive skin from scratching,Eczema
Feeling constant severe lower left abdominal pain,Diverticulitis
"Feeling night sweats, chest pain, fever",Tuberculosis
I have difficulty concentrating,Insomnia Disorder
"Been having difficulty falling asleep, waking up during the night, daytime fatigue",Insomnia Disorder
"I have chronic cough, shortness of breath with exertion, excess sputum and fatigue, what could this be?",COPD
"Experiencing difficulty falling asleep, daytime fatigue, difficulty concentrating",Insomnia Disorder
"I'm experiencing prolonged step-ladder fever, constipation or diarrhea and rose-colored rash.",Typhoid Fever
I cannot sleep because of blushing and sweating around people and avoidance of social situations.,Social Anxiety Disorder
"I'm experiencing excess facial hair, severe acne, thinning hair on scalp and ovarian cysts.",Polycystic Ovary Syndrome
Clinical notes: Patient presenting with severe upper abdominal pain radiating to back and rapid pulse.,Pancreatitis
"I have weakness, cold hands and feet, brittle nails",Iron Deficiency Anemia
"I have shakiness, confusion and blurred vision, what could this be?",Hypoglycemia
"Patient reports shortness of breath with exertion, excess sputum and fatigue with increasing discomfort.",COPD
"Over the last 48 hours, I noticed feeling full too quickly, nausea, dark stools and unexplained weight loss.",Peptic Ulcer
"Patient presenting with bullseye skin rash, fever, fatigue",Lyme Disease
Feeling heartburn,GERD
"Woke up today with fever, tiredness and red spots on skin.",Chickenpox
"Doctor, I've had high fever and body ache for the past few days.",Influenza
"Suffering from fatigue, nausea, dark urine",Hepatitis A
Experiencing thinning hair on scalp,Polycystic Ovary Syndrome
I have skin sensitivity,Shingles
"I have high fever, fatigue, dry cough and sore throat, what could this be?",Influenza
"Woke up today with resting tremor, slow movement, impaired balance and soft voice.",Parkinson's Disease
Woke up today with recurrent abdominal cramps and fatigue.,Crohn's Disease
I'm experiencing pain behind the eyes and joint and muscle ache.,Dengue Fever
"Experiencing acute nausea, light sensitivity and visual aura.",Migraine
Feeling difficulty swallowing,GERD
"Feeling nausea, low-grade fever, rebound tenderness",Appendicitis
"Doctor, I've had blind spots, nausea, light sensitivity",Migraine with Aura
Clinical notes: Patient presenting with poor appetite and dark urine.,Hepatitis B
Feeling itchy fluid-filled blisters,Chickenpox
Experiencing pressure in chest relieved by rest,Angina Pectoris
"I've been dealing with heartburn, acid regurgitation and chronic dry cough and it is getting worse.",GERD
Feeling muscle weakness,Cushing's Syndrome
"I have burning pain in hands, tingling sensations and muscle weakness, what could this be?",Peripheral Neuropathy
"I've been dealing with hyperpigmentation (darkened skin), low blood pressure and dizziness and it is getting worse.",Addison's Disease
"Suffering from dizziness on standing, trembling and extreme fatigue, need medical guidance.",Postural Orthostatic Tachycardia (POTS)
Feeling loss of appetite,Hepatitis A
"I have itchy eyes and crusty eyelids in morning, what could this be?",Conjunctivitis
"Woke up today with loss of interest in hobbies, changes in appetite or weight and feelings of worthlessness.",Major Depressive Disorder
"Over the last 48 hours, I noticed throbbing headache, nausea, sound sensitivity and visual aura.",Migraine
Experiencing lightheadedness,Coronary Artery Disease
"I have fatigue, shortness of breath and body aches, what could this be?",COVID-19
"Suffering from cough with phlegm, shortness of breath, chills and fatigue, need medical guidance.",Pneumonia
I have tremor,Multiple Sclerosis
"Clinical notes: Patient presenting with joint pain during or after movement, grating sensation and bone spurs.",Osteoarthritis
Feeling fatigue,Multiple Sclerosis
"Been having rapid heartbeat, confusion, hunger",Hypoglycemia
"Suffering from smooth red tongue, fatigue and memory problems, need medical guidance.",Vitamin B12 Deficiency
"Patient presenting with smooth red tongue, memory problems, pale or jaundiced skin",Vitamin B12 Deficiency
"Experiencing intense itching worse at night, thin wavy burrow tracks on skin, tiny blisters between fingers wrists and waistline",Scabies
I have rapid shallow breathing,Pleural Effusion
"Over the last 48 hours, I noticed muffled hearing, fever, feeling of fullness in ear and irritability.",Otitis Media
"Patient presenting with burning stomach pain between meals, feeling full too quickly, nausea",Peptic Ulcer
I feel terrible with wheezing and fatigue.,COPD
"It started yesterday with burning sensation when urinating, frequent urge to urinate and cloudy urine.",Urinary Tract Infection
I'm experiencing persistent fatigue and foamy urine.,Chronic Kidney Disease
"Been having burning pain in hands, extreme sensitivity to touch, muscle weakness",Peripheral Neuropathy
"I cannot sleep because of bone pain, frequent infections and hair loss.",Vitamin D Deficiency
"I'm experiencing urgent need to defecate, cramping abdominal pain, rectal pain and weight loss.",Ulcerative Colitis
"Patient reports chills, body ache, dry cough and headache with increasing discomfort.",Influenza
Experiencing shortness of breath,Asthma
"Been having dry cough, fatigue, shortness of breath",COVID-19
"Woke up today with high fever, body ache, fatigue and headache.",Influenza
Patient reports shortness of breath and rapid shallow breathing with increasing discomfort.,Pleural Effusion
"Experiencing upper abdominal pain, burning stomach, bloating",Gastritis
"I have watery diarrhea, mild fever and dehydration, what could this be?",Gastroenteritis
"I cannot sleep because of persistent excessive worry, muscle tension, difficulty concentrating and sleep disturbance.",Generalized Anxiety Disorder
I've been dealing with mucus in stool and food intolerance and it is getting worse.,Irritable Bowel Syndrome
I have severe eye pain with halo around lights,Glaucoma
Feeling small raised bumps,Eczema
Woke up today with abrupt high fever and muscle pain.,Chikungunya
"Experiencing blackheads and whiteheads, tender red bumps (papules), pimples with pus (pustules)",Acne Vulgaris
"Feeling chest pain, chills, fatigue",Pneumonia
"Suffering from runny nose, sneezing, sore throat and mild cough, need medical guidance.",Common Cold
"Doctor, I've had cold intolerance, dry skin, constipation",Hypothyroidism
I feel terrible with facial pain and pressure around eyes.,Sinusitis
My main issues right now are extreme fatigue and headache.,Mononucleosis
"I have fatigue, dull discomfort in upper right abdomen, slight liver enlargement",Fatty Liver Disease
"Doctor, I've had lower abdominal pressure and cloudy foul-smelling urine for the past few days.",Acute Cystitis
"Doctor, I've had itchy fluid-filled blisters, loss of appetite and red spots on skin for the past few days.",Chickenpox
Feeling dry mouth on waking,Sleep Apnea
"Clinical notes: Patient presenting with painful swallowing, fever and bad breath.",Tonsillitis
"I cannot sleep because of sweating, confusion, hunger and blurred vision.",Hypoglycemia
I have high fever,Pyelonephritis
"Feeling sweating, rapid heartbeat, dizziness",Hypoglycemia
"Clinical notes: Patient presenting with large waist circumference, high blood pressure, high fasting blood glucose and high triglycerides.",Metabolic Syndrome
"Over the last 48 hours, I noticed dizziness and lightheadedness.",Arrhythmia
"Doctor, I've had extreme fatigue, pale skin, brittle nails and shortness of breath with mild exertion for the past few days.",Iron Deficiency Anemia
I have dizziness,Addison's Disease
I have smooth red tongue,Vitamin B12 Deficiency
"Patient presenting with cough with phlegm, shortness of breath, rapid breathing",Pneumonia
I feel terrible with difficulty starting urination and urinary urgency.,Benign Prostatic Hyperplasia
Experiencing jaundice,Hepatitis C
It started yesterday with nausea and unexplained weight loss.,Peptic Ulcer
Experiencing dizziness,Arrhythmia
"My main issues right now are pain radiating to lower abdomen and groin, blood in urine and painful urination.",Kidney Stones
"Feeling itchy watery eyes, clear runny nose, nasal congestion",Allergic Rhinitis
"I feel terrible with chest discomfort, mild fever, fatigue and wheezing.",Bronchitis
"Feeling high fever, shivering chills, nausea",Pyelonephritis
"Suffering from feeling full too quickly, bloating and nausea, need medical guidance.",Peptic Ulcer
Experiencing impaired balance,Parkinson's Disease
"I have sudden high fever, joint and muscle ache and skin rash, what could this be?",Dengue Fever
"Experiencing mild upper right abdominal discomfort, jaundice, loss of appetite",Hepatitis C
"Lately I have been feeling temporary numbness on one side, brief speech slurring and transient vision loss.",Transient Ischemic Attack (TIA)
"Lately I have been feeling pain radiating to right shoulder, nausea and vomiting.",Gallstones
"Doctor, I've had difficulty falling asleep, waking up during the night and difficulty concentrating for the past few days.",Insomnia Disorder
Lately I have been feeling fatigue and sore throat.,Influenza
"I cannot sleep because of intense skin itching, small raised bumps and raw sensitive skin from scratching.",Eczema
"Experiencing frequent urge to urinate, cloudy urine, strong smelling urine",Urinary Tract Infection
I have rapid heart rate,Pulmonary Embolism
Experiencing unsteady gait,Multiple Sclerosis
"Woke up today with itchy fluid-filled blisters, fever, headache and red spots on skin.",Chickenpox
"I cannot sleep because of sharp shooting pain from lower back down leg, numbness in leg or foot, tingling in toes and pain worse when sitting.",Sciatica
"I have swelling in legs and ankles, persistent fatigue and rapid weight gain from fluid, what could this be?",Heart Failure
My main issues right now are scalp tenderness and shoulder tension.,Tension Headache
"I have sweating, feeling of choking, fear of losing control",Panic Disorder
Experiencing muscle stiffness,Parkinson's Disease
"Feeling loud snoring, morning headache, dry mouth on waking",Sleep Apnea
"Woke up today with unintended weight loss, heat intolerance, sweating and anxiety.",Hyperthyroidism
"Experiencing chills, body ache, fatigue",Influenza
I feel terrible with dry mouth and infrequent urination.,Dehydration
"Lately I have been feeling slow movement, impaired balance and shuffling gait.",Parkinson's Disease
"My main issues right now are tremor, vision loss in one eye and unsteady gait.",Multiple Sclerosis
"Clinical notes: Patient presenting with dark yellow urine, dry mouth and infrequent urination.",Dehydration
"I feel terrible with vomiting, fever and tenderness to touch.",Pancreatitis
"Suffering from muscle weakness, low mood and hair loss, need medical guidance.",Vitamin D Deficiency
"Lately I have been feeling high fever, cough, red watery eyes and tiny white spots inside mouth.",Measles
Feeling uncontrolled jerking movements,Epilepsy
"Lately I have been feeling joint aches, jaundice and loss of appetite.",Hepatitis C
"Suffering from flank pain on one side, nausea, vomiting and painful frequent urination, need medical guidance.",Pyelonephritis
"Patient presenting with watery diarrhea, vomiting, mild fever",Gastroenteritis
"It started yesterday with sweating, dizziness and confusion.",Hypoglycemia
I have warmth in affected leg,Deep Vein Thrombosis
"Experiencing loss of voice, tickling sensation in throat, dry cough",Laryngitis
"Been having chronic cough, shortness of breath with exertion, chest tightness",COPD
"Noticed severe restlessness, difficulty concentrating, sleep disturbance",Generalized Anxiety Disorder
Experiencing rapid dehydration,Cholera
"Over the last 48 hours, I noticed sudden intense terror, pounding racing heart, sweating and fear of losing control.",Panic Disorder
Feeling numbness and tingling in thumb index and middle fingers,Carpal Tunnel Syndrome
"My main issues right now are frequent urge to urinate, cloudy urine, pelvic pressure and strong smelling urine.",Urinary Tract Infection
"I feel terrible with persistent diarrhea, fatigue, mouth sores and rectal bleeding.",Crohn's Disease
I feel terrible with temporary confusion and aura.,Epilepsy
I cannot sleep because of nausea and painful frequent urination.,Pyelonephritis
"Suffering from blind spots and throbbing head pain, need medical guidance.",Migraine with Aura
"It started yesterday with gas, alternating diarrhea and constipation and mucus in stool.",Irritable Bowel Syndrome
Woke up today with chills and dry cough.,Influenza
Experiencing mucus production,Bronchitis
Experiencing headache,Chickenpox
"Experiencing waking up during the night, daytime fatigue, difficulty concentrating",Insomnia Disorder
"Doctor, I've had irregular heartbeat, dizziness, numbness in fingers",Electrolyte Imbalance
"Over the last 48 hours, I noticed fluid-filled blisters on one side of body, skin sensitivity and itching.",Shingles
Experiencing tenderness to touch,Tendinitis
It started yesterday with body ache and fatigue.,Malaria
"Clinical notes: Patient presenting with abrupt high fever, joint swelling, rash and muscle pain.",Chikungunya
"Experiencing chills, fatigue, stiff neck",Lyme Disease
I have pain radiating up forearm,Carpal Tunnel Syndrome
"Woke up today with pain radiating to lower abdomen and groin, nausea and painful urination.",Kidney Stones
"Doctor, I've had sudden intense terror, chest tightness, trembling and feeling of choking for the past few days.",Panic Disorder
My main issues right now are high fasting blood glucose and low HDL cholesterol.,Metabolic Syndrome
It started yesterday with sudden shortness of breath and sharp chest pain on breathing.,Pulmonary Embolism
"I have wheezing, persistent cough, difficulty breathing",Asthma
"Patient presenting with chills, body aches, swollen lymph nodes",Lyme Disease
"It started yesterday with chest pain, chills, fatigue and rapid breathing.",Pneumonia
Experiencing blurred vision,Hypertension
"It started yesterday with heartburn, difficulty swallowing and sour taste in mouth.",GERD
"I'm experiencing abdominal cramping, bloating, alternating diarrhea and constipation and mucus in stool.",Irritable Bowel Syndrome
"Suffering from numbness in limbs, vision loss in one eye, unsteady gait",Multiple Sclerosis
I have fever,Mononucleosis
"Suffering from coughing blood, night sweats, unexplained weight loss",Tuberculosis
"I cannot sleep because of recurrent abdominal cramps, weight loss and fatigue.",Crohn's Disease
"Experiencing acute circular red itchy rash with raised edges, scaly skin and clear skin in center of ring.",Fungal Skin Infection
Experiencing dry cracked skin patches,Eczema
Feeling morning headache,Hypertension
"Patient reports throbbing headache, light sensitivity and sound sensitivity with increasing discomfort.",Migraine
I cannot sleep because of gradual loss of height over time and stooped posture.,Osteoporosis
"Feeling sharp chest pain on breathing, rapid heart rate, dizziness",Pulmonary Embolism
"Over the last 48 hours, I noticed headache, constipation or diarrhea and extreme fatigue.",Typhoid Fever
"Suffering from throbbing head pain, nausea, light sensitivity",Migraine with Aura
I feel terrible with chest tightness during activity and fatigue.,Aortic Stenosis
I cannot sleep because of intense skin itching and raw sensitive skin from scratching.,Eczema
I have persistent cough for more than 3 weeks,Tuberculosis
"Doctor, I've had tingling around bite site, anxiety, agitation",Rabies Exposure
"Been having pink or red discoloration of eye, watery discharge, crusty eyelids in morning",Conjunctivitis
"Clinical notes: Patient presenting with burning stomach pain between meals, nausea and dark stools.",Peptic Ulcer
"Been having white or yellow coating on tonsils, enlarged tender neck nodes, bad breath",Tonsillitis
I cannot sleep because of loss of joint flexibility and grating sensation.,Osteoarthritis
I have joint stiffness in mornings,Osteoarthritis
"I've been dealing with weak urine stream, difficulty starting urination and dribbling after urination and it is getting worse.",Benign Prostatic Hyperplasia
"Experiencing acute shortness of breath with exertion, excess sputum, wheezing and chest tightness.",COPD
Experiencing confusion,Hypoglycemia
I have straining during bowel movements,Constipation
I have swelling in legs and ankles,Heart Failure
"I cannot sleep because of extreme fatigue, hyperpigmentation (darkened skin) and nausea.",Addison's Disease
"I've been dealing with fluid draining from ear, fever, feeling of fullness in ear and irritability and it is getting worse.",Otitis Media
"Experiencing acute pain radiating to right shoulder, nausea, vomiting and indigestion after fatty meals.",Gallstones
I have arm weakness,Transient Ischemic Attack (TIA)
"Experiencing bleeding gums, corkscrew body hair, bruising easily",Scurvy
"Noticed severe muffled hearing, fluid draining from ear, irritability",Otitis Media
"Suffering from stomach cramps, mild fever, body aches and dehydration, need medical guidance.",Gastroenteritis
"Doctor, I've had chest pain, shortness of breath, chills and fatigue for the past few days.",Pneumonia
"Woke up today with weak urine stream, difficulty starting urination, frequent nighttime urination and dribbling after urination.",Benign Prostatic Hyperplasia
"Doctor, I've had itchy fluid-filled blisters, loss of appetite, red spots on skin",Chickenpox
I have shortness of breath,Pleural Effusion
Experiencing palpitations,Postural Orthostatic Tachycardia (POTS)
"I've been dealing with weak urine stream, difficulty starting urination, frequent nighttime urination and urinary urgency and it is getting worse.",Benign Prostatic Hyperplasia
"Experiencing acute inability to close one eye, drooling and loss of taste.",Bell's Palsy
"Experiencing acute shakiness, dizziness, hunger and blurred vision.",Hypoglycemia
I have crusty eyelids in morning,Conjunctivitis
I have abrupt high fever,Chikungunya
"My main issues right now are chills, fatigue, body aches and stiff neck.",Lyme Disease
"Noticed severe fatigue, poor appetite, joint pain",Hepatitis B
Experiencing morning joint stiffness lasting >1 hour,Rheumatoid Arthritis
"Over the last 48 hours, I noticed weight gain around abdomen, purple stretch marks and easy bruising.",Cushing's Syndrome
"My main issues right now are red swollen tonsils, painful swallowing, enlarged tender neck nodes and bad breath.",Tonsillitis
"Doctor, I've had fatigue, changes in appetite or weight, feelings of worthlessness",Major Depressive Disorder
Clinical notes: Patient presenting with bloating and gas.,Irritable Bowel Syndrome
My main issues right now are dry cough and fatigue.,COVID-19
"Noticed severe resting tremor, impaired balance, shuffling gait",Parkinson's Disease
"Over the last 48 hours, I noticed muscle cramps and spasms and dizziness.",Electrolyte Imbalance
"My main issues right now are pale skin, cold hands and feet and brittle nails.",Iron Deficiency Anemia
"Doctor, I've had bone pain, muscle weakness, frequent infections",Vitamin D Deficiency
Feeling heat intolerance,Hyperthyroidism
"Been having cloudy or blurry vision, faded colors, frequent eyeglasses changes",Cataract
"Lately I have been feeling constant severe lower left abdominal pain, constipation, bloating and abdominal tenderness.",Diverticulitis
Experiencing visible broken blood vessels,Rosacea
"I cannot sleep because of flank pain on one side, nausea and vomiting.",Pyelonephritis
"Patient presenting with persistent sad empty mood, fatigue, difficulty sleeping",Major Depressive Disorder
"Noticed severe frequent nighttime urination, dribbling after urination, urinary urgency",Benign Prostatic Hyperplasia
"Doctor, I've had cyclical high fever, headache and fatigue for the past few days.",Malaria
"I cannot sleep because of bullseye skin rash, fever and stiff neck.",Lyme Disease
"Suffering from sharp ear pain, muffled hearing and fever, need medical guidance.",Otitis Media
"Over the last 48 hours, I noticed irregular periods and severe acne.",Polycystic Ovary Syndrome
"Suffering from hard dry stools and feeling of incomplete evacuation, need medical guidance.",Constipation
Clinical notes: Patient presenting with chest pain on deep inhalation and dry persistent cough.,Pleural Effusion
"Been having widespread musculoskeletal pain, chronic fatigue, cognitive brain fog",Fibromyalgia
Feeling wheezing,Bronchitis
"Suffering from frequent urination, extreme hunger, blurred vision",Diabetes Type 1
"Patient presenting with fatigue, stiff neck, swollen lymph nodes",Lyme Disease
"Doctor, I've had bullseye skin rash, body aches, stiff neck",Lyme Disease
"It started yesterday with animal bite on skin, headache, anxiety and agitation.",Rabies Exposure
Patient reports sharp ear pain and muffled hearing with increasing discomfort.,Otitis Media
"Doctor, I've had extreme thirst and unintended weight loss for the past few days.",Diabetes Type 1
Experiencing itchy eyes,Conjunctivitis
"Suffering from recurrent abdominal cramps, persistent diarrhea, rectal bleeding",Crohn's Disease
"Woke up today with fluttering in chest, lightheadedness and fainting episodes.",Arrhythmia
I have mild fever,Gastroenteritis
I feel terrible with cold hands and feet and brittle nails.,Iron Deficiency Anemia
"Suffering from unintended weight loss, heat intolerance and anxiety, need medical guidance.",Hyperthyroidism
"I'm experiencing burning localized pain, fluid-filled blisters on one side of body and skin sensitivity.",Shingles
"Experiencing bone pain, low mood, hair loss",Vitamin D Deficiency
"I have chronic cough and wheezing, what could this be?",COPD
"It started yesterday with swollen lymph nodes in neck, enlarged spleen and headache.",Mononucleosis
Patient reports sudden facial drooping and loss of balance with increasing discomfort.,Stroke
"Feeling sneezing, mild cough, mild headache",Common Cold
"Suffering from burning stomach, loss of appetite, belching",Gastritis
Experiencing sudden severe pain in upper right abdomen,Gallstones
"Feeling bullseye skin rash, fever, body aches",Lyme Disease
"Lately I have been feeling persistent fatigue, foamy urine, nausea and metallic taste in mouth.",Chronic Kidney Disease
I have flank pain on one side,Pyelonephritis
"Suffering from morning headache, shortness of breath, blurred vision",Hypertension
"Doctor, I've had chest tightness, feeling of choking and fear of losing control for the past few days.",Panic Disorder
I have frequent nighttime urination,Diabetes Type 2
I cannot sleep because of fatigue and dark urine.,Hepatitis A
"Experiencing extreme thirst, unintended weight loss, blurred vision",Diabetes Type 1
Woke up today with heat intolerance and bulging eyes.,Hyperthyroidism
"Over the last 48 hours, I noticed vision loss in one eye and unsteady gait.",Multiple Sclerosis
Feeling dizziness when rolling over in bed,Benign Paroxysmal Positional Vertigo
"Suffering from dizziness, hunger, blurred vision",Hypoglycemia
Clinical notes: Patient presenting with flank pain on one side and nausea.,Pyelonephritis
I've been dealing with muscle weakness and frequent infections and it is getting worse.,Vitamin D Deficiency
"Been having fatigue, poor appetite, nausea",Hepatitis B
Experiencing slight liver enlargement,Fatty Liver Disease
"Doctor, I've had heartburn and sour taste in mouth for the past few days.",GERD
"Doctor, I've had corkscrew body hair, joint and muscle aches, fatigue and slow wound healing for the past few days.",Scurvy
It started yesterday with excruciating pain around one eye and nasal congestion on one side.,Cluster Headache
"I've been dealing with chest burning, difficulty swallowing and chronic dry cough and it is getting worse.",GERD
"Doctor, I've had bleeding gums and corkscrew body hair for the past few days.",Scurvy
I have painful swallowing,Tonsillitis
"Suffering from itchy fluid-filled blisters, loss of appetite and headache, need medical guidance.",Chickenpox
"Patient presenting with chronic cough, wheezing, chest tightness",COPD
I have pain worse when sitting,Sciatica
"It started yesterday with vomiting, rapid dehydration and sunken eyes.",Cholera
"Doctor, I've had fever, loss of taste or smell, sore throat and body aches for the past few days.",COVID-19
"I have shortness of breath when lying flat, swelling in legs and ankles, wheezing",Heart Failure
Feeling neck stiffness,Tension Headache
"Noticed severe light sensitivity, sound sensitivity, dizziness",Migraine
Experiencing brief speech slurring,Transient Ischemic Attack (TIA)
"I cannot sleep because of itchy fluid-filled blisters, fever, tiredness and red spots on skin.",Chickenpox
"I have night sweats, unexplained weight loss, chest pain",Tuberculosis
Feeling gritty feeling in eye,Conjunctivitis
I've been dealing with prolonged bleeding from small cuts and nosebleeds and it is getting worse.,Thrombocytopenia
"Clinical notes: Patient presenting with recurrent abdominal cramps, weight loss, fatigue and mouth sores.",Crohn's Disease
"Patient reports resting tremor, slow movement and shuffling gait with increasing discomfort.",Parkinson's Disease
"Doctor, I've had body ache and fatigue for the past few days.",Influenza
"I have crushing chest pain, pain radiating to left arm neck or jaw, severe nausea",Heart Attack
"Suffering from prolonged step-ladder fever, stomach pain and extreme fatigue, need medical guidance.",Typhoid Fever
"Woke up today with facial pain, nasal congestion, reduced smell and pressure around eyes.",Sinusitis
My main issues right now are bullseye skin rash and body aches.,Lyme Disease
"Experiencing excess sputum, wheezing, fatigue",COPD
It started yesterday with slow heartbeat and lightheadedness.,Arrhythmia
"Lately I have been feeling shakiness, rapid heartbeat, dizziness and confusion.",Hypoglycemia
"Experiencing acute emotional exhaustion, reduced personal accomplishment, frequent headaches and digestive upset.",Chronic Stress / Burnout
I have sharp lower right abdominal pain,Appendicitis
"Suffering from chest burning and chronic dry cough, need medical guidance.",GERD
"Patient presenting with nausea, vomiting, rapid pulse",Pancreatitis
Feeling rash,Chikungunya
My main issues right now are scratchy feeling and blurred vision after reading.,Dry Eye Syndrome
"I have shortness of breath with exertion, wheezing, chest tightness",COPD
"Patient reports upper abdominal pain, burning stomach, bloating and loss of appetite with increasing discomfort.",Gastritis
I have drooping mouth,Bell's Palsy
"Suffering from shortness of breath, chest tightness, persistent cough",Asthma
"I feel terrible with fever, anxiety and agitation.",Rabies Exposure
"Doctor, I've had emotional exhaustion, reduced personal accomplishment, chronic physical fatigue and frequent headaches for the past few days.",Chronic Stress / Burnout
Feeling nausea,Chronic Kidney Disease
Experiencing muscle weakness,Vitamin D Deficiency
"Patient reports mucus production, chest discomfort and fatigue with increasing discomfort.",Bronchitis
I have impaired balance,Parkinson's Disease
Patient reports breathlessness with exercise and fatigue with increasing discomfort.,Aortic Stenosis
"Suffering from severe sharp flank pain, pain radiating to lower abdomen and groin and blood in urine, need medical guidance.",Kidney Stones
"Over the last 48 hours, I noticed nausea and visual aura.",Migraine
"Lately I have been feeling slow movement, impaired balance and soft voice.",Parkinson's Disease
"Woke up today with shortness of breath, dry persistent cough and fever.",Pleural Effusion
"Woke up today with bright red rectal bleeding, itching around anus and pain during bowel movements.",Hemorrhoids
Experiencing nasal congestion,Allergic Rhinitis
My main issues right now are high fasting blood glucose and high triglycerides.,Metabolic Syndrome
Feeling severe sore throat,Mononucleosis
Patient reports extreme thirst and extreme hunger with increasing discomfort.,Diabetes Type 1
"Experiencing recurrent abdominal cramps, persistent diarrhea, mouth sores",Crohn's Disease
"I'm experiencing throbbing headache, nausea, light sensitivity and dizziness.",Migraine
Feeling red watery eyes,Measles
Clinical notes: Patient presenting with burning pain in hands and extreme sensitivity to touch.,Peripheral Neuropathy
Experiencing muscle pain,Chikungunya
"Patient reports shortness of breath when lying flat, swelling in legs and ankles and wheezing with increasing discomfort.",Heart Failure
Woke up today with excess sputum and wheezing.,COPD
"Patient reports itchy fluid-filled blisters, fever, loss of appetite and headache with increasing discomfort.",Chickenpox
I have belching,Gastritis
"Clinical notes: Patient presenting with abrupt high fever, severe crippling joint pain, muscle pain and headache.",Chikungunya
"Doctor, I've had fever, loss of appetite, headache and red spots on skin for the past few days.",Chickenpox
"Over the last 48 hours, I noticed corkscrew body hair, bruising easily and joint and muscle aches.",Scurvy
"My main issues right now are extreme thirst, frequent urination, unintended weight loss and blurred vision.",Diabetes Type 1
"Suffering from rapid heart rate, unintended weight loss, heat intolerance",Hyperthyroidism
"I cannot sleep because of burning sensation in eyes, scratchy feeling, stringy mucus in eyes and blurred vision after reading.",Dry Eye Syndrome
I feel terrible with trembling hands and bulging eyes.,Hyperthyroidism
Lately I have been feeling red swollen tender skin area and rapidly expanding redness.,Cellulitis
"I feel terrible with extreme fatigue, hyperpigmentation (darkened skin), low blood pressure and dizziness.",Addison's Disease
Feeling extreme fatigue,Postural Orthostatic Tachycardia (POTS)
"Doctor, I've had persistent diarrhea, fatigue, rectal bleeding",Crohn's Disease
"Patient reports brief speech slurring, transient vision loss and arm weakness with increasing discomfort.",Transient Ischemic Attack (TIA)
"Suffering from uncontrolled jerking movements, temporary confusion, aura",Epilepsy
"My main issues right now are cloudy or blurry vision, glare and halos around headlights and frequent eyeglasses changes.",Cataract
"Over the last 48 hours, I noticed persistent cough, mucus production and chest discomfort.",Bronchitis
"I've been dealing with red rash localized to area of contact, bumps and blisters and burning sensation and it is getting worse.",Contact Dermatitis
Experiencing brain fog,Postural Orthostatic Tachycardia (POTS)
I cannot sleep because of shortness of breath and difficulty breathing.,Asthma
Feeling persistent excessive worry,Generalized Anxiety Disorder
"Suffering from recurrent abdominal cramps, persistent diarrhea and weight loss, need medical guidance.",Crohn's Disease
Feeling blushing and sweating around people,Social Anxiety Disorder
Experiencing shortness of breath when lying flat,Heart Failure
Clinical notes: Patient presenting with lower abdominal pressure and low-grade fever.,Acute Cystitis
Experiencing acute circular red itchy rash with raised edges and cracked skin.,Fungal Skin Infection
"Over the last 48 hours, I noticed red to brownish-gray patches, small raised bumps and raw sensitive skin from scratching.",Eczema
I cannot sleep because of coughing blood and unexplained weight loss.,Tuberculosis
I have reduced spine flexibility,Ankylosing Spondylitis
"Feeling swelling in ankles and feet, persistent fatigue, metallic taste in mouth",Chronic Kidney Disease
Experiencing sore throat,COVID-19
"It started yesterday with fever, fatigue, shortness of breath and body aches.",COVID-19
I cannot sleep because of nausea and loss of appetite.,Appendicitis
"Woke up today with difficulty falling asleep, waking up too early, irritability and difficulty concentrating.",Insomnia Disorder
I have headache,Malaria
"Suffering from tingling in hands and feet, fatigue, unsteady balance",Vitamin B12 Deficiency
"I feel terrible with shakiness, sweating, dizziness and hunger.",Hypoglycemia
"I cannot sleep because of extreme fatigue, cold hands and feet and shortness of breath with mild exertion.",Iron Deficiency Anemia
"I feel terrible with morning headache, nosebleeds and chest tightness.",Hypertension
Feeling nasal congestion,Common Cold
"Been having chronic fatigue, sleep disturbances, cognitive brain fog",Fibromyalgia
Feeling bright red rectal bleeding,Hemorrhoids
Feeling tightness across forehead,Tension Headache
I have bruising easily,Scurvy
Experiencing frequent urination,Diabetes Type 1
"Patient presenting with uncontrolled jerking movements, temporary confusion, staring spells",Epilepsy
Experiencing prolonged step-ladder fever,Typhoid Fever
Lately I have been feeling persistent cough and chest discomfort.,Bronchitis
Experiencing fatigue,Aortic Stenosis
"Suffering from confusion, dizziness, numbness in fingers and extreme fatigue, need medical guidance.",Electrolyte Imbalance
"I have fever, enlarged spleen, headache",Mononucleosis
"It started yesterday with mild upper right abdominal discomfort, jaundice and loss of appetite.",Hepatitis C
"Over the last 48 hours, I noticed acid regurgitation, difficulty swallowing, chronic dry cough and sour taste in mouth.",GERD
"It started yesterday with dry cough, loss of taste or smell, sore throat and body aches.",COVID-19
"I cannot sleep because of difficulty starting urination, dribbling after urination and urinary urgency.",Benign Prostatic Hyperplasia
My main issues right now are fatigue and difficulty sleeping.,Major Depressive Disorder
"Experiencing acute fatigue, yellowing of skin and eyes and dark urine.",Hepatitis B
I have loss of taste,Bell's Palsy
"Experiencing dark yellow urine, infrequent urination, sunken eyes",Dehydration
"Clinical notes: Patient presenting with fatigue, yellowing of skin and eyes and loss of appetite.",Hepatitis A
It started yesterday with red swollen tonsils and swollen neck lymph nodes.,Pharyngitis
Experiencing facial redness across cheeks and nose,Rosacea
"Suffering from urgent need to defecate, weight loss, fever",Ulcerative Colitis
"I have fever, body aches, stiff neck",Lyme Disease
"Doctor, I've had pale skin, weakness, cold hands and feet",Iron Deficiency Anemia
I've been dealing with loss of joint flexibility and bone spurs and it is getting worse.,Osteoarthritis
"Clinical notes: Patient presenting with runny nose, tiny white spots inside mouth and blotchy skin rash.",Measles
I have back pain caused by collapsed vertebra,Osteoporosis
I've been dealing with fainting or dizziness upon standing and fatigue and it is getting worse.,Aortic Stenosis
"Woke up today with red rash localized to area of contact, dry cracked scaly skin and burning sensation.",Contact Dermatitis
"Doctor, I've had tingling in hands and feet, fatigue, darkened skin patches",Diabetes Type 2
"Lately I have been feeling crushing chest pain, cold sweat and dizziness.",Heart Attack
Experiencing nausea,Appendicitis
Feeling runny nose,Measles
"I'm experiencing heartburn, acid regurgitation, chest burning and difficulty swallowing.",GERD
Feeling hand weakness,Carpal Tunnel Syndrome
"Lately I have been feeling joint pain during or after movement, joint stiffness in mornings and grating sensation.",Osteoarthritis
"I have vomiting, loss of appetite and rebound tenderness, what could this be?",Appendicitis
"Over the last 48 hours, I noticed sharp lower right abdominal pain, low-grade fever and rebound tenderness.",Appendicitis
I've been dealing with burning localized pain and fever and it is getting worse.,Shingles
"Suffering from corkscrew body hair and bruising easily, need medical guidance.",Scurvy
"Doctor, I've had arm weakness, sudden severe headache, vision loss",Stroke
Experiencing headache starting at back of neck,Cervical Spondylosis
I've been dealing with shortness of breath and severe nausea and it is getting worse.,Heart Attack
I have weight gain,Polycystic Ovary Syndrome
"Suffering from high fever, red watery eyes, tiny white spots inside mouth",Measles
Clinical notes: Patient presenting with high fever and sore throat.,Influenza
Experiencing acute hunger and blurred vision.,Hypoglycemia
Feeling back pain caused by collapsed vertebra,Osteoporosis
My main issues right now are slow-healing cuts and darkened skin patches.,Diabetes Type 2
"My main issues right now are bone pain, frequent infections, chronic fatigue and hair loss.",Vitamin D Deficiency
"I'm experiencing night sweats, chest pain and fever.",Tuberculosis
Experiencing acute persistent cough for more than 3 weeks and coughing blood.,Tuberculosis
Feeling skin peeling,Fungal Skin Infection
"Clinical notes: Patient presenting with cyclical high fever, shivering chills and profuse sweating.",Malaria
"My main issues right now are bone pain, muscle weakness, chronic fatigue and low mood.",Vitamin D Deficiency
"Experiencing acute nausea, rapid pulse, fever and tenderness to touch.",Pancreatitis
"Experiencing constant severe lower left abdominal pain, nausea, constipation",Diverticulitis
Feeling dry cracked skin that may bleed,Psoriasis
I have sneezing,Common Cold
"Experiencing acute chronic diarrhea, gas and skin rash.",Celiac Disease
"Lately I have been feeling burning sensation in eyes, scratchy feeling and blurred vision after reading.",Dry Eye Syndrome
I've been dealing with sharp chest pain worse when lying down and fever and it is getting worse.,Pericarditis
I have tender trigger points,Fibromyalgia
"I have shivering chills, vomiting, painful frequent urination",Pyelonephritis
Feeling pain worse in mornings and improves with exercise,Ankylosing Spondylitis
"Been having muscle cramps and spasms, dizziness, numbness in fingers",Electrolyte Imbalance
"My main issues right now are uncontrolled jerking movements, temporary confusion and aura.",Epilepsy
"Suffering from heat intolerance, sweating and bulging eyes, need medical guidance.",Hyperthyroidism
"I have pink or cola-colored urine, high blood pressure, facial puffiness in mornings",Glomerulonephritis
"I'm experiencing burning pain in hands, tingling sensations, extreme sensitivity to touch and muscle weakness.",Peripheral Neuropathy
"Suffering from sudden severe pain in upper right abdomen, nausea, indigestion after fatty meals",Gallstones
"Patient presenting with dark yellow urine, dry mouth, sunken eyes",Dehydration
"Doctor, I've had swelling in ankles and feet, persistent fatigue, foamy urine and metallic taste in mouth for the past few days.",Chronic Kidney Disease
"Over the last 48 hours, I noticed red skin patches covered with thick silvery scales, itching or burning skin and pitted thickened nails.",Psoriasis
I have extreme fatigue,Iron Deficiency Anemia
"Feeling tenderness to touch, mild swelling, joint stiffness near shoulder elbow or heel",Tendinitis
Feeling constipation,Diverticulitis
"I feel terrible with abdominal cramping, gas and food intolerance.",Irritable Bowel Syndrome
"Noticed severe recurrent abdominal cramps, weight loss, rectal bleeding",Crohn's Disease
"I've been dealing with pain radiating to lower abdomen and groin, blood in urine and nausea and it is getting worse.",Kidney Stones
"Lately I have been feeling upper abdominal pain, bloating and belching.",Gastritis
I feel terrible with urgent need to defecate and weight loss.,Ulcerative Colitis
"Suffering from upper abdominal pain, burning stomach, belching",Gastritis
"Over the last 48 hours, I noticed warmth in affected leg and redness of skin on leg.",Deep Vein Thrombosis
I have mild fever,Bronchitis
"I'm experiencing sudden high fever, severe headache, skin rash and mild bleeding.",Dengue Fever
Experiencing excess sputum,COPD
"I cannot sleep because of visual flashes, blind spots, nausea and light sensitivity.",Migraine with Aura
"It started yesterday with loud snoring, gasping for air during sleep and excessive daytime sleepiness.",Sleep Apnea
"I cannot sleep because of nausea, vomiting and low-grade fever.",Appendicitis
Experiencing frequent eyeglasses changes,Cataract
Feeling vomiting,Gallstones
"My main issues right now are severe itching, bumps and blisters and burning sensation.",Contact Dermatitis
Experiencing coughing blood,Pulmonary Embolism
Feeling high fasting blood glucose,Metabolic Syndrome
"Doctor, I've had swelling in one calf or leg, warmth in affected leg and redness of skin on leg for the past few days.",Deep Vein Thrombosis
I'm experiencing pain radiating to left arm neck or jaw and severe nausea.,Heart Attack
"Experiencing acute morning headache, dizziness, shortness of breath and nosebleeds.",Hypertension
"Patient reports dry mouth, dizziness upon standing, infrequent urination and sunken eyes with increasing discomfort.",Dehydration
I've been dealing with nausea and constipation and it is getting worse.,Diverticulitis
"Doctor, I've had loss of voice, tickling sensation in throat, dry throat",Laryngitis
"I have red swollen tonsils, fever, bad breath",Tonsillitis
"It started yesterday with sudden high fever, severe headache and joint and muscle ache.",Dengue Fever
"Patient presenting with sudden shortness of breath, sharp chest pain on breathing, dizziness",Pulmonary Embolism
"Doctor, I've had thinning hair on scalp and weight gain for the past few days.",Polycystic Ovary Syndrome
"Feeling chronic diarrhea, fatigue, skin rash",Celiac Disease
I have vomiting,Appendicitis
Experiencing mild upper right abdominal discomfort,Hepatitis C
"I feel terrible with sharp stabbing facial pain, electric shock sensation in cheek and pain triggered by chewing or brushing teeth.",Trigeminal Neuralgia
"I've been dealing with shortness of breath, chest tightness and persistent cough and it is getting worse.",Asthma
"Suffering from abrupt high fever, severe crippling joint pain, rash",Chikungunya
"Over the last 48 hours, I noticed sudden severe pain in upper right abdomen, pain radiating to right shoulder and nausea.",Gallstones
"Patient presenting with fatigue, abdominal pain, loss of appetite",Hepatitis A
It started yesterday with morning headache and chest tightness.,Hypertension
I'm experiencing red sores around nose and mouth and sores rupture and form honey-colored crusts.,Impetigo
"Doctor, I've had stomach pain and rose-colored rash for the past few days.",Typhoid Fever
"Noticed severe persistent cough for more than 3 weeks, coughing blood, unexplained weight loss",Tuberculosis
"Suffering from fatigue, yellowing of skin and eyes, nausea",Hepatitis B
"My main issues right now are high fever, runny nose and blotchy skin rash.",Measles
Feeling fever,Mononucleosis
Experiencing body aches,COVID-19
"Experiencing acute bloody diarrhea, cramping abdominal pain and fever.",Ulcerative Colitis
"Doctor, I've had round moon face, easy bruising, high blood pressure",Cushing's Syndrome
I have lightheadedness,Coronary Artery Disease
Feeling swollen lymph nodes,Lyme Disease
I've been dealing with chills and rapid breathing and it is getting worse.,Pneumonia
"I'm experiencing trembling, feeling of choking and fear of losing control.",Panic Disorder
"Woke up today with sharp lower right abdominal pain, vomiting, low-grade fever and loss of appetite.",Appendicitis
"Patient presenting with shivering chills, headache, nausea",Malaria
"Doctor, I've had sudden intense terror, pounding racing heart, trembling and feeling of choking for the past few days.",Panic Disorder
"Patient reports extreme fatigue, fever and severe sore throat with increasing discomfort.",Mononucleosis
I feel terrible with constipation and bloating.,Diverticulitis
I have dry throat,Laryngitis
"Suffering from chronic lower back pain and stiffness, reduced spine flexibility, fatigue",Ankylosing Spondylitis
I have eye redness,Cluster Headache
I feel terrible with pain with swallowing and fever.,Pharyngitis
"Doctor, I've had cramping leg pain when walking (claudication), coldness in lower leg or foot, slow-healing sores on toes",Peripheral Artery Disease
"Patient presenting with abdominal cramping, alternating diarrhea and constipation, food intolerance",Irritable Bowel Syndrome
"Experiencing stomach pain, constipation or diarrhea, extreme fatigue",Typhoid Fever
"It started yesterday with dark yellow urine, dizziness upon standing, infrequent urination and sunken eyes.",Dehydration
"Experiencing acute persistent excessive worry, difficulty concentrating, irritability and sleep disturbance.",Generalized Anxiety Disorder
I have transient vision loss,Transient Ischemic Attack (TIA)
"Clinical notes: Patient presenting with extreme thirst, extreme hunger and blurred vision.",Diabetes Type 1
Experiencing acute joint swelling and rash.,Chikungunya
It started yesterday with frequent sneezing and clear runny nose.,Allergic Rhinitis
Experiencing fatigue,COVID-19
Feeling itching around anus,Hemorrhoids
"Over the last 48 hours, I noticed burning stomach pain between meals, bloating, nausea and dark stools.",Peptic Ulcer
Experiencing tiredness,Chickenpox
Experiencing low-grade fever,Appendicitis
Feeling easy or excessive bruising,Thrombocytopenia
I have enlarged spleen,Mononucleosis
Experiencing burning stomach,Gastritis
Clinical notes: Patient presenting with painful swallowing and enlarged tender neck nodes.,Tonsillitis
"Experiencing acute burning stomach pain between meals, feeling full too quickly, nausea and dark stools.",Peptic Ulcer
"Patient reports heartburn, chest burning and sour taste in mouth with increasing discomfort.",GERD
"I have mucus production, fatigue, wheezing",Bronchitis
"Lately I have been feeling excess facial hair, severe acne, thinning hair on scalp and weight gain.",Polycystic Ovary Syndrome
"Doctor, I've had frequent nighttime urination, slow-healing cuts, tingling in hands and feet and fatigue for the past few days.",Diabetes Type 2
"Doctor, I've had facial redness across cheeks and nose, visible broken blood vessels and eye irritation for the past few days.",Rosacea
"Doctor, I've had poor night vision and frequent eyeglasses changes for the past few days.",Cataract
I have limited range of motion,Gout
"Feeling fluid-filled blisters on one side of body, skin sensitivity, fever",Shingles
"Woke up today with increased thirst, tingling in hands and feet and darkened skin patches.",Diabetes Type 2
I have chronic diarrhea,Celiac Disease
Experiencing high fever,Measles
I have fever,Rabies Exposure
"Patient presenting with flank pain on one side, nausea, painful frequent urination",Pyelonephritis
"Doctor, I've had rapid dehydration, muscle cramps, sunken eyes",Cholera
Experiencing frequent painful urination,Acute Cystitis
"Woke up today with fluttering in chest, dizziness and lightheadedness.",Arrhythmia
"Suffering from headache, rose-colored rash, extreme fatigue",Typhoid Fever
"It started yesterday with high fever, flank pain on one side, shivering chills and vomiting.",Pyelonephritis
I have pale stools,Hepatitis A
"I have sharp stabbing facial pain and spontaneous facial spasms, what could this be?",Trigeminal Neuralgia
Experiencing fatigue,Lyme Disease
"Suffering from crushing chest pain, cold sweat, severe nausea",Heart Attack
"Doctor, I've had morning headache, blurred vision and chest tightness for the past few days.",Hypertension
I have trembling,Panic Disorder
"I'm experiencing chest pressure on exertion, fatigue, pain radiating to jaw or left arm and lightheadedness.",Coronary Artery Disease
"Suffering from pain worse in mornings and improves with exercise, reduced spine flexibility and fatigue, need medical guidance.",Ankylosing Spondylitis
I cannot sleep because of thinning hair on scalp and ovarian cysts.,Polycystic Ovary Syndrome
"Doctor, I've had muffled hearing, fluid draining from ear, fever and feeling of fullness in ear for the past few days.",Otitis Media
"I'm experiencing chronic lower back pain and stiffness, pain worse in mornings and improves with exercise, reduced spine flexibility and fatigue.",Ankylosing Spondylitis
I cannot sleep because of itchy fluid-filled blisters and headache.,Chickenpox
"Woke up today with chest pressure on exertion, shortness of breath and lightheadedness.",Coronary Artery Disease
I have vision loss in one eye,Multiple Sclerosis
"I'm experiencing chronic cough, excess sputum and fatigue.",COPD
Clinical notes: Patient presenting with weight gain around abdomen and muscle weakness.,Cushing's Syndrome
"I have sweating, confusion, blurred vision",Hypoglycemia
"My main issues right now are facial redness across cheeks and nose, swollen red bumps resembling acne and eye irritation.",Rosacea
"Lately I have been feeling cough, runny nose, tiny white spots inside mouth and blotchy skin rash.",Measles
My main issues right now are red rash localized to area of contact and severe itching.,Contact Dermatitis
"Suffering from hoarseness, loss of voice, tickling sensation in throat and dry cough, need medical guidance.",Laryngitis
Feeling grating sensation,Osteoarthritis
"Woke up today with chest burning, difficulty swallowing, chronic dry cough and sour taste in mouth.",GERD
"Experiencing acute tingling around bite site, headache and anxiety.",Rabies Exposure
"Experiencing muffled hearing, fever, irritability",Otitis Media
"I feel terrible with increased thirst, tingling in hands and feet, fatigue and darkened skin patches.",Diabetes Type 2
"Over the last 48 hours, I noticed chest pressure on exertion, fatigue and lightheadedness.",Coronary Artery Disease
"I've been dealing with irregular heartbeat, confusion and dizziness and it is getting worse.",Electrolyte Imbalance
"Experiencing acute tightness across forehead, scalp tenderness, neck stiffness and shoulder tension.",Tension Headache
"Feeling joint and muscle aches, fatigue, slow wound healing",Scurvy
"Suffering from nausea, vomiting and tenderness to touch, need medical guidance.",Pancreatitis
Experiencing sudden hair loss,Alopecia Areata
"Doctor, I've had hyperpigmentation (darkened skin), low blood pressure, salt cravings and dizziness for the past few days.",Addison's Disease
Woke up today with nasal congestion and reduced smell.,Sinusitis
Experiencing mild fever,Gastroenteritis
"Lately I have been feeling recurrent abdominal cramps, persistent diarrhea, fatigue and rectal bleeding.",Crohn's Disease
"Patient presenting with sudden facial drooping, loss of balance, vision loss",Stroke
Feeling burning sensation,Contact Dermatitis
Woke up today with fever and abdominal tenderness.,Diverticulitis
"I've been dealing with shortness of breath when lying flat, persistent fatigue and wheezing and it is getting worse.",Heart Failure
"Suffering from muscle cramps and spasms, irregular heartbeat, numbness in fingers",Electrolyte Imbalance
I feel terrible with gradual numbness in feet and muscle weakness.,Peripheral Neuropathy
Experiencing increased thirst,Diabetes Type 2
Lately I have been feeling weight gain around abdomen and easy bruising.,Cushing's Syndrome
"Over the last 48 hours, I noticed intense skin itching, dry cracked skin patches and raw sensitive skin from scratching.",Eczema
"Noticed severe high fever, chest pain, rapid breathing",Pneumonia
Woke up today with faded colors and frequent eyeglasses changes.,Cataract
"Been having nausea, mild fever, body aches",Gastroenteritis
"I have sudden intense joint pain in big toe, lingering joint discomfort and limited range of motion, what could this be?",Gout
"Suffering from fatigue, poor appetite and dark urine, need medical guidance.",Hepatitis B
Feeling fatigue,Hypothyroidism
"Suffering from nausea, abdominal pain, dark urine",Hepatitis A
"Suffering from stomach pain, rose-colored rash, extreme fatigue",Typhoid Fever
Feeling frequent painful urination,Acute Cystitis
I'm experiencing rash and muscle pain.,Chikungunya
Feeling lightheadedness,Arrhythmia
"Doctor, I've had gradual numbness in feet, tingling sensations, muscle weakness",Peripheral Neuropathy
"I'm experiencing burning pain in hands, extreme sensitivity to touch and muscle weakness.",Peripheral Neuropathy
"Feeling sudden hair loss, exclamation point hairs, pitted fingernails",Alopecia Areata
"Suffering from nasal congestion on one side and restlessness, need medical guidance.",Cluster Headache
"Feeling cloudy or blurry vision, glare and halos around headlights, frequent eyeglasses changes",Cataract
"My main issues right now are sharp ear pain, muffled hearing, fluid draining from ear and fever.",Otitis Media
"I've been dealing with slurred speech, loss of balance and vision loss and it is getting worse.",Stroke
"Woke up today with visual flashes, blind spots, tingling in face or hands and nausea.",Migraine with Aura
"Lately I have been feeling excess sputum, wheezing and chest tightness.",COPD
"I cannot sleep because of flank pain on one side, shivering chills and painful frequent urination.",Pyelonephritis
Experiencing microcytic red blood cells on lab work,Thalassemia Minor
"Experiencing yellowing of skin and eyes, dark urine, joint pain",Hepatitis B
"I cannot sleep because of muffled hearing, fever and irritability.",Otitis Media
Feeling weight gain around abdomen,Cushing's Syndrome
I've been dealing with rapidly expanding redness and blisters over red area and it is getting worse.,Cellulitis
"I cannot sleep because of racing heartbeat, slow heartbeat, dizziness and fainting episodes.",Arrhythmia
Lately I have been feeling loss of interest in hobbies and changes in appetite or weight.,Major Depressive Disorder
"I have muscle stiffness, slow movement and soft voice, what could this be?",Parkinson's Disease
"Doctor, I've had shakiness, sweating, confusion",Hypoglycemia
"Patient presenting with prolonged step-ladder fever, headache, extreme fatigue",Typhoid Fever
"It started yesterday with extreme fatigue, pale skin and shortness of breath with mild exertion.",Iron Deficiency Anemia
"I'm experiencing prolonged step-ladder fever, headache and stomach pain.",Typhoid Fever
"I feel terrible with watery diarrhea, nausea, vomiting and dehydration.",Gastroenteritis
"Clinical notes: Patient presenting with chills, fatigue and body aches.",Lyme Disease
"Patient presenting with bright red rectal bleeding, itching around anus, swelling or lump near anus",Hemorrhoids
"Feeling heartburn, acid regurgitation, difficulty swallowing",GERD
"Suffering from persistent excessive worry, muscle tension, difficulty concentrating",Generalized Anxiety Disorder
"I have urgent need to defecate, cramping abdominal pain, weight loss and fever, what could this be?",Ulcerative Colitis
"Been having sound sensitivity, visual aura, dizziness",Migraine
"Feeling sharp ear pain, fever, irritability",Otitis Media
"Been having red rash localized to area of contact, bumps and blisters, burning sensation",Contact Dermatitis
Lately I have been feeling shakiness and hunger.,Hypoglycemia
"Patient reports rash, muscle pain and headache with increasing discomfort.",Chikungunya
"I've been dealing with uncontrolled jerking movements, staring spells and aura and it is getting worse.",Epilepsy
"Feeling pain radiating to lower abdomen and groin, blood in urine, nausea",Kidney Stones
"I feel terrible with memory problems, unsteady balance and pale or jaundiced skin.",Vitamin B12 Deficiency
Feeling chills,Influenza
"Doctor, I've had morning headache, excessive daytime sleepiness, dry mouth on waking",Sleep Apnea
Experiencing watery discharge,Conjunctivitis
"I've been dealing with bloating, gas and fatigue and it is getting worse.",Celiac Disease
"Woke up today with extreme thirst, dark yellow urine, infrequent urination and sunken eyes.",Dehydration
"Patient presenting with slow movement, impaired balance, soft voice",Parkinson's Disease
I have fatigue,Influenza
"Suffering from bloating and belching, need medical guidance.",Gastritis
Feeling shuffling gait,Parkinson's Disease
Feeling stomach cramps,Gastroenteritis
"I'm experiencing breathlessness with exercise, chest tightness during activity and heart murmur.",Aortic Stenosis
Feeling dizziness upon standing,Dehydration
"Suffering from bloody diarrhea, rectal pain, fever",Ulcerative Colitis
"Feeling resting tremor, muscle stiffness, impaired balance",Parkinson's Disease
I cannot sleep because of pain when bladder fills and pain during intercourse.,Interstitial Cystitis
"Experiencing acute gas, weight loss and skin rash.",Celiac Disease
"Suffering from muffled hearing, fluid draining from ear, feeling of fullness in ear",Otitis Media
"Woke up today with feeling full too quickly, bloating, nausea and unexplained weight loss.",Peptic Ulcer
"Experiencing resting tremor, muscle stiffness, slow movement",Parkinson's Disease
"Experiencing nausea, vomiting, tenderness to touch",Pancreatitis
"Clinical notes: Patient presenting with nausea, bloating and belching.",Gastritis
"I cannot sleep because of upper abdominal pain, nausea, loss of appetite and belching.",Gastritis
I've been dealing with mucus production and mild fever and it is getting worse.,Bronchitis
"Patient reports shortness of breath, chills, fatigue and rapid breathing with increasing discomfort.",Pneumonia
"I'm experiencing sudden high fever, pain behind the eyes, skin rash and mild bleeding.",Dengue Fever
"Been having dry cracked skin patches, red to brownish-gray patches, raw sensitive skin from scratching",Eczema
"Patient reports stinging eyes, scratchy feeling and blurred vision after reading with increasing discomfort.",Dry Eye Syndrome
"Experiencing increased thirst, tingling in hands and feet, darkened skin patches",Diabetes Type 2
"Patient presenting with extreme fatigue, low blood pressure, dizziness",Addison's Disease
"Doctor, I've had upper abdominal pain and bloating for the past few days.",Gastritis
"Experiencing joint aches, mild upper right abdominal discomfort, loss of appetite",Hepatitis C
"Patient presenting with hard dry stools, straining during bowel movements, bloating",Constipation
"Suffering from slurred speech and vision loss, need medical guidance.",Stroke
"My main issues right now are tingling in face or hands, throbbing head pain and nausea.",Migraine with Aura
"I have chest tightness during activity, fainting or dizziness upon standing and fatigue, what could this be?",Aortic Stenosis
I feel terrible with chest discomfort and wheezing.,Bronchitis
I feel terrible with sudden high fever and pain behind the eyes.,Dengue Fever
"My main issues right now are sharp chest pain on breathing, rapid heart rate and coughing blood.",Pulmonary Embolism
I have mild headache,Common Cold
"Feeling sudden high fever, skin rash, mild bleeding",Dengue Fever
"I have runny nose, nasal congestion, mild headache",Common Cold
Experiencing bone pain,Vitamin D Deficiency
"I've been dealing with sudden one-sided facial paralysis, inability to close one eye and drooling and it is getting worse.",Bell's Palsy
"Doctor, I've had burning localized pain, fluid-filled blisters on one side of body, fever",Shingles
"Over the last 48 hours, I noticed acid regurgitation and sour taste in mouth.",GERD
I have rose-colored rash,Typhoid Fever
Experiencing tender trigger points,Fibromyalgia
Feeling painless sores,Impetigo
Feeling persistent diarrhea,Crohn's Disease
"Experiencing pale skin, weakness, shortness of breath with mild exertion",Iron Deficiency Anemia
"Patient reports sweating, trembling and feeling of choking with increasing discomfort.",Panic Disorder
I cannot sleep because of red skin patches covered with thick silvery scales and dry cracked skin that may bleed.,Psoriasis
My main issues right now are chronic fatigue and sleep disturbances.,Fibromyalgia
"I'm experiencing profuse watery diarrhea, vomiting, rapid dehydration and muscle cramps.",Cholera
"It started yesterday with mild fever, body aches and dehydration.",Gastroenteritis
Experiencing acid regurgitation,GERD
Feeling easy bruising,Cushing's Syndrome
I cannot sleep because of high fever and cough.,Measles
"I cannot sleep because of sharp lower right abdominal pain, nausea, vomiting and loss of appetite.",Appendicitis
"Patient presenting with frequent painful urination, lower abdominal pressure, blood in urine",Acute Cystitis
Experiencing burning stomach pain between meals,Peptic Ulcer
"Over the last 48 hours, I noticed high blood pressure and high triglycerides.",Metabolic Syndrome
"Patient reports sneezing, mild cough and nasal congestion with increasing discomfort.",Common Cold
Feeling severe eye pain with halo around lights,Glaucoma
"Clinical notes: Patient presenting with burning stomach pain between meals, feeling full too quickly, bloating and nausea.",Peptic Ulcer
I have agitation,Rabies Exposure
"Over the last 48 hours, I noticed chest pain, shortness of breath and rapid breathing.",Pneumonia
Feeling watery discharge,Conjunctivitis
Feeling bumps and blisters,Contact Dermatitis
"I cannot sleep because of mild chronic anemia, slight fatigue and pale appearance.",Thalassemia Minor
"Over the last 48 hours, I noticed fatigue and stiff neck.",Lyme Disease
"I have sound sensitivity and dizziness, what could this be?",Migraine
"Suffering from numbness in limbs, vision loss in one eye, fatigue and unsteady gait, need medical guidance.",Multiple Sclerosis
"Suffering from recurrent abdominal cramps, persistent diarrhea, fatigue",Crohn's Disease
"I'm experiencing fever, loss of taste or smell, shortness of breath and body aches.",COVID-19
"Suffering from constant severe lower left abdominal pain, nausea, bloating",Diverticulitis
"Suffering from purple stretch marks and muscle weakness, need medical guidance.",Cushing's Syndrome
"Doctor, I've had cramping abdominal pain, weight loss and fever for the past few days.",Ulcerative Colitis
Experiencing fear of losing control,Panic Disorder
"Suffering from brain fog, trembling, extreme fatigue",Postural Orthostatic Tachycardia (POTS)
Feeling fatigue,Diabetes Type 1
"Experiencing acute confusion, numbness in fingers and extreme fatigue.",Electrolyte Imbalance
Feeling recurrent abdominal cramps,Crohn's Disease
"Clinical notes: Patient presenting with frequent painful urination, cloudy foul-smelling urine, blood in urine and low-grade fever.",Acute Cystitis
I have unexplained weight gain,Hypothyroidism
"I feel terrible with high fever, cough and blotchy skin rash.",Measles
"I feel terrible with frequent painful urination, lower abdominal pressure and cloudy foul-smelling urine.",Acute Cystitis
Feeling lower abdominal pressure,Acute Cystitis
Woke up today with profuse watery diarrhea and muscle cramps.,Cholera
"Suffering from frequent urge to urinate and strong smelling urine, need medical guidance.",Urinary Tract Infection
"Patient reports gradual numbness in feet, burning pain in hands and muscle weakness with increasing discomfort.",Peripheral Neuropathy
Experiencing bloody diarrhea,Ulcerative Colitis
"Experiencing chronic cough, excess sputum, wheezing",COPD
"Doctor, I've had red rash localized to area of contact, severe itching and dry cracked scaly skin for the past few days.",Contact Dermatitis
"Doctor, I've had burning stomach, nausea, loss of appetite",Gastritis
"Feeling pink or red discoloration of eye, itchy eyes, watery discharge",Conjunctivitis
"I've been dealing with high blood pressure, high triglycerides and low HDL cholesterol and it is getting worse.",Metabolic Syndrome
"Doctor, I've had upper abdominal pain, nausea, bloating",Gastritis
Feeling avoidance of social situations,Social Anxiety Disorder
I cannot sleep because of upper abdominal pain and burning stomach.,Gastritis
Experiencing acute profuse sweating and nausea.,Malaria
"Been having dry cough, shortness of breath, sore throat",COVID-19
"It started yesterday with facial pain, reduced smell and pressure around eyes.",Sinusitis
Experiencing extreme fatigue,Electrolyte Imbalance
Lately I have been feeling extreme fatigue and palpitations.,Postural Orthostatic Tachycardia (POTS)
"Noticed severe smooth red tongue, fatigue, pale or jaundiced skin",Vitamin B12 Deficiency
It started yesterday with muscle weakness and low mood.,Vitamin D Deficiency
I cannot sleep because of shortness of breath and fatigue.,Coronary Artery Disease
"Patient reports nausea, vomiting and body aches with increasing discomfort.",Gastroenteritis
"Woke up today with facial pain, headache, reduced smell and pressure around eyes.",Sinusitis
"I cannot sleep because of sudden facial drooping, sudden severe headache and vision loss.",Stroke
I have pain radiating to lower abdomen and groin,Kidney Stones
"I feel terrible with rapid heartbeat, dizziness and hunger.",Hypoglycemia
"Patient presenting with frequent nighttime urination, fatigue, darkened skin patches",Diabetes Type 2
"I'm experiencing crushing chest pain, pain radiating to left arm neck or jaw, cold sweat and shortness of breath.",Heart Attack
I have runny nose,Common Cold
"Been having waking up during the night, waking up too early, difficulty concentrating",Insomnia Disorder
"I feel terrible with prolonged step-ladder fever, stomach pain and constipation or diarrhea.",Typhoid Fever
"Feeling straining during bowel movements, feeling of incomplete evacuation, abdominal fullness",Constipation
Experiencing weight loss,Ulcerative Colitis
"Over the last 48 hours, I noticed heat intolerance and sweating.",Hyperthyroidism
"Feeling dull discomfort in upper right abdomen, slight liver enlargement, elevated liver enzymes",Fatty Liver Disease
"I cannot sleep because of cough, runny nose, red watery eyes and blotchy skin rash.",Measles
"Experiencing acute arm weakness, slurred speech, sudden severe headache and vision loss.",Stroke
"I feel terrible with slurred speech, sudden severe headache and loss of balance.",Stroke
"Experiencing acute swelling that changes shape and location, intense itching and burning sensation on skin.",Urticaria
Feeling squeezing chest pain with physical exertion,Angina Pectoris
"Experiencing sharp ear pain, feeling of fullness in ear, irritability",Otitis Media
"I cannot sleep because of increased thirst, frequent nighttime urination, tingling in hands and feet and fatigue.",Diabetes Type 2
I cannot sleep because of abdominal pain and pale stools.,Hepatitis A
I'm experiencing severe headache and joint and muscle ache.,Dengue Fever
I have pain with joint pressure,Bursitis
"Been having excess facial hair, severe acne, ovarian cysts",Polycystic Ovary Syndrome
"Feeling chest tightness, trembling, feeling of choking",Panic Disorder
"Suffering from crushing chest pain and dizziness, need medical guidance.",Heart Attack
Feeling joint pain,Hepatitis B
"Over the last 48 hours, I noticed frequent nighttime urination, slow-healing cuts, tingling in hands and feet and darkened skin patches.",Diabetes Type 2
"Suffering from abdominal pain and loss of appetite, need medical guidance.",Hepatitis A
"Been having tightness across forehead, neck stiffness, shoulder tension",Tension Headache
I have nasal congestion,Sinusitis
"Experiencing acute high fever, chest pain, chills and rapid breathing.",Pneumonia
I have intense itching worse at night,Scabies
"I feel terrible with uncontrolled jerking movements, temporary confusion and loss of consciousness.",Epilepsy
"Doctor, I've had stomach cramps, nausea, mild fever",Gastroenteritis
"Noticed severe drooping mouth, inability to close one eye, loss of taste",Bell's Palsy
"Doctor, I've had extreme fatigue, enlarged spleen and headache for the past few days.",Mononucleosis
"I have round moon face, purple stretch marks, high blood pressure",Cushing's Syndrome
"Doctor, I've had joint pain during or after movement, joint stiffness in mornings, grating sensation and bone spurs for the past few days.",Osteoarthritis
"Suffering from profuse watery diarrhea, vomiting, rapid dehydration",Cholera
"Feeling fever, shortness of breath, body aches",COVID-19
I have body ache,Malaria
Experiencing abdominal cramping,Irritable Bowel Syndrome
"I cannot sleep because of chest pressure on exertion, fatigue and pain radiating to jaw or left arm.",Coronary Artery Disease
I have swelling and redness of big toe,Gout
"I've been dealing with dull aching head pain, tightness across forehead, scalp tenderness and neck stiffness and it is getting worse.",Tension Headache
"It started yesterday with extreme thirst, unintended weight loss, extreme hunger and blurred vision.",Diabetes Type 1
I have enlarged tender neck nodes,Tonsillitis
Feeling extreme sensitivity to touch,Peripheral Neuropathy
"It started yesterday with extreme thirst, dry mouth and infrequent urination.",Dehydration
Experiencing bumps and blisters,Contact Dermatitis
"It started yesterday with fatigue, muscle weakness and brittle hair.",Hypothyroidism
"I'm experiencing chronic cough, shortness of breath with exertion, excess sputum and chest tightness.",COPD
"Over the last 48 hours, I noticed high fever, shivering chills, vomiting and painful frequent urination.",Pyelonephritis
"Been having fatigue, unexplained weight gain, cold intolerance",Hypothyroidism
